strain	num_date	region	country	division	Nextstrain_clade	pango_lineage	Nextclade_pango	emerging_lineage	host	author	genbank_accession	nextclade_mutations	date	decimal_date	year	length	age	sex	latitude	longitude
TUN/COV0880/2020	2020.239	Africa	Tunisia	Tunisia	19A	B.4	B.4	19A	Homo sapiens	Fares et al	MT499216	S:Y279N	2020-03-28	2020.239	2020	29782	39	NA	33.654143	9.065134
Homosampiens/CHN/AY009/2020	2020.064	Asia	China	Anyan	19B	A	A	19B	Homo sapiens	Si et al	MZ317956		2020-01-24	2020.064	2020	29739	NA	M	33.394333	104.689839
KHM/Kunming_kms-2/2020	2020.22	Asia	Cambodia	Phnom Penh	19B	A.6	A	19B	Homo sapiens	Li et al	MW341443	S:A829T	2020-03-21	2020.22	2020	29607	41	M	13	105
URY/Mdeo-1/2020	2020.198	South America	Uruguay	Uruguay	19B	A.5	A.5	19B	Homo sapiens	Panzera et al	MT466071		2020-03-13	2020.198	2020	29815	NA	F	-33	-56
GTM/UGA-25027860/2021	2021.475	North America	Guatemala	Guatemala	19B	A.2.5	A.2.5	19B	Homo sapiens	Direct Submission et al	OP313984	S:L141-,S:G142-,S:V143-,S:L452R,S:D614G	2021-06-23	2021.475	2021	29795	67	F	15.6356088	-89.8988087
GTM/UGA-1050289/2021	2021.385	North America	Guatemala	Guatemala	19B	A.2.5	A.2.5	19B	Homo sapiens	Direct Submission et al	OP313880	S:L141-,S:G142-,S:V143-,S:L452R,S:D614G,S:F374Y	2021-05-21	2021.385	2021	29899	27	M	15.6356088	-89.8988087
UZB/hCoV-19-Uzb-CGB-25/2020	2020.933	Asia	Uzbekistan	Tashkent	19B	A.24	A	19B	Homo sapiens	Ayubov et al	MW853569	S:E96D,S:W258L,S:D839G,S:D950H	2020-12-07	2020.933	2020	29606	NA	M	41.32373	63.9528098
PAK/AKUs11/2020	2020.214	Asia	Pakistan	Pakistan	19B	A	A	19B	Homo sapiens	Ghanchi et al	MT730117		2020-03-19	2020.214	2020	29612	56	F	30	70
BEN/1950/2020	2020.288	Africa	Benin	Benin	19B	A	A	19B	Homo sapiens	Sander et al	MT653079		2020-04-15	2020.288	2020	29795	NA	M	9.961027	2.327362
SLE/KGH-G-8626/2020	2020.275	Africa	Sierra Leone	Sierra Leone	19B	A.12	A	19B	Homo sapiens	Goba et al	MT872492		2020-04-10	2020.275	2020	29707	32	NA	8.6400349	-11.8400269
Homosampiens/CHN/20200110402/2020	2020.026	Asia	China	Hubei	19A	B	B	19A	Homo sapiens	Si et al	MZ317954		2020-01-10	2020.026	2020	29678	NA	F	33.394333	104.689839
Homosampiens/CHN/0530_07TY/2020	2020.411	Asia	China	Hubei	19A	B	B	19A	Homo sapiens	Si et al	MZ317935		2020-05-30	2020.411	2020	29659	56	NA	33.394333	104.689839
Homosampiens/CHN/0601_14TY/2020	2020.417	Asia	China	Hubei	19A	B	B	19A	Homo sapiens	Si et al	MZ317937		2020-06-01	2020.417	2020	29676	52	NA	33.394333	104.689839
IND/GMCKN443/2020	2020.206	Asia	India	India	19A	B.6	B.6	19A	Homo sapiens	Kammili et al	MT415322		2020-03-16	2020.206	2020	29795	NA	NA	21.077353	78.723951
PAK/KP-RMI-01/2020	2020.419	Asia	Pakistan	Pakistan	19A	B.6	B.6	19A	Homo sapiens	Ali et al	MW242667		2020-06-02	2020.419	2020	29747	57	NA	30	70
IND/THSTI-BAL-39/2020	2020.266	Asia	India	India	19A	B.6	B.6	19A	Homo sapiens	Kumar et al	MZ356522		2020-04-07	2020.266	2020	29869	35	F	21.077353	78.723951
EGY/EGY_CCHE57357_P_34/2020	2020.586	Africa	Egypt	Egypt	19A	B.1	B	19A	Homo sapiens	Hatem et al	MW467500	S:D614G	2020-08-02	2020.586	2020	29684	34	F	26.8206	30.8025
CHN/SH-P212-D-2-Wuhan/2020	2020.102	Asia	China	China	19A	B.1	B.1	19A	Homo sapiens	Lv et al	OR240416	S:D614G	2020-02-07	2020.102	2020	29656	35	NA	33.394333	104.689839
ETH/S15/2021	2021.33	Africa	Ethiopia	Addis Ababa	20A	B.1	B.1	20A	Homo sapiens	Bitew et al	OL840816	S:D614G,S:T676I	2021-05-01	2021.33	2021	29696	NA	M	9.145	40.4897
CHN/SH-P88-3-Europe-France/2020	2020.22	Asia	China	China	20C	B.1.572	B.1	20C	Homo sapiens	Lv et al	OR240708	S:D614G	2020-03-21	2020.22	2020	29844	49	NA	33.394333	104.689839
LR963402	2020.165	Africa	Zimbabwe	Matabeleland North	20C	B.1	B.1	20C	Homo sapiens	Alikhan et al	LR963402	S:D614G	2020-03-01	2020.165	2020	29619	39	F	-18.4554963	29.7468414
USA/TX-DSHS-1576/2020	2020.48	North America	USA	Texas	20G	B.1.2	B.1.2	20G	Homo sapiens	Pokharel et al	MW369362	S:D614G	2020-06-24	2020.48	2020	29796	NA	NA	38.916963	-98.891372
KEN/K99058/2020	2020.873	Africa	Kenya	Kenya	20C	B.1.596.1	B.1.596.1	20C	Homo sapiens	Githinji et al	OK449122	S:D614G,S:T73I	2020-11-15	2020.873	2020	29778	NA	M	0.0236	37.9062
NOR/Bergen-01/2020	2020.212	Europe	Norway	Vestland	20C	B.1	B.1	20C	Homo sapiens	Zhou et al	OM616023	S:D614G,S:R682L	2020-03-18	2020.212	2020	29792	NA	NA	61.3109	8.73701
ISR/NH_GD3_0726/2020	2020.567	Asia	Israel	Israel	20C	B.1.504	B.1	20C	Homo sapiens	Zaide et al	MW201578	S:D614G	2020-07-26	2020.567	2020	29903	80	F	31.217736	34.903129
CAN/COVID_CRCHUM_Post_Freeze_3/2020	2020.676	North America	Canada	Canada	20C	B.1.505	B.1.505	20C	Homo sapiens	Benoit et al	MW309437	S:D614G	2020-09-04	2020.676	2020	29763	31	NA	61.0666922	-107.991707
PRY/202102780_631471/2021	2021.084	South America	Paraguay	Paraguay	20C	B.1.499	B.1.499	20C	Homo sapiens	Vazquez et al	ON017377	S:D614G,S:T478R	2021-01-31	2021.084	2021	29698	38	M	-23.3165935	-58.1693445
NGA/CV301/2020	2020.668	Africa	Nigeria	Nigeria	20C	B.1.336	B.1	20C	Homo sapiens	Olawoye et al	OQ050477	S:D614G,S:D1163Y	2020-09-01	2020.668	2020	29653	41	NA	10	8
USA/CA-CZB-5173/2020	2020.613	North America	USA	California	20C	B.1.320	B.1.320	20C	Homo sapiens	Consortium et al	MZ842671	S:D614G,S:P681H	2020-08-12	2020.613	2020	29747	41	NA	38.916963	-98.891372
PHL/210430-1/2021	2021.316	Asia	Philippines	Philippines	20H (Beta)	B.1.351	B.1.351	20H	Homo sapiens	Zhao et al	OL989090	S:D614G,S:D80A,S:D215G,S:L241-,S:L242-,S:A243-,S:K417N,S:E484K,S:N501Y,S:A701V,S:A27S,S:K1086N	2021-04-26	2021.316	2021	29642	62	NA	11.383086	123.521862
PHL/COVID55604/2021	2021.232	Asia	Philippines	Calabarzon	20H (Beta)	B.1.351	B.1.351	20H	Homo sapiens	Velasco et al	MZ068156	S:D614G,S:D80A,S:D215G,S:L241-,S:L242-,S:A243-,S:K417N,S:E484K,S:N501Y,S:A701V,S:A27S	2021-03-26	2021.232	2021	29605	23	NA	11.383086	123.521862
PHL/COVID53656/2021	2021.221	Asia	Philippines	Manila	20H (Beta)	B.1.351	B.1.351	20H	Homo sapiens	Velasco et al	MZ068154	S:D614G,S:D80A,S:D215G,S:L241-,S:L242-,S:A243-,S:K417N,S:E484K,S:N501Y,S:A701V,S:A27S	2021-03-22	2021.221	2021	29696	77	M	11.383086	123.521862
PHL/COVID-74969/2021	2021.503	Asia	Philippines	Philippines	20H (Beta)	B.1.351	B.1.351	20H	Homo sapiens	Velasco et al	OL629471	S:D614G,S:D80A,S:D215G,S:L241-,S:L242-,S:A243-,S:K417N,S:E484K,S:N501Y,S:A701V,S:A27S,S:D138Y,S:H245Y	2021-07-03	2021.503	2021	29662	15	NA	11.383086	123.521862
TZA/KIDH-02B06/2021	2021.242	Africa	Tanzania	Tanzania	20H (Beta)	B.1.351	B.1.351	20H	Homo sapiens	Mziray et al	OP236821	S:D614G,S:D80A,S:D215G,S:L241-,S:L242-,S:A243-,S:K417N,S:E484K,S:N501Y,S:A701V,S:L18F	2021-03-30	2021.242	2021	29680	50	NA	-6.5247123	35.7878438
TZA/KIDH-01B10/2021	2021.062	Africa	Tanzania	Tanzania	20H (Beta)	B.1.351	B.1.351	20H	Homo sapiens	Mziray et al	OP236816	S:D614G,S:D80A,S:D215G,S:L241-,S:L242-,S:A243-,S:K417N,S:E484K,S:N501Y,S:A701V,S:L18F	2021-01-23	2021.062	2021	29642	NA	NA	-6.5247123	35.7878438
CHN/GDIPH-GDPCC-04/2021	2021.07	Asia	China	Guangdong	20H (Beta)	B.1.351	B.1.351	20H	Homo sapiens	Zhou et al	PP226969	S:D614G,S:D80A,S:D215G,S:L241-,S:K417N,S:E484K,S:N501Y,S:A701V,S:L18F,S:A243P	2021-01-26	2021.07	2021	29690	30	NA	33.394333	104.689839
CHN/GDIPH-GDPCC-05/2021	2021.07	Asia	China	Guangdong	20H (Beta)	B.1.351	B.1.351	20H	Homo sapiens	Zhou et al	PP226970	S:D614G,S:D80A,S:D215G,S:L241-,S:K417N,S:E484K,S:N501Y,S:A701V,S:L18F,S:A243P	2021-01-26	2021.07	2021	29610	NA	F	33.394333	104.689839
SOM/NAMRU3_Mog_42/2021	2021.16	Africa	Somalia	Somalia	20H (Beta)	B.1.351	B.1.351	20H	Homo sapiens	Arnold et al	OK018331	S:D614G,S:D80A,S:D215G,S:L241-,S:L242-,S:A243-,S:K417N,S:E484K,S:N501Y,S:A701V,S:L18F	2021-02-28	2021.16	2021	29809	NA	NA	8.3676771	49.083416
TUR/KOC-IST-SP3/2020	2020.378	Europe	Turkey	Turkey	20A	B.1.9.5	B.1.9	20A	Homo sapiens	Ozer et al	MW199143	S:D614G	2020-05-18	2020.378	2020	29633	50	NA	39.046746	36.767068
OZ286432	2021.785	Europe	Spain	Madrid Area	21H (Mu)	B.1.621	B.1.621	21H	Homo sapiens	Perales et al	OZ286432	S:D614G,S:T95I,S:Y144S,S:Y145N,S:R346K,S:E484K,S:N501Y,S:P681H,S:D950N,S:P26L,S:M153T,S:P1162S	2021-10-14	2021.785	2021	29752	NA	M	40.4637	-3.7492
COL/LIME_37141/2021	2021.755	South America	Colombia	Colombia	21H (Mu)	B.1.621	B.1.621	21H	Homo sapiens	Murillo et al	OP303169	S:D614G,S:T95I,S:Y144S,S:Y145N,S:R346K,S:E484K,S:N501Y,S:P681H,S:D950N	2021-10-03	2021.755	2021	29806	44	NA	2.893108	-73.7845142
ESP/MD-HGUGM-5603548/2021	2021.464	Europe	Spain	Spain	21H (Mu)	B.1.621	B.1.621	21H	Homo sapiens	Penas Utrilla et al	OQ080079	S:D614G,S:T95I,S:Y144S,S:Y145N,S:R346K,S:E484K,S:N501Y,S:P681H,S:D950N	2021-06-19	2021.464	2021	29879	56	NA	40.4637	-3.7492
ESP/MD-HGUGM-5592078/2021	2021.267	Europe	Spain	Spain	21H (Mu)	B.1.621	B.1.621	21H	Homo sapiens	Penas Utrilla et al	OQ080078	S:D614G,S:T95I,S:Y144S,S:Y145N,S:R346K,S:E484K,S:N501Y,S:P681H,S:D950N	2021-04-08	2021.267	2021	29797	55	NA	40.4637	-3.7492
IDN/10761001081/2021	2021.327	Asia	Indonesia	Banten	20A	B.1.466.2	B.1.466.2	20A	Homo sapiens	Lokida et al	PX063711	S:D614G,S:N439K,S:P681R	2021-04-30	2021.327	2021	29786	NA	F	-0.897599	114.181602
CHN/S147-1288-245897/2021	2021.273	Asia	China	China	20A	B.1.466.2	B.1.466.2	20A	Homo sapiens	Wang et al	PP380198	S:D614G,S:N439K,S:P681R	2021-04-10	2021.273	2021	29869	56	NA	33.394333	104.689839
IDN/RSDS-RCVTD-UNAIR-35-B/2020	2020.48	Asia	Indonesia	Indonesia	20A	B.1	B.1	20A	Homo sapiens	Rantam et al	MZ570273	S:D614G,S:D215Y,S:E484D,S:S708F	2020-06-24	2020.48	2020	29617	57	F	-0.897599	114.181602
IND/GBRC-386a/2020	2020.526	Asia	India	Gujarat	20A	B.1.36.8	B.1.36	20A	Homo sapiens	Ansari et al	MT953996	S:D614G,S:P812L	2020-07-11	2020.526	2020	29843	NA	M	21.077353	78.723951
IND/KA-NIMH-SEQ-101/2020	2020.999	Asia	India	Karnataka	20A	B.1.36.29	B.1.36.29	20A	Homo sapiens	Pattabiraman et al	OM073895	S:D614G,S:N440K	2020-12-31	2020.999	2020	29696	36	NA	21.077353	78.723951
PAK/JRCGR-KHI47/2020	2020.608	Asia	Pakistan	Sindh	20A	B.1.36	B.1.36	20A	Homo sapiens	Shakeel et al	MW447640	S:D614G,S:Q677H	2020-08-10	2020.608	2020	29706	30	M	30	70
SWE/Artic_22/2021	2021.001	Europe	Sweden	Orebro	20E	B.1.177	B.1.177	20E	Homo sapiens	Koskela von Sydow et al	OP585715	S:D614G,S:A222V,S:A1020V	2021-01-01	2021.001	2021	29652	48	M	59.6749712	14.5208584
Switzerland/ZH-ETHZ-531225/2020	2020.851	Europe	Switzerland	Zürich	20E	B.1.177.77	B.1.177.77	20E	Homo sapiens	?	OU196219	S:D614G,S:A222V	2020-11-07	2020.851	2020	29811	NA	M	46.8182	8.2275
Ferret/ESP/USA/2020	2020.652	Europe	Spain	Spain	20E	B.1.177	B.1.177	20E	Mustela putorius furo	Barroso-Arevalo et al	MZ082987	S:D614G,S:A222V	2020-08-26	2020.652	2020	29820	60	M	40.4637	-3.7492
CHN/S151-1422-257759/2021	2021.341	Asia	China	China	20E	B.1.177	B.1.177	20E	Homo sapiens	Wang et al	PP380202	S:D614G,S:A222V,S:T1009I	2021-05-05	2021.341	2021	29679	36	M	33.394333	104.689839
CZE/IAB_18/2020	2020.236	Europe	Czech Republic	Czech Republic	20A	B.1	B.1	20A	Homo sapiens	Broz et al	MT517430	S:D614G	2020-03-27	2020.236	2020	29754	34	M	49.8175	15.473
LBY/BTRCLibyaSARS-CoV-2WGS-12/2021	2021.152	Africa	Libya	Libya	21D (Eta)	B.1.525	B.1.525	21D	Homo sapiens	Alhudiri et al	MZ054868	S:D614G,S:E484K,S:A67V,S:H69-,S:V70-,S:Y144-,S:Q677H,S:F888L	2021-02-25	2021.152	2021	29697	NA	NA	26.4215275	17.30331995251014
NGA/BCVL-22371/2021	2021.089	Africa	Nigeria	Oyo State	21D (Eta)	B.1.525	B.1.525	21D	Homo sapiens	Lorenzo-Redondo et al	OL601722	S:D614G,S:E484K,S:A67V,S:H69-,S:V70-,S:Y144-,S:Q677H,S:F888L,S:Q52R,S:V615I	2021-02-02	2021.089	2021	29819	5	NA	10	8
MLI/MAL0143/2021	2021.577	Africa	Mali	Bamako	21D (Eta)	B.1.525	B.1.525	21D	Homo sapiens	Lorenzo-Redondo et al	OL601961	S:D614G,S:E484K,S:A67V,S:H69-,S:V70-,S:Y144-,S:Q677H,S:F888L,S:Q52R,S:K150N	2021-07-30	2021.577	2021	29751	25	F	16.3700359	-2.2900239
NGA/CV1123/2021	2021.289	Africa	Nigeria	Nigeria	21D (Eta)	B.1.525	B.1.525	21D	Homo sapiens	Olawoye et al	OQ050286	S:D614G,S:E484K,S:A67V,S:H69-,S:V70-,S:Y144-,S:Q677H,S:F888L,S:Q52R	2021-04-16	2021.289	2021	29664	52	M	10	8
CHN/SH-P175-4-Asia-UAE/2020	2020.373	Asia	China	China	20B	B.1.1.366	B.1.1	20B	Homo sapiens	Lv et al	OR240641	S:D614G	2020-05-16	2020.373	2020	29612	NA	NA	33.394333	104.689839
CHN/SH-P162-A-3-Europe-Russia/2020	2020.294	Asia	China	China	20B	B.1.1.294	B.1.1.294	20B	Homo sapiens	Lv et al	OR240627	S:D614G	2020-04-17	2020.294	2020	29791	NA	F	33.394333	104.689839
MAR/15N/2020	2020.37	Africa	Morocco	Casablanca	20B	B.1.1	B.1.1	20B	Homo sapiens	Jouali et al	MT568645	S:D614G	2020-05-15	2020.37	2020	29717	NA	F	32.549785	-5.480765
BRA/RJ-NXBS21GENOV807548576673/2021	2021.355	South America	Brazil	Brazil	20J (Gamma)	P.1	P.1	20J	Homo sapiens	Guarischi et al	ON574746	S:D614G,S:V1176F,S:L18F,S:T20N,S:P26S,S:D138Y,S:R190S,S:K417T,S:E484K,S:N501Y,S:H655Y,S:T1027I	2021-05-10	2021.355	2021	29783	NA	NA	-10.3333332	-53.1999999
VEN/Bol4720/2021	2021.056	South America	Venezuela	Venezuela	20J (Gamma)	P.1	P.1	20J	Homo sapiens	Pujol et al	MZ611957	S:D614G,S:V1176F,S:L18F,S:T20N,S:P26S,S:D138Y,S:R190S,S:K417T,S:E484K,S:N501Y,S:H655Y,S:T1027I,S:Q675H	2021-01-21	2021.056	2021	29815	8	M	7.838891	-65.916409
VEN/Mir17/2021	2021.212	South America	Venezuela	Venezuela	20J (Gamma)	P.1	P.1	20J	Homo sapiens	Pujol et al	MZ611961	S:D614G,S:V1176F,S:L18F,S:T20N,S:P26S,S:D138Y,S:R190S,S:K417T,S:E484K,S:N501Y,S:H655Y,S:T1027I,S:V120L	2021-03-19	2021.212	2021	29867	67	NA	7.838891	-65.916409
VEN/Dtt24/2021	2021.295	South America	Venezuela	Venezuela	20J (Gamma)	P.1	P.1	20J	Homo sapiens	Pujol et al	MZ611969	S:D614G,S:V1176F,S:L18F,S:T20N,S:P26S,S:D138Y,S:R190S,S:K417T,S:E484K,S:N501Y,S:H655Y,S:T1027I	2021-04-18	2021.295	2021	29710	41	NA	7.838891	-65.916409
VEN/Dtt17/2021	2021.393	South America	Venezuela	Venezuela	20J (Gamma)	P.1	P.1	20J	Homo sapiens	Pujol et al	MZ611960	S:D614G,S:V1176F,S:L18F,S:T20N,S:P26S,S:D138Y,S:R190S,S:K417T,S:E484K,S:N501Y,S:H655Y,S:T1027I	2021-05-24	2021.393	2021	29741	NA	F	7.838891	-65.916409
EGY/EGY-ARMY-MCL008/2020	2020.884	Africa	Egypt	Egypt	20D	C.36	C.36	20D	Homo sapiens	Seadawy et al	MW547416	S:D614G,S:Q677H,S:V1264L	2020-11-19	2020.884	2020	29745	27	F	26.8206	30.8025
EGY/CU002b_S3/2020	2020.466	Africa	Egypt	Cairo	20D	C.36	C.36	20D	Homo sapiens	Soliman et al	MT990450	S:D614G,S:Q677H,S:S12F,S:S813I	2020-06-19	2020.466	2020	29763	66	M	26.8206	30.8025
EGY/Third-Wave-EGY-ARMY63/2021	2021.27	Africa	Egypt	Egypt	20D	C.17	C.36	20D	Homo sapiens	Seadawy et al	MZ042996	S:D614G,S:Q677H,S:L452R	2021-04-09	2021.27	2021	29874	36	M	26.8206	30.8025
PER/covper007/2020	2020.496	South America	Peru	Peru	20D	C.14	C.14	20D	Homo sapiens	Juscamayta et al	MW030238	S:D614G	2020-06-30	2020.496	2020	29850	61	NA	-9.650468	-75.328211
NZL/20CV0183/2020	2020.654	Oceania	New Zealand	Auckland	20D	C.12	B.1.1.1	20D	Homo sapiens	Ren et al	OK426992	S:D614G	2020-08-27	2020.654	2020	29902	48	F	-41.500083	172.8344077
Peru/UW20112760093/2020	2020.906	South America	Peru	Peru	20D	C.33	C.33	20D	Homo sapiens	Roychoudhury et al	OQ690525	S:D614G	2020-11-27	2020.906	2020	29876	64	NA	-9.650468	-75.328211
PER/CF01201-SW-V0301/2021	2021.59	South America	Peru	Peru	21G (Lambda)	C.37	C.37	21G	Homo sapiens	Woodard et al	OL623819	S:D614G,S:G75V,S:T76I,S:R246-,S:S247-,S:Y248-,S:L249-,S:T250-,S:P251-,S:G252-,S:D253N,S:L452Q,S:F490S,S:T859N	2021-08-04	2021.59	2021	29793	54	NA	-9.650468	-75.328211
Peru/PE-CAL-UW21040275154/2021	2021.251	South America	Peru	Peru	21G (Lambda)	C.37	C.37	21G	Homo sapiens	Roychoudhury et al	OQ691099	S:D614G,S:G75V,S:T76I,S:R246-,S:S247-,S:Y248-,S:L249-,S:T250-,S:P251-,S:G252-,S:D253N,S:L452Q,S:F490S,S:T859N	2021-04-02	2021.251	2021	29692	64	NA	-9.650468	-75.328211
Chile/CL-RM-UW21052984272/2021	2021.407	South America	Chile	Chile	21G (Lambda)	C.37	C.37	21G	Homo sapiens	Roychoudhury et al	OQ691447	S:D614G,S:G75V,S:T76I,S:R246-,S:S247-,S:Y248-,S:L249-,S:T250-,S:P251-,S:G252-,S:D253N,S:L452Q,S:F490S,S:T859N,S:S929T	2021-05-29	2021.407	2021	29669	NA	NA	-31.7613364	-71.3187696
IND/INSACOG-GBRC1386/2021	2021.212	Asia	India	India	21B (Kappa)	B.1.617.1	B.1.617.1	21B	Homo sapiens	Patel et al	OM759991	S:D614G,S:L452R,S:P681R,S:E154K,S:E484Q,S:T95I	2021-03-19	2021.212	2021	29702	43	M	21.077353	78.723951
IND/INSACOG-GBRC1369/2021	2021.182	Asia	India	India	21B (Kappa)	B.1.617	B.1.617.1	21B	Homo sapiens	Savaliya et al	OM759871	S:D614G,S:L452R,S:P681R,S:E154K,S:E484Q,S:V382L,S:D1153Y	2021-03-08	2021.182	2021	29831	34	F	21.077353	78.723951
IND/VRDLTHENI/2022	2022.053	Asia	India	India	21A (Delta)	B.1.617.2	B.1.617.2	21A	Homo sapiens	Dhanasezhian et al	OP776812	S:D614G,S:L452R,S:P681R,S:T19R,S:G142D,S:E156-,S:F157-,S:R158G,S:T478K,S:D950N,S:K77T	2022-01-20	2022.053	2022	29757	50	NA	21.077353	78.723951
MEX/NLE-1_2320/2021	2021.536	North America	Mexico	Mexico	21I (Delta)	AY.26	AY.26	21I	Homo sapiens	Taboada et al	ON486358	S:D614G,S:L452R,S:P681R,S:T19R,S:E156-,S:F157-,S:R158G,S:T478K,S:D950N,S:A222V,S:V1264L,S:A831S	2021-07-15	2021.536	2021	29754	43	M	19.4325301	-99.1332101
IND/GBRC641/2021	2021.237	Asia	India	India	21I (Delta)	B.1.617.2	B.1.617.2	21I	Homo sapiens	Savaliya et al	MZ340513	S:D614G,S:L452R,S:P681R,S:T19R,S:G142D,S:E156-,S:F157-,S:R158G,S:T478K,S:D950N,S:A222V	2021-03-28	2021.237	2021	29884	43	M	21.077353	78.723951
IDN/10752101037/2021	2021.782	Asia	Indonesia	Bali	21I (Delta)	AY.24	B.1.617.2	21I	Homo sapiens	Lokida et al	PX063686	S:D614G,S:L452R,S:P681R,S:T19R,S:G142D,S:E156-,S:F157-,S:R158G,S:T478K,S:D950N,S:A222V	2021-10-13	2021.782	2021	29734	38	M	-0.897599	114.181602
VNM/OUCRU-NHTD538/2022	2022.032	Asia	Vietnam	Vietnam	21I (Delta)	AY.57	AY.57	21I	Homo sapiens	Kesteman et al	ON764486	S:D614G,S:L452R,S:P681R,S:T19R,S:G142D,S:E156-,S:F157-,S:R158G,S:T478K,S:D950N,S:A222V	2022-01-12	2022.032	2022	29693	74	NA	16.16667	107.83333
VNM/HCMC_497/2021	2021.708	Asia	Vietnam	Vietnam	21I (Delta)	AY.57	AY.57	21I	Homo sapiens	Nguyen et al	ON459255	S:D614G,S:L452R,S:P681R,S:T19R,S:G142D,S:E156-,S:F157-,S:R158G,S:T478K,S:D950N,S:A222V	2021-09-16	2021.708	2021	29730	63	NA	16.16667	107.83333
IND/GBRC1224/2021	2021.41	Asia	India	India	21I (Delta)	B.1.617.2	B.1.617.2	21I	Homo sapiens	Pandit et al	MZ702542	S:D614G,S:L452R,S:P681R,S:T19R,S:G142D,S:E156-,S:F157-,S:R158G,S:T478K,S:D950N,S:A222V	2021-05-30	2021.41	2021	29810	23	F	21.077353	78.723951
MWI/MLW001129/2021	2021.538	Africa	Malawi	Malawi	21I (Delta)	B.1.617.2	B.1.617.2	21I	Homo sapiens	Feasey et al	ON099925	S:D614G,S:L452R,S:P681R,S:T19R,S:G142D,S:E156-,S:F157-,S:R158G,S:T478K,S:D950N,S:A222V	2021-07-16	2021.538	2021	29726	46	NA	-13.2687204	33.9301963
CAN/KB-D-002/2021	2021.99	North America	Canada	Saskatchewan	21I (Delta)	B.1.617.2	B.1.617.2	21I	Homo sapiens	Banerjee et al	OM131551	S:D614G,S:L452R,S:P681R,S:T19R,S:G142D,S:E156-,S:F157-,S:R158G,S:T478K,S:D950N,S:A222V	2021-12-28	2021.99	2021	29725	NA	M	61.0666922	-107.991707
Mexico/BN-SEARCH-118322/2021	2021.684	North America	Mexico	Baja California	21I (Delta)	AY.75	AY.75	21I	Homo sapiens	Andersen et al	OR952972	S:D614G,S:L452R,S:P681R,S:T19R,S:G142D,S:E156-,S:F157-,S:R158G,S:T478K,S:D950N,S:A222V	2021-09-07	2021.684	2021	29830	33	NA	19.4325301	-99.1332101
IND/CWS_0047_54463387/2021	2021.434	Asia	India	India	21A (Delta)	B.1.617.2	B.1.617.2	21A	Homo sapiens	Prakash et al	MZ558129	S:D614G,S:L452R,S:P681R,S:T19R,S:G142D,S:T478K,S:D950N	2021-06-08	2021.434	2021	29788	34	NA	21.077353	78.723951
IND/NIB148306/2021	2021.303	Asia	India	Uttar Pradesh	21A (Delta)	B.1.617.2	B.1.617.2	21A	Homo sapiens	Misra et al	OP787536	S:D614G,S:L452R,S:P681R,S:T19R,S:G142D,S:T478K,S:D950N,S:A623V	2021-04-21	2021.303	2021	29815	24	NA	21.077353	78.723951
BGD/Laila_416/2021	2021.585	Asia	Bangladesh	Bangladesh	21A (Delta)	B.1.617.2	B.1.617.2	21A	Homo sapiens	Banu et al	OM090149	S:D614G,S:L452R,S:P681R,S:T19R,S:E156-,S:F157-,S:R158G,S:T478K,S:T1117I	2021-08-02	2021.585	2021	29874	NA	NA	24.506442	90.041454
CHN/S169-1748-317361/2021	2021.571	Asia	China	China	21A (Delta)	AY.31	B.1.617.2	21A	Homo sapiens	Wang et al	PP380221	S:D614G,S:L452R,S:P681R,S:T19R,S:E156-,S:F157-,S:R158G,S:T478K,S:D950N,S:S640P,S:V1104L	2021-07-28	2021.571	2021	29801	51	NA	33.394333	104.689839
IND/GBRC775/2021	2021.358	Asia	India	India	21A (Delta)	B.1.617.2	B.1.617.2	21A	Homo sapiens	Patel et al	MZ403743	S:D614G,S:L452R,S:P681R,S:T19R,S:G142D,S:E156-,S:F157-,S:R158G,S:T478K,S:D950N	2021-05-11	2021.358	2021	29646	19	NA	21.077353	78.723951
IND/GBRC691/2021	2021.311	Asia	India	India	21A (Delta)	B.1.617.2	B.1.617.2	21A	Homo sapiens	Patel et al	MZ342887	S:D614G,S:L452R,S:P681R,S:T19R,S:G142D,S:E156-,S:F157-,S:R158G,S:T478K,S:D950N,S:G1219V	2021-04-24	2021.311	2021	29720	NA	M	21.077353	78.723951
BGD/Laila_514/2021	2021.763	Asia	Bangladesh	Bangladesh	21A (Delta)	B.1.617.2	B.1.617.2	21A	Homo sapiens	Banu et al	OM278247	S:D614G,S:L452R,S:P681R,S:T19R,S:E156-,S:F157-,S:R158G,S:T478K,S:G181V	2021-10-06	2021.763	2021	29707	48	NA	24.506442	90.041454
CHN/5976/2021	2021.41	Asia	China	Guangdong	21A (Delta)	B.1.617.2	B.1.617.2	21A	Homo sapiens	Li et al	OL663942	S:D614G,S:L452R,S:P681R,S:T19R,S:G142D,S:E156-,S:F157-,S:R158G,S:T478K,S:D950N,S:V1176F	2021-05-30	2021.41	2021	29670	7	M	33.394333	104.689839
CHN/5571/2021	2021.393	Asia	China	Guangdong	21A (Delta)	B.1.617.2	B.1.617.2	21A	Homo sapiens	Li et al	OL664037	S:D614G,S:L452R,S:P681R,S:T19R,S:G142D,S:E156-,S:F157-,S:R158G,S:T478K,S:D950N,S:V1176F	2021-05-24	2021.393	2021	29855	43	NA	33.394333	104.689839
IND/GBRC828/2021	2021.344	Asia	India	India	21J (Delta)	B.1.617.2	B.1.617.2	21J	Homo sapiens	Pandit et al	MZ413376	S:D614G,S:L452R,S:P681R,S:T19R,S:G142D,S:E156-,S:F157-,S:R158G,S:T478K,S:D95T	2021-05-06	2021.344	2021	29817	47	M	21.077353	78.723951
IND/CWS_0064_55744582/2021	2021.445	Asia	India	India	21J (Delta)	B.1.617.2	B.1.617.2	21J	Homo sapiens	Prakash et al	MZ558143	S:D614G,S:L452R,S:P681R,S:T19R,S:G142D,S:T478K,S:D95T	2021-06-12	2021.445	2021	29809	57	NA	21.077353	78.723951
IND/barcode_20_MN908947.3/2021	2021.692	Asia	India	India	21J (Delta)	B.1.617.2	B.1.617.2	21J	Homo sapiens	Nair et al	OK189629	S:D614G,S:L452R,S:P681R,S:T19R,S:T478K,S:D95I,S:D1163Y	2021-09-10	2021.692	2021	29820	NA	F	21.077353	78.723951
CHN/S256-3919-059256/2021	2021.971	Asia	China	China	21J (Delta)	AY.122	AY.122	21J	Homo sapiens	Wang et al	PP380253	S:D614G,S:L452R,S:P681R,S:T19R,S:G142D,S:E156-,S:F157-,S:R158G,S:T478K,S:D95T,S:P1263L	2021-12-21	2021.971	2021	29794	NA	NA	33.394333	104.689839
CHN/S210-2686-375465/2021	2021.782	Asia	China	China	21J (Delta)	AY.122	AY.122	21J	Homo sapiens	Wang et al	PP380243	S:D614G,S:L452R,S:P681R,S:T19R,S:E156-,S:F157-,S:R158G,S:T478K,S:D95T	2021-10-13	2021.782	2021	29847	10	NA	33.394333	104.689839
Lesotho/UHB-MI-SEB-00896/2021	2021.651	Africa	Lesotho	Lesotho	21J (Delta)	AY.45	AY.45	21J	Homo sapiens	?	OV154481	S:D614G,S:L452R,S:P681R,S:T19R,S:G142D,S:E156-,S:F157-,S:R158G,S:T478K,S:D95T	2021-08-26	2021.651	2021	29877	42	NA	-29.6039267	28.3350193
TUR/Ank_DLT/2021	2021.725	Europe	Turkey	Turkey	21J (Delta)	AY.126	AY.126	21J	Homo sapiens	Ozkul et al	OM295705	S:D614G,S:L452R,S:P681R,S:T19R,S:G142D,S:E156-,S:F157-,S:R158G,S:T478K,S:D95I,S:I850L,S:G181V	2021-09-22	2021.725	2021	29763	69	NA	39.046746	36.767068
AUT/SKV-232/2021	2021.607	Europe	Austria	Upper Austria	21J (Delta)	AY.5	AY.5	21J	Homo sapiens	Puehringer et al	OL546720	S:D614G,S:L452R,S:P681R,S:T19R,S:G142D,S:E156-,S:F157-,S:R158G,S:T478K,S:D95T	2021-08-10	2021.607	2021	29888	61	M	47.5162	14.5501
NLD/EMC-Delta-AY4.2/2021	2021.807	Europe	Netherlands	Netherlands	21J (Delta)	AY.4.2	AY.4.2	21J	Homo sapiens	Mykytyn et al	ON545851	S:D614G,S:L452R,S:P681R,S:T19R,S:G142D,S:E156-,S:F157-,S:R158G,S:T478K,S:D95I,S:Y145H,S:A222V,S:D1260N	2021-10-22	2021.807	2021	29680	63	M	52.1326	5.2913
IND/554MN908947.3/2021	2021.733	Asia	India	India	21J (Delta)	B.1.617.2	B.1.617.2	21J	Homo sapiens	Nair et al	OK356453	S:D614G,S:L452R,S:P681R,S:T19R,S:G142D,S:T478K,S:D95T	2021-09-25	2021.733	2021	29673	26	M	21.077353	78.723951
BGD/BCSIR_NILMRC_021/2020	2020.395	Asia	Bangladesh	Dhaka	20B	B.1.1.25	B.1.1.25	20B	Homo sapiens	Mohammad Mahmud et al	MT664105	S:D614G,S:F140-	2020-05-24	2020.395	2020	29807	32	F	24.506442	90.041454
AUS/VIC9592/2020	2020.643	Oceania	Australia	Victoria	20F	D.2	D.2	20F	Homo sapiens	Caly et al	MW156248	S:D614G,S:S477N	2020-08-23	2020.643	2020	29770	68	NA	-24.7761085	134.755
NGA/CV529/2020	2020.679	Africa	Nigeria	Nigeria	20B	L.3	B.1.1.10	20B	Homo sapiens	Olawoye et al	OQ050578	S:D614G,S:Y1155F,S:E780Q	2020-09-05	2020.679	2020	29731	NA	M	10	8
AUS/VIC2065/2020	2020.455	Oceania	Australia	Victoria	20B	B.1.1.136	B.1.1	20B	Homo sapiens	Caly et al	MT745723	S:D614G,S:N501Y	2020-06-15	2020.455	2020	29869	52	M	-24.7761085	134.755
Japan/Donner112/2020	2020.687	Asia	Japan	Kanto	20B	B.1.1.214	B.1.1.214	20B	Homo sapiens	Kosaki et al	BS000789	S:D614G	2020-09-08	2020.687	2020	29760	42	F	35.68536	139.75309
England/NOTT-112CD9/2020	2020.52	Europe	United Kingdom	England	20B	B.1.1.125	B.1.1	20B	Homo sapiens	?	OX609404	S:D614G	2020-07-09	2020.52	2020	29809	50	F	54.242833	-2.088739
CHN/Qingdao_20426/2020	2020.777	Asia	China	China	20B	B.1.1	B.1.1	20B	Homo sapiens	Jiang et al	MW142557	S:D614G,S:M731I	2020-10-11	2020.777	2020	29671	55	M	33.394333	104.689839
CHN/Qingdao_306/2020	2020.775	Asia	China	China	20B	B.1.1	B.1.1	20B	Homo sapiens	Jiang et al	MW142562	S:D614G,S:M731I	2020-10-10	2020.775	2020	29894	45	M	33.394333	104.689839
IND/KA-NIMH-SEQ-109/2021	2021.029	Asia	India	Karnataka	20I (Alpha)	B.1.1.7	B.1.1.7	20I	Homo sapiens	Pattabiraman et al	OM073901	S:D614G,S:H69-,S:V70-,S:Y144-,S:N501Y,S:A570D,S:P681H,S:T716I,S:S982A,S:D1118H	2021-01-11	2021.029	2021	29801	NA	NA	21.077353	78.723951
SOM/NAMRU3_Mog_10/2021	2021.256	Africa	Somalia	Benadir	20I (Alpha)	B.1.1.7	B.1.1.7	20I	Homo sapiens	Arnold et al	MZ394629	S:D614G,S:H69-,S:V70-,S:Y144-,S:N501Y,S:A570D,S:P681H,S:T716I,S:S982A,S:D1118H	2021-04-04	2021.256	2021	29784	NA	NA	8.3676771	49.083416
KHM/B117/2021	2021.204	Asia	Cambodia	Cambodia	20I (Alpha)	B.1.1.7	B.1.1.7	20I	Homo sapiens	Bohl et al	MZ361696	S:D614G,S:H69-,S:V70-,S:Y144-,S:N501Y,S:A570D,S:P681H,S:T716I,S:S982A,S:D1118H	2021-03-16	2021.204	2021	29799	65	F	13	105
PAK/JRCGR_SCV-91_MARDAN-02/2021	2021.174	Asia	Pakistan	Pakistan	20I (Alpha)	B.1.1.7	B.1.1.7	20I	Homo sapiens	Irfan et al	MZ328037	S:D614G,S:H69-,S:V70-,S:Y144-,S:N501Y,S:A570D,S:P681H,S:T716I,S:S982A,S:D1118H	2021-03-05	2021.174	2021	29763	28	M	30	70
Pakistan/UHS-PAK-S81/2021	2021.273	Asia	Pakistan	Punjab PK	20I (Alpha)	B.1.1.7	B.1.1.7	20I	Homo sapiens	Alikhan et al	OU207351	S:D614G,S:H69-,S:V70-,S:Y144-,S:N501Y,S:A570D,S:P681H,S:T716I,S:S982A,S:D1118H	2021-04-10	2021.273	2021	29873	NA	M	30	70
MEX/NLE_1797/2021	2021.44	North America	Mexico	Mexico	20I (Alpha)	B.1.1.7	B.1.1.7	20I	Homo sapiens	Zarate et al	OL461475	S:D614G,S:H69-,S:V70-,S:Y144-,S:N501Y,S:A570D,S:P681H,S:T716I,S:S982A,S:D1118H	2021-06-10	2021.44	2021	29884	33	M	19.4325301	-99.1332101
KEN/SS2957/2021	2021.155	Africa	Kenya	Kenya	20I (Alpha)	B.1.1.7	B.1.1.7	20I	Homo sapiens	Githinji et al	OL548999	S:D614G,S:H69-,S:V70-,S:Y144-,S:N501Y,S:A570D,S:P681H,S:T716I,S:S982A,S:D1118H,S:E96V	2021-02-26	2021.155	2021	29694	NA	F	0.0236	37.9062
IND/GBRC600/2021	2021.138	Asia	India	India	20I (Alpha)	B.1.1.7	B.1.1.7	20I	Homo sapiens	Kumar et al	MZ318038	S:D614G,S:H69-,S:V70-,S:Y144-,S:N501Y,S:A570D,S:P681H,S:T716I,S:S982A,S:D1118H,S:P812L	2021-02-20	2021.138	2021	29790	NA	NA	21.077353	78.723951
AUT/SKV-185/2021	2021.368	Europe	Austria	Upper Austria	20I (Alpha)	B.1.1.7	B.1.1.7	20I	Homo sapiens	Puehringer et al	OL546789	S:D614G,S:H69-,S:V70-,S:Y144-,S:N501Y,S:A570D,S:P681H,S:T716I,S:S982A,S:D1118H,S:S155G	2021-05-15	2021.368	2021	29724	32	NA	47.5162	14.5501
IND/NGS-149/2021	2021.979	Asia	India	India	21K (BA.1)	BA.1.18	BA.1.18	21K	Homo sapiens	Raju et al	OQ852502	S:D614G,S:Y144-,S:P681H,S:H69-,S:V70-,S:G142-,S:G339D,S:S373P,S:S375F,S:K417N,S:N440K,S:S477N,S:T478K,S:E484A,S:Q498R,S:N501Y,S:Y505H,S:H655Y,S:N764K,S:D796Y,S:N969K,S:N67V,S:V143-,S:Y145D,S:N211-,S:L212I,S:S371L,S:G446S,S:Q493R,S:G496S,S:T547K,S:N856K,S:L981F	2021-12-24	2021.979	2021	29893	NA	NA	21.077353	78.723951
MWI/MLW001213/2022	2022.089	Africa	Malawi	Malawi	21K (BA.1)	BA.1	BA.1	21K	Homo sapiens	Feasey et al	ON099764	S:D614G,S:T95I,S:Y144-,S:P681H,S:H69-,S:V70-,S:G142-,S:G339D,S:S373P,S:S375F,S:K417N,S:N440K,S:S477N,S:T478K,S:E484A,S:Q498R,S:N501Y,S:Y505H,S:H655Y,S:N764K,S:D796Y,S:Q954H,S:N969K,S:N67V,S:V143-,S:Y145D,S:N211-,S:L212I,S:S371L,S:G446S,S:Q493R,S:G496S,S:T547K,S:N856K,S:L981F	2022-02-02	2022.089	2022	29678	NA	NA	-13.2687204	33.9301963
IDN/10752101059/2022	2022.097	Asia	Indonesia	Bali	21K (BA.1)	BA.1.13.1	BA.1.13.1	21K	Homo sapiens	Lokida et al	PX063693	S:D614G,S:T95I,S:Y144-,S:P681H,S:H69-,S:V70-,S:G142-,S:G339D,S:S373P,S:S375F,S:K417N,S:N440K,S:S477N,S:T478K,S:E484A,S:Q498R,S:N501Y,S:Y505H,S:H655Y,S:N764K,S:D796Y,S:Q954H,S:N969K,S:N67V,S:V143-,S:Y145D,S:N211-,S:L212I,S:S371L,S:G446S,S:Q493R,S:G496S,S:T547K,S:N856K,S:L981F	2022-02-05	2022.097	2022	29727	83	M	-0.897599	114.181602
Japan/sb_ncgm_sars_cov_2_01232/2022	2022.092	Asia	Japan	Japan	21K (BA.1)	BA.1.1.2	BA.1.1	21K	Homo sapiens	Ikeda et al	BS008289	S:D614G,S:T95I,S:Y144-,S:P681H,S:H69-,S:V70-,S:G142-,S:G339D,S:S373P,S:S375F,S:K417N,S:N440K,S:S477N,S:T478K,S:E484A,S:Q498R,S:N501Y,S:Y505H,S:H655Y,S:N764K,S:D796Y,S:Q954H,S:N969K,S:N67V,S:V143-,S:Y145D,S:N211-,S:L212I,S:S371L,S:G446S,S:Q493R,S:G496S,S:T547K,S:N856K,S:L981F,S:R346K	2022-02-03	2022.092	2022	29858	NA	NA	35.68536	139.75309
BRA/LACENAL-270221404/2022	2022.166	South America	Brazil	Brazil	21K (BA.1)	BA.1.1	BA.1.1	21K	Homo sapiens	Nascimento et al	OP647428	S:D614G,S:T95I,S:Y144-,S:P681H,S:H69-,S:V70-,S:G142-,S:G339D,S:K417N,S:N440K,S:S477N,S:T478K,S:E484A,S:Q498R,S:N501Y,S:Y505H,S:H655Y,S:N764K,S:D796Y,S:Q954H,S:N969K,S:N67V,S:V143-,S:Y145D,S:N211-,S:L212I,S:G446S,S:Q493R,S:G496S,S:T547K,S:N856K,S:L981F,S:R346K	2022-03-02	2022.166	2022	29806	49	NA	-10.3333332	-53.1999999
USA/NJ-CDC-QDX32712109/2022	2022.021	North America	USA	New Jersey	21K (BA.1)	BA.1.1	BA.1.1	21K	Homo sapiens	Howard et al	OM342318	S:D614G,S:T95I,S:Y144-,S:P681H,S:H69-,S:V70-,S:G142-,S:G339D,S:S373P,S:S375F,S:K417N,S:N440K,S:S477N,S:T478K,S:E484A,S:Q498R,S:N501Y,S:Y505H,S:H655Y,S:N764K,S:D796Y,S:Q954H,S:N969K,S:N67V,S:V143-,S:Y145D,S:N211-,S:L212I,S:S371L,S:G446S,S:Q493R,S:G496S,S:T547K,S:N856K,S:L981F,S:R346K	2022-01-08	2022.021	2022	29636	77	NA	38.916963	-98.891372
UZB/UZB-1465/2022	2022.399	Asia	Uzbekistan	Tashkent	21K (BA.1)	BA.1.1	BA.1.1	21K	Homo sapiens	Dalimova et al	OP913388	S:D614G,S:T95I,S:Y144-,S:P681H,S:H69-,S:V70-,S:G142-,S:G339D,S:S373P,S:S375F,S:K417N,S:N440K,S:S477N,S:T478K,S:E484A,S:Q498R,S:N501Y,S:Y505H,S:H655Y,S:N764K,S:D796Y,S:Q954H,S:N969K,S:N67V,S:V143-,S:Y145D,S:N211-,S:L212I,S:S371L,S:G446S,S:Q493R,S:G496S,S:T547K,S:N856K,S:L981F,S:R346K,S:S151I,S:L455S	2022-05-26	2022.399	2022	29645	NA	NA	41.32373	63.9528098
OQ130503	2022.062	Asia	South Korea	South Korea	21K (BA.1)	BA.1.1	BA.1.1	21K	NA	Noh et al	OQ130503	S:D614G,S:T95I,S:Y144-,S:P681H,S:H69-,S:V70-,S:G142-,S:G339D,S:S373P,S:S375F,S:K417N,S:N440K,S:S477N,S:T478K,S:E484A,S:Q498R,S:N501Y,S:Y505H,S:H655Y,S:N764K,S:D796Y,S:Q954H,S:N969K,S:N67V,S:V143-,S:Y145D,S:N211-,S:L212I,S:S371L,S:G446S,S:Q493R,S:G496S,S:T547K,S:N856K,S:L981F,S:R346K	2022-01-23	2022.062	2022	29662	17	NA	36.609249	127.917932
SGP/YB20230146/2022	2022.075	Asia	Singapore	Singapore	21K (BA.1)	BA.1.1	BA.1.1	21K	Homo sapiens	Liu et al	OR185718	S:D614G,S:T95I,S:Y144-,S:P681H,S:H69-,S:V70-,S:G142-,S:G339D,S:S373P,S:S375F,S:K417N,S:N440K,S:S477N,S:T478K,S:E484A,S:Q498R,S:N501Y,S:Y505H,S:H655Y,S:N764K,S:D796Y,S:Q954H,S:N969K,S:N67V,S:V143-,S:Y145D,S:N211-,S:L212I,S:S371L,S:G446S,S:Q493R,S:G496S,S:T547K,S:N856K,S:L981F,S:R346K	2022-01-28	2022.075	2022	29874	28	NA	1.344189	103.867546
IGS-10285-CVDP-D2612724-4559-4937-8B51-9151821DFF15	2025.895	Europe	Germany	NA	25I (BA.3.2)	RE.3.1	RE.3.1	21M	NA	?	NA	S:D614G,S:Y144-,S:P681H,S:H69-,S:V70-,S:G142-,S:S371F,S:S373P,S:S375F,S:K417N,S:S477N,S:Q498R,S:N501Y,S:H655Y,S:N764K,S:D796Y,S:D405N,S:R408S,S:T9L,S:R21T,S:P26L,S:N67V,S:I101T,S:C136-,S:N137-,S:D138-,S:P139-,S:F140-,S:L141-,S:V143-,S:Y145-,S:H146-,S:K147-,S:F157S,S:N164K,S:S172F,S:K187T,S:N211-,S:L212I,S:L242-,S:A243-,S:P251S,S:I326V,S:G339Y,S:A348P,S:R403K,S:A435S,S:N440R,S:V445A,S:G446D,S:L452W,S:N460K,S:T478N,S:E484K,S:G496S,S:K529N,S:E554D,S:E583D,S:H625R,S:N641K,S:V642G,S:E654K,S:K679R,S:A688D,S:S704L,S:K795T,S:A852K,S:S939F,S:D1184E,S:K356T,S:A575S,S:A222S	2025-11-23	2025.895	2025	29626	NA	NA	51.1657	10.4515
IGS-10285-CVDP-2C56D9E8-8D10-431F-8CFE-C8D7BE9897BF	2025.908	Europe	Germany	NA	25I (BA.3.2)	RE.3.1	RE.3.1	21M	NA	?	NA	S:D614G,S:Y144-,S:P681H,S:H69-,S:V70-,S:G142-,S:S371F,S:S373P,S:S375F,S:K417N,S:S477N,S:Q498R,S:N501Y,S:H655Y,S:N764K,S:D796Y,S:D405N,S:R408S,S:T9L,S:R21T,S:P26L,S:N67V,S:I101T,S:C136-,S:N137-,S:D138-,S:P139-,S:F140-,S:L141-,S:V143-,S:Y145-,S:H146-,S:K147-,S:F157S,S:N164K,S:S172F,S:K187T,S:N211-,S:L212I,S:L242-,S:A243-,S:P251S,S:I326V,S:G339Y,S:A348P,S:R403K,S:A435S,S:N440R,S:V445A,S:G446D,S:L452W,S:N460K,S:T478N,S:E484K,S:G496S,S:K529N,S:E554D,S:E583D,S:H625R,S:N641K,S:V642G,S:E654K,S:K679R,S:A688D,S:S704L,S:K795T,S:A852K,S:S939F,S:D1184E,S:K356T,S:A575S	2025-11-28	2025.908	2025	29756	52	M	51.1657	10.4515
OZ405642	2025.974	Europe	United Kingdom	England	25I (BA.3.2)	RE.1.1.1	RE.1.1.1	21M	Homo sapiens	?	OZ405642	S:D614G,S:Y144-,S:P681H,S:H69-,S:V70-,S:G142-,S:S371F,S:S373P,S:S375F,S:K417N,S:S477N,S:Q498R,S:N501Y,S:H655Y,S:N764K,S:D796Y,S:D405N,S:R408S,S:T9L,S:R21T,S:P26L,S:N67V,S:I101T,S:C136-,S:N137-,S:D138-,S:P139-,S:F140-,S:L141-,S:V143-,S:Y145-,S:H146-,S:K147-,S:F157S,S:N164K,S:S172F,S:K187T,S:N211-,S:L212I,S:L242-,S:A243-,S:P251S,S:I326V,S:G339Y,S:A348P,S:R403K,S:A435S,S:N440R,S:V445A,S:G446D,S:L452W,S:N460K,S:T478N,S:E484K,S:G496S,S:K529N,S:E554D,S:E583D,S:H625R,S:N641K,S:V642G,S:E654K,S:K679R,S:A688D,S:S704L,S:K795T,S:A852K,S:S939F,S:D1184E,S:K356T,S:A575S	2025-12-22	2025.974	2025	29812	NA	M	54.242833	-2.088739
OZ405965	2026.018	Europe	United Kingdom	England	25I (BA.3.2)	RE.1.1.1	RE.1.1.1	21M	Homo sapiens	?	OZ405965	S:D614G,S:P681H,S:H69-,S:V70-,S:S371F,S:S373P,S:S375F,S:K417N,S:S477N,S:Q498R,S:N501Y,S:H655Y,S:N764K,S:D796Y,S:D405N,S:R408S,S:T9L,S:R21T,S:P26L,S:N67V,S:I101T,S:F157S,S:N164K,S:S172F,S:K187T,S:N211-,S:L212I,S:L242-,S:A243-,S:P251S,S:I326V,S:G339Y,S:A348P,S:R403K,S:A435S,S:N440R,S:V445A,S:G446D,S:L452W,S:N460K,S:T478N,S:E484K,S:G496S,S:K529N,S:E554D,S:E583D,S:H625R,S:N641K,S:V642G,S:E654K,S:K679R,S:A688D,S:S704L,S:K795T,S:A852K,S:S939F,S:D1184E,S:K356T,S:A575S	2026-01-07	2026.018	2026	29847	63	F	54.242833	-2.088739
OZ408985	2026.062	Europe	United Kingdom	Scotland	25I (BA.3.2)	RE.2.4	RE.2.4	21M	Homo sapiens	?	OZ408985	S:D614G,S:Y144-,S:P681H,S:H69-,S:V70-,S:G142-,S:S371F,S:S373P,S:S375F,S:K417N,S:S477N,S:Q498R,S:N501Y,S:H655Y,S:N764K,S:D796Y,S:D405N,S:R408S,S:T9L,S:R21T,S:P26L,S:N67V,S:I101T,S:C136-,S:N137-,S:D138-,S:P139-,S:F140-,S:L141-,S:V143-,S:Y145-,S:H146-,S:K147-,S:F157S,S:N164K,S:S172F,S:K187T,S:N211-,S:L212I,S:L242-,S:A243-,S:P251S,S:I326V,S:G339Y,S:A348P,S:R403K,S:A435S,S:N440R,S:V445A,S:G446D,S:L452W,S:N460K,S:T478N,S:E484K,S:G496S,S:K529N,S:E554D,S:E583D,S:H625R,S:N641K,S:V642G,S:E654K,S:K679R,S:A688D,S:S704L,S:K795T,S:A852K,S:S939F,S:D1184E,S:K356T,S:A575S	2026-01-23	2026.062	2026	29750	NA	M	54.242833	-2.088739
OZ409624	2026.073	Europe	United Kingdom	England	25I (BA.3.2)	RE.2.1.1	SK.1	21M	Homo sapiens	?	OZ409624	S:D614G,S:P681H,S:H69-,S:V70-,S:S371F,S:S373P,S:S375F,S:K417N,S:S477N,S:Q498R,S:N501Y,S:H655Y,S:N764K,S:D796Y,S:D405N,S:R408S,S:T9L,S:R21T,S:P26L,S:N67V,S:I101T,S:F157S,S:N164K,S:S172F,S:K187T,S:N211-,S:L212I,S:L242-,S:A243-,S:P251S,S:I326V,S:G339Y,S:A348P,S:R403K,S:A435S,S:N440R,S:V445A,S:G446D,S:L452W,S:N460K,S:T478N,S:E484K,S:G496S,S:K529N,S:E554D,S:E583D,S:H625R,S:N641K,S:V642G,S:E654K,S:K679R,S:A688D,S:S704L,S:K795T,S:A852K,S:S939F,S:D1184E,S:K356T,S:A575S	2026-01-27	2026.073	2026	29771	31	M	54.242833	-2.088739
IGS-10285-CVDP-B6642A49-21F3-4C5F-9408-BB662FD6A042	2025.936	Europe	Germany	NA	25I (BA.3.2)	RE.2.1.2	RE.2.1.2	21M	NA	?	NA	S:D614G,S:Y144-,S:P681H,S:H69-,S:V70-,S:G142-,S:S371F,S:S373P,S:S375F,S:K417N,S:S477N,S:Q498R,S:N501Y,S:H655Y,S:N764K,S:D796Y,S:D405N,S:R408S,S:T9L,S:R21T,S:P26L,S:N67V,S:I101T,S:C136-,S:N137-,S:D138-,S:P139-,S:F140-,S:L141-,S:V143-,S:Y145-,S:H146-,S:K147-,S:F157S,S:N164K,S:S172F,S:K187T,S:N211-,S:L212I,S:L242-,S:A243-,S:P251S,S:I326V,S:G339Y,S:A348P,S:R403K,S:A435S,S:N440R,S:V445A,S:G446D,S:L452W,S:N460K,S:T478N,S:E484K,S:G496S,S:K529N,S:E554D,S:E583D,S:H625R,S:N641K,S:V642G,S:E654K,S:K679R,S:A688D,S:S704L,S:K795T,S:A852K,S:S939F,S:D1184E,S:K356T,S:A575S	2025-12-08	2025.936	2025	29724	27	NA	51.1657	10.4515
OZ404276	2026.018	Europe	United Kingdom	Scotland	25I (BA.3.2)	RE.2.3	RE.2.3	21M	Homo sapiens	?	OZ404276	S:D614G,S:Y144-,S:P681H,S:H69-,S:V70-,S:G142-,S:S371F,S:S373P,S:S375F,S:K417N,S:S477N,S:Q498R,S:N501Y,S:H655Y,S:N764K,S:D796Y,S:D405N,S:R408S,S:T9L,S:R21T,S:P26L,S:N67V,S:I101T,S:C136-,S:N137-,S:D138-,S:P139-,S:F140-,S:L141-,S:V143-,S:Y145-,S:H146-,S:K147-,S:F157S,S:N164K,S:S172F,S:K187T,S:N211-,S:L212I,S:L242-,S:A243-,S:P251S,S:I326V,S:G339Y,S:A348P,S:R403K,S:A435S,S:N440R,S:V445A,S:G446D,S:L452W,S:N460K,S:T478N,S:E484K,S:G496S,S:K529N,S:E554D,S:E583D,S:H625R,S:N641K,S:V642G,S:E654K,S:K679R,S:A688D,S:S704L,S:K795T,S:A852K,S:S939F,S:D1184E,S:K356T,S:A575S	2026-01-07	2026.018	2026	29892	40	F	54.242833	-2.088739
IGS-10285-CVDP-4166F5A6-0700-4375-A9EC-4C050ACF8282	2025.897	Europe	Germany	NA	25I (BA.3.2)	RE.2.2.5	RE.2.2.5	21M	NA	?	NA	S:D614G,S:Y144-,S:P681H,S:H69-,S:V70-,S:G142-,S:S371F,S:S373P,S:S375F,S:K417N,S:S477N,S:Q498R,S:N501Y,S:H655Y,S:N764K,S:D796Y,S:D405N,S:R408S,S:T9L,S:R21T,S:P26L,S:N67V,S:I101T,S:C136-,S:N137-,S:D138-,S:P139-,S:F140-,S:L141-,S:V143-,S:Y145-,S:H146-,S:K147-,S:F157S,S:N164K,S:S172F,S:K187T,S:N211-,S:L212I,S:L242-,S:A243-,S:P251S,S:I326V,S:G339Y,S:A348P,S:R403K,S:A435S,S:N440R,S:V445A,S:G446D,S:L452W,S:N460K,S:T478N,S:E484K,S:G496S,S:K529N,S:E554D,S:E583D,S:H625R,S:N641K,S:V642G,S:E654K,S:K679R,S:A688D,S:S704L,S:K795T,S:A852K,S:S939F,S:D1184E,S:K356T,S:A575S	2025-11-24	2025.897	2025	29732	46	F	51.1657	10.4515
Denmark/DCGC-693675/2026	2026.051	Europe	Denmark	Denmark	25I (BA.3.2)	RE.2.2.5	RE.2.2.5	21M	Homo sapiens	Danish Covid-19 Genome et al	OZ412049	S:D614G,S:Y144-,S:P681H,S:H69-,S:V70-,S:G142-,S:S371F,S:S373P,S:S375F,S:K417N,S:S477N,S:Q498R,S:N501Y,S:H655Y,S:N764K,S:D796Y,S:D405N,S:R408S,S:T9L,S:R21T,S:P26L,S:N67V,S:I101T,S:C136-,S:N137-,S:D138-,S:P139-,S:F140-,S:L141-,S:V143-,S:Y145-,S:H146-,S:K147-,S:F157S,S:N164K,S:S172F,S:K187T,S:N211-,S:L212I,S:A243-,S:P251S,S:I326V,S:G339Y,S:A348P,S:R403K,S:A435S,S:N440R,S:V445A,S:G446D,S:L452W,S:N460K,S:T478N,S:E484K,S:G496S,S:K529N,S:E554D,S:E583D,S:H625R,S:N641K,S:V642G,S:E654K,S:K679R,S:A688D,S:S704L,S:K795T,S:A852K,S:S939F,S:D1184E,S:K356T,S:A575S	2026-01-19	2026.051	2026	29727	19	M	56.2639	9.5018
IGS-10285-CVDP-3F24BDC5-1F85-4913-ADC7-C2985DCD75FC	2026.018	Europe	Germany	NA	25I (BA.3.2)	RT.1	RT.1	21M	NA	?	NA	S:D614G,S:Y144-,S:P681H,S:H69-,S:V70-,S:G142-,S:S371F,S:S373P,S:S375F,S:K417N,S:S477N,S:Q498R,S:N501Y,S:H655Y,S:N764K,S:D796Y,S:D405N,S:R408S,S:T9L,S:R21T,S:P26L,S:N67V,S:I101T,S:C136-,S:N137-,S:D138-,S:P139-,S:F140-,S:L141-,S:V143-,S:Y145-,S:H146-,S:K147-,S:F157S,S:N164K,S:S172F,S:K187T,S:N211-,S:L212I,S:L242-,S:A243-,S:P251S,S:I326V,S:G339Y,S:A348P,S:R403K,S:A435S,S:N440R,S:V445A,S:G446D,S:L452W,S:N460K,S:T478N,S:E484K,S:G496S,S:K529N,S:E554D,S:E583D,S:H625R,S:N641K,S:V642G,S:E654K,S:K679R,S:A688D,S:S704L,S:K795T,S:A852K,S:S939F,S:D1184E,S:K356T,S:A575S,S:S98F,S:Q173H	2026-01-07	2026.018	2026	29716	62	F	51.1657	10.4515
OZ392170	2025.955	Europe	Denmark	Denmark	25I (BA.3.2)	RE.2.2.3	RE.2.2.3	21M	Homo sapiens	Danish Covid-19 Genome et al	OZ392170	S:D614G,S:Y144-,S:P681H,S:H69-,S:V70-,S:G142-,S:S371F,S:S373P,S:S375F,S:K417N,S:S477N,S:Q498R,S:N501Y,S:H655Y,S:N764K,S:D796Y,S:D405N,S:R408S,S:T9L,S:R21T,S:P26L,S:N67V,S:I101T,S:C136-,S:N137-,S:D138-,S:P139-,S:F140-,S:L141-,S:V143-,S:Y145-,S:H146-,S:K147-,S:F157S,S:N164K,S:S172F,S:K187T,S:N211-,S:L212I,S:A243-,S:P251S,S:I326V,S:G339Y,S:A348P,S:R403K,S:A435S,S:N440R,S:V445A,S:G446D,S:L452W,S:N460K,S:T478N,S:E484K,S:G496S,S:K529N,S:E554D,S:E583D,S:H625R,S:N641K,S:V642G,S:E654K,S:K679R,S:A688D,S:S704L,S:K795T,S:A852K,S:S939F,S:D1184E,S:K356T,S:A575S	2025-12-15	2025.955	2025	29734	NA	F	56.2639	9.5018
OZ409744	2026.051	Europe	United Kingdom	Northern Ireland	25I (BA.3.2)	RE.2.2.3	SM.1	21M	Homo sapiens	?	OZ409744	S:D614G,S:Y144-,S:P681H,S:H69-,S:V70-,S:G142-,S:S371F,S:S373P,S:S375F,S:K417N,S:S477N,S:Q498R,S:N501Y,S:H655Y,S:N764K,S:D796Y,S:D405N,S:R408S,S:T9L,S:R21T,S:P26L,S:N67V,S:I101T,S:C136-,S:N137-,S:D138-,S:P139-,S:F140-,S:L141-,S:V143-,S:Y145-,S:H146-,S:K147-,S:F157S,S:N164K,S:S172F,S:K187T,S:N211-,S:L212I,S:L242-,S:A243-,S:P251S,S:I326V,S:G339Y,S:A348P,S:R403K,S:A435S,S:N440R,S:V445A,S:G446D,S:L452W,S:N460K,S:T478N,S:E484K,S:G496S,S:K529N,S:E554D,S:E583D,S:H625R,S:N641K,S:V642G,S:E654K,S:K679R,S:A688D,S:S704L,S:K795T,S:A852K,S:S939F,S:D1184E,S:K356T,S:A575S	2026-01-19	2026.051	2026	29693	NA	NA	54.242833	-2.088739
OZ392171	2025.974	Europe	Denmark	Denmark	25I (BA.3.2)	RE.2.2.3	SM.1	21M	Homo sapiens	Danish Covid-19 Genome et al	OZ392171	S:D614G,S:Y144-,S:P681H,S:H69-,S:V70-,S:G142-,S:S371F,S:S373P,S:S375F,S:K417N,S:S477N,S:Q498R,S:N501Y,S:H655Y,S:N764K,S:D796Y,S:D405N,S:R408S,S:T9L,S:R21T,S:P26L,S:N67V,S:I101T,S:C136-,S:N137-,S:D138-,S:P139-,S:F140-,S:L141-,S:V143-,S:Y145-,S:H146-,S:K147-,S:F157S,S:N164K,S:S172F,S:K187T,S:N211-,S:L212I,S:A243-,S:P251S,S:I326V,S:G339Y,S:A348P,S:R403K,S:A435S,S:N440R,S:V445A,S:G446D,S:L452W,S:N460K,S:T478N,S:E484K,S:G496S,S:K529N,S:E554D,S:E583D,S:H625R,S:N641K,S:V642G,S:E654K,S:K679R,S:A688D,S:S704L,S:K795T,S:A852K,S:S939F,S:D1184E,S:K356T,S:A575S,S:L242-	2025-12-22	2025.974	2025	29696	6	NA	56.2639	9.5018
USA/NC-CDC-LC0924065/2022	2022.832	North America	USA	North Carolina	22E (BQ.1)	BQ.1.13	BQ.1.13	22E	Homo sapiens	Howard et al	OP809496	S:D614G,S:P681H,S:H69-,S:V70-,S:G339D,S:S371F,S:S373P,S:S375F,S:K417N,S:N440K,S:S477N,S:T478K,S:E484A,S:Q498R,S:N501Y,S:Y505H,S:H655Y,S:N679K,S:N764K,S:D796Y,S:N969K,S:P26-,S:D405N,S:R408S,S:T19I,S:L24-,S:P25-,S:A27S,S:G142D,S:V213G,S:T376A,S:L452R,S:F486V,S:K444T,S:N460K	2022-10-31	2022.832	2022	29891	26	F	38.916963	-98.891372
USA/CA-CDC-QDX44586459/2022	2022.941	North America	USA	California	22E (BQ.1)	BQ.1	BQ.1	22E	Homo sapiens	Howard et al	OQ142321	S:D614G,S:P681H,S:H69-,S:V70-,S:G339D,S:S371F,S:S373P,S:S375F,S:K417N,S:N440K,S:S477N,S:T478K,S:E484A,S:Q498R,S:N501Y,S:Y505H,S:H655Y,S:N679K,S:N764K,S:D796Y,S:N969K,S:P26-,S:D405N,S:R408S,S:T19I,S:L24-,S:P25-,S:A27S,S:G142D,S:V213G,S:T376A,S:L452R,S:F486V,S:K444T,S:N460K	2022-12-10	2022.941	2022	29795	NA	NA	38.916963	-98.891372
IND/NGS-1410/2023	2023.001	Asia	India	India	22E (BQ.1)	BQ.1	BQ.1	22E	Homo sapiens	Raju et al	OQ852616	S:D614G,S:P681H,S:H69-,S:V70-,S:G339D,S:S371F,S:S373P,S:S375F,S:K417N,S:N440K,S:S477N,S:T478K,S:E484A,S:Q498R,S:N501Y,S:H655Y,S:N679K,S:N764K,S:D796Y,S:N969K,S:P26-,S:D405N,S:R408S,S:T19I,S:L24-,S:P25-,S:A27S,S:G142D,S:V213G,S:T376A,S:L452R,S:F486V,S:K444T,S:N460K	2023-01-01	2023.001	2023	29868	29	NA	21.077353	78.723951
USA/CA-CDC-STM-XR6VXTTBK/2023	2023.032	North America	USA	California	22E (BQ.1)	BQ.1.12	BQ.1.12	22E	Homo sapiens	Howard et al	OQ301453	S:D614G,S:P681H,S:H69-,S:V70-,S:G339D,S:S371F,S:S373P,S:S375F,S:K417N,S:N440K,S:S477N,S:T478K,S:E484A,S:Q498R,S:N501Y,S:Y505H,S:H655Y,S:N679K,S:N764K,S:D796Y,S:N969K,S:P26-,S:D405N,S:R408S,S:T19I,S:L24-,S:P25-,S:A27S,S:G142D,S:V213G,S:T376A,S:L452R,S:F486V,S:K444T,S:N460K,S:T573I	2023-01-12	2023.032	2023	29890	41	F	38.916963	-98.891372
USA/MD-CDC-QDX43427271/2022	2022.848	North America	USA	Maryland	22E (BQ.1)	BQ.1.1.51	BQ.1.1.51	22E	Homo sapiens	Howard et al	OP869516	S:D614G,S:P681H,S:H69-,S:V70-,S:G339D,S:S371F,S:S373P,S:S375F,S:K417N,S:N440K,S:S477N,S:T478K,S:E484A,S:Q498R,S:N501Y,S:Y505H,S:H655Y,S:N679K,S:N764K,S:D796Y,S:N969K,S:P26-,S:D405N,S:R408S,S:T19I,S:L24-,S:P25-,S:A27S,S:G142D,S:V213G,S:T376A,S:L452R,S:F486V,S:K444T,S:N460K,S:R346T	2022-11-06	2022.848	2022	29719	23	NA	38.916963	-98.891372
CAN/4-Day1/2022	2022.911	North America	Canada	Canada	22E (BQ.1)	BQ.1.1	BQ.1.1	22E	Homo sapiens	Hedskog et al	PX916458	S:D614G,S:P681H,S:H69-,S:V70-,S:G339D,S:S371F,S:S373P,S:S375F,S:K417N,S:N440K,S:S477N,S:T478K,S:E484A,S:Q498R,S:N501Y,S:Y505H,S:H655Y,S:N679K,S:N764K,S:D796Y,S:N969K,S:P26-,S:D405N,S:R408S,S:T19I,S:L24-,S:P25-,S:A27S,S:G142D,S:V213G,S:T376A,S:L452R,S:F486V,S:K444T,S:N460K,S:R346T	2022-11-29	2022.911	2022	29820	42	NA	61.0666922	-107.991707
PQ726373	2022.936	Europe	Spain	Tarragona	22E (BQ.1)	BQ.1.1	BQ.1.1	22E	Homo sapiens	Panisello Yague et al	PQ726373	S:D614G,S:P681H,S:H69-,S:V70-,S:G339D,S:S371F,S:S373P,S:S375F,S:K417N,S:N440K,S:S477N,S:T478K,S:E484A,S:Q498R,S:N501Y,S:Y505H,S:H655Y,S:N679K,S:N764K,S:D796Y,S:N969K,S:P26-,S:D405N,S:R408S,S:T19I,S:L24-,S:P25-,S:A27S,S:G142D,S:V213G,S:T376A,S:L452R,S:F486V,S:K444T,S:N460K,S:R346T	2022-12-08	2022.936	2022	29661	61	M	40.4637	-3.7492
USA/CA-CDPH-500105185/2023	2023.182	North America	USA	California	22E (BQ.1)	BQ.1.1	BQ.1.1	22E	Homo sapiens	Scribner et al	OQ880080	S:D614G,S:P681H,S:H69-,S:V70-,S:G339D,S:S371F,S:S373P,S:S375F,S:K417N,S:N440K,S:S477N,S:T478K,S:E484A,S:Q498R,S:N501Y,S:Y505H,S:H655Y,S:N679K,S:N764K,S:D796Y,S:N969K,S:P26-,S:D405N,S:R408S,S:T19I,S:L24-,S:P25-,S:A27S,S:G142D,S:V213G,S:T376A,S:L452R,S:F486V,S:K444T,S:N460K,S:R346T,S:H245N	2023-03-08	2023.182	2023	29689	59	NA	38.916963	-98.891372
USA/MEX-QUE-UW-23012733534/2023	2023.073	North America	Mexico	Queretaro	22E (BQ.1)	BQ.1.1	BQ.1.1	22E	Homo sapiens	Roychoudhury et al	PQ649498	S:D614G,S:P681H,S:H69-,S:V70-,S:G339D,S:S371F,S:S373P,S:S375F,S:K417N,S:N440K,S:S477N,S:T478K,S:E484A,S:Q498R,S:N501Y,S:Y505H,S:H655Y,S:N679K,S:N764K,S:D796Y,S:N969K,S:P26-,S:D405N,S:R408S,S:T19I,S:L24-,S:P25-,S:A27S,S:G142D,S:V213G,S:T376A,S:L452R,S:F486V,S:K444T,S:N460K,S:R346T	2023-01-27	2023.073	2023	29629	NA	NA	19.4325301	-99.1332101
IMS-10375-CVDP-CB1BFB82-C5D0-4778-9A97-DFB29FAF1191	2022.747	Europe	Germany	NA	22B (BA.5)	BA.5.9	BA.5.9	22B	NA	?	NA	S:D614G,S:H69-,S:V70-,S:G339D,S:S371F,S:S373P,S:S375F,S:K417N,S:N440K,S:S477N,S:T478K,S:E484A,S:Q498R,S:N501Y,S:Y505H,S:H655Y,S:N679K,S:N764K,S:D796Y,S:N969K,S:P26-,S:D405N,S:R408S,S:T19I,S:L24-,S:P25-,S:A27S,S:G142D,S:V213G,S:T376A,S:L452R,S:F486V,S:P68-	2022-09-30	2022.747	2022	29862	35	M	51.1657	10.4515
USA/TX-CDC-STM-EAPMXBQBN/2022	2022.692	North America	USA	Texas	22B (BA.5)	BF.10	BF.10	22B	Homo sapiens	Howard et al	OP505061	S:D614G,S:P681H,S:H69-,S:V70-,S:G339D,S:S371F,S:S373P,S:S375F,S:K417N,S:N440K,S:S477N,S:T478K,S:E484A,S:Q498R,S:N501Y,S:Y505H,S:H655Y,S:N679K,S:N764K,S:D796Y,S:N969K,S:P26-,S:D405N,S:R408S,S:T19I,S:L24-,S:P25-,S:A27S,S:G142D,S:V213G,S:T376A,S:L452R,S:F486V,S:K97T	2022-09-10	2022.692	2022	29712	47	NA	38.916963	-98.891372
IND/NGS-993/2022	2022.618	Asia	India	India	22B (BA.5)	BF.4	BF.4	22B	Homo sapiens	Raju et al	OQ852553	S:D614G,S:P681H,S:H69-,S:V70-,S:G339D,S:S371F,S:S373P,S:S375F,S:K417N,S:N440K,S:S477N,S:T478K,S:E484A,S:Q498R,S:N501Y,S:Y505H,S:H655Y,S:N679K,S:N764K,S:D796Y,S:N969K,S:P26-,S:D405N,S:R408S,S:T19I,S:L24-,S:P25-,S:A27S,S:G142D,S:V213G,S:T376A,S:L452R,S:F486V,S:T259A	2022-08-14	2022.618	2022	29788	53	NA	21.077353	78.723951
PQ726201	2022.793	Europe	Spain	Malgrat De Mar	22B (BA.5)	BF.7	BF.7	22B	Homo sapiens	Panisello Yague et al	PQ726201	S:D614G,S:P681H,S:H69-,S:V70-,S:G339D,S:S371F,S:S373P,S:S375F,S:K417N,S:N440K,S:S477N,S:T478K,S:E484A,S:Q498R,S:N501Y,S:Y505H,S:H655Y,S:N679K,S:N764K,S:D796Y,S:N969K,S:P26-,S:D405N,S:R408S,S:T19I,S:L24-,S:P25-,S:A27S,S:G142D,S:V213G,S:T376A,S:L452R,S:F486V,S:R346T	2022-10-17	2022.793	2022	29739	NA	F	40.4637	-3.7492
CHN/GDCDC-CZ-0067/2023	2023.166	Asia	China	Guangdong	22B (BA.5)	BF.7.14	BF.7.14	22B	Homo sapiens	Zheng et al	PQ103959	S:D614G,S:P681H,S:H69-,S:V70-,S:G339D,S:S371F,S:S373P,S:S375F,S:K417N,S:N440K,S:S477N,S:T478K,S:E484A,S:Q498R,S:N501Y,S:Y505H,S:H655Y,S:N679K,S:N764K,S:D796Y,S:N969K,S:P26-,S:D405N,S:R408S,S:T19I,S:L24-,S:P25-,S:A27S,S:G142D,S:V213G,S:T376A,S:L452R,S:F486V,S:R346T,S:C1243F	2023-03-02	2023.166	2023	29767	66	M	33.394333	104.689839
IND/NGS-838/2022	2022.442	Asia	India	India	22B (BA.5)	BA.5.2.20	BA.5.2.20	22B	Homo sapiens	Raju et al	OQ852538	S:D614G,S:P681H,S:H69-,S:V70-,S:G339D,S:S371F,S:S373P,S:S375F,S:K417N,S:N440K,S:S477N,S:T478K,S:E484A,S:Q498R,S:N501Y,S:Y505H,S:H655Y,S:N679K,S:N764K,S:D796Y,S:N969K,S:P26-,S:D405N,S:R408S,S:T19I,S:L24-,S:P25-,S:A27S,S:G142D,S:V213G,S:T376A,S:L452R,S:F486V	2022-06-11	2022.442	2022	29693	51	M	21.077353	78.723951
BGD/BD_B_220613_41/2022	2022.448	Asia	Bangladesh	Chattogram	22B (BA.5)	BA.5.2	BA.5.2	22B	Homo sapiens	Kawser et al	OR889568	S:D614G,S:P681H,S:H69-,S:V70-,S:G339D,S:S371F,S:S373P,S:S375F,S:K417N,S:N440K,S:S477N,S:T478K,S:E484A,S:Q498R,S:N501Y,S:Y505H,S:H655Y,S:N679K,S:N764K,S:D796Y,S:N969K,S:P26-,S:D405N,S:R408S,S:T19I,S:L24-,S:P25-,S:A27S,S:G142D,S:V213G,S:T376A,S:L452R,S:F486V	2022-06-13	2022.448	2022	29795	28	NA	24.506442	90.041454
OP550259	2022.656	Asia	Pakistan	Sindh	22B (BA.5)	BA.5.2	BA.5.2	22B	Homo sapiens	Khan et al	OP550259	S:D614G,S:P681H,S:H69-,S:V70-,S:G339D,S:S371F,S:S373P,S:S375F,S:K417N,S:N440K,S:S477N,S:T478K,S:E484A,S:Q498R,S:N501Y,S:Y505H,S:H655Y,S:N679K,S:N764K,S:D796Y,S:N969K,S:P26-,S:D405N,S:R408S,S:T19I,S:L24-,S:P25-,S:A27S,S:G142D,S:V213G,S:T376A,S:L452R,S:F486V	2022-08-28	2022.656	2022	29882	63	M	30	70
CHN/2022A_XG40230/2022	2022.862	Asia	China	Guangdong	22B (BA.5)	DY.3	DY.3	22B	Homo sapiens	Zheng et al	PP771267	S:D614G,S:P681H,S:H69-,S:V70-,S:G339D,S:S371F,S:S373P,S:S375F,S:K417N,S:N440K,S:S477N,S:T478K,S:E484A,S:Q498R,S:N501Y,S:Y505H,S:H655Y,S:N679K,S:N764K,S:D796Y,S:N969K,S:P26-,S:D405N,S:R408S,S:T19I,S:L24-,S:P25-,S:A27S,S:G142D,S:V213G,S:T376A,S:L452R,S:F486V	2022-11-11	2022.862	2022	29723	NA	NA	33.394333	104.689839
CHN/GDCDC-00829/2023	2023.089	Asia	China	Guangdong	22B (BA.5)	DY.3	DY.3	22B	Homo sapiens	Zheng et al	PQ105853	S:D614G,S:P681H,S:H69-,S:V70-,S:G339D,S:S371F,S:S373P,S:S375F,S:K417N,S:N440K,S:S477N,S:T478K,S:E484A,S:Q498R,S:N501Y,S:Y505H,S:H655Y,S:N679K,S:N764K,S:D796Y,S:N969K,S:P26-,S:D405N,S:R408S,S:T19I,S:L24-,S:P25-,S:A27S,S:G142D,S:V213G,S:T376A,S:L452R,S:F486V,S:L585F	2023-02-02	2023.089	2023	29702	NA	NA	33.394333	104.689839
CHN/GCDC-DG010508/2022	2022.971	Asia	China	Guangdong	22B (BA.5)	DY.3	DY.3	22B	Homo sapiens	Zheng et al	PQ105738	S:D614G,S:P681H,S:H69-,S:V70-,S:G339D,S:S371F,S:S373P,S:S375F,S:K417N,S:N440K,S:S477N,S:T478K,S:E484A,S:Q498R,S:N501Y,S:Y505H,S:H655Y,S:N679K,S:N764K,S:D796Y,S:N969K,S:P26-,S:D405N,S:R408S,S:T19I,S:L24-,S:P25-,S:A27S,S:G142D,S:V213G,S:T376A,S:L452R,S:F486V	2022-12-21	2022.971	2022	29857	14	F	33.394333	104.689839
IND/NGS-592/2022	2022.338	Asia	India	India	22A (BA.4)	BA.4	BA.4	22A	Homo sapiens	Raju et al	OQ852510	S:D614G,S:P681H,S:H69-,S:V70-,S:G339D,S:S371F,S:S373P,S:S375F,S:K417N,S:N440K,S:S477N,S:T478K,S:E484A,S:Q498R,S:N501Y,S:Y505H,S:H655Y,S:N679K,S:N764K,S:D796Y,S:N969K,S:P26-,S:D405N,S:R408S,S:T19I,S:L24-,S:P25-,S:A27S,S:G142D,S:V213G,S:T376A,S:L452R,S:F486V,S:N658S	2022-05-04	2022.338	2022	29861	NA	NA	21.077353	78.723951
CHN/GD-4/2022	2022.497	Asia	China	China	22A (BA.4)	BA.4	BA.4	22A	Homo sapiens	Bao et al	OP678017	S:D614G,S:P681H,S:H69-,S:V70-,S:G339D,S:S371F,S:S373P,S:S375F,S:K417N,S:N440K,S:S477N,S:T478K,S:E484A,S:Q498R,S:N501Y,S:Y505H,S:H655Y,S:N679K,S:N764K,S:D796Y,S:N969K,S:P26-,S:D405N,S:R408S,S:T19I,S:L24-,S:P25-,S:A27S,S:G142D,S:V213G,S:T376A,S:L452R,S:F486V,S:N658S,S:R682W	2022-07-01	2022.497	2022	29779	27	F	33.394333	104.689839
ETH/EPHI-3440-08/2022	2022.582	Africa	Ethiopia	Ethiopia	22A (BA.4)	BA.4	BA.4	22A	Homo sapiens	Hailu et al	PQ140545	S:D614G,S:P681H,S:H69-,S:V70-,S:G339D,S:S371F,S:S373P,S:S375F,S:K417N,S:N440K,S:S477N,S:T478K,S:E484A,S:Q498R,S:N501Y,S:Y505H,S:H655Y,S:N679K,S:N764K,S:D796Y,S:N969K,S:P26-,S:D405N,S:T19I,S:L24-,S:P25-,S:A27S,S:G142D,S:V213G,S:T376A,S:L452R,S:F486V,S:N658S,S:A1020S	2022-08-01	2022.582	2022	29863	61	NA	9.145	40.4897
ETH/21356071823/2022	2022.388	Africa	Ethiopia	Ethiopia	22A (BA.4)	BA.4.1.1	BA.4.1.1	22A	Homo sapiens	Bitew et al	PP069551	S:D614G,S:P681H,S:H69-,S:V70-,S:K417N,S:N440K,S:S477N,S:T478K,S:E484A,S:Q498R,S:N501Y,S:Y505H,S:H655Y,S:N679K,S:N764K,S:D796Y,S:N969K,S:P26-,S:D405N,S:T19I,S:L24-,S:P25-,S:A27S,S:G142D,S:V213G,S:L452R,S:F486V,S:I670V	2022-05-22	2022.388	2022	29640	51	M	9.145	40.4897
ETH/21356071771/2022	2022.467	Africa	Ethiopia	Ethiopia	22A (BA.4)	BA.4.1	BA.4.1	22A	Homo sapiens	Bitew et al	PP069554	S:D614G,S:P681H,S:H69-,S:V70-,S:K417N,S:N440K,S:S477N,S:T478K,S:E484A,S:Q498R,S:N501Y,S:Y505H,S:H655Y,S:N679K,S:N764K,S:D796Y,S:N969K,S:P26-,S:D405N,S:T19I,S:L24-,S:P25-,S:A27S,S:G142D,S:V213G,S:L452R,S:F486V	2022-06-20	2022.467	2022	29677	50	F	9.145	40.4897
IND/NGS-902/2022	2022.577	Asia	India	India	22A (BA.4)	BA.4.1.8	BA.4.1.8	22A	Homo sapiens	Raju et al	OQ852544	S:D614G,S:P681H,S:H69-,S:V70-,S:K417N,S:N440K,S:S477N,S:T478K,S:E484A,S:Q498R,S:N501Y,S:H655Y,S:N679K,S:N764K,S:D796Y,S:N969K,S:P26-,S:D405N,S:R408S,S:T19I,S:L24-,S:P25-,S:A27S,S:G142D,S:V213G,S:L452R,S:F486V,S:R346T	2022-07-30	2022.577	2022	29894	25	NA	21.077353	78.723951
ETH/EPHI-3385-07/2022	2022.497	Africa	Ethiopia	Ethiopia	22A (BA.4)	BA.4.1	BA.4.1	22A	Homo sapiens	Hailu et al	PQ140536	S:D614G,S:P681H,S:H69-,S:V70-,S:K417N,S:N440K,S:S477N,S:T478K,S:E484A,S:Q498R,S:N501Y,S:Y505H,S:H655Y,S:N679K,S:N764K,S:D796Y,S:N969K,S:P26-,S:D405N,S:R408S,S:T19I,S:L24-,S:P25-,S:A27S,S:G142D,S:V213G,S:L452R,S:F486V	2022-07-01	2022.497	2022	29701	65	F	9.145	40.4897
MEX/TAM_032871CIBIN/2022	2022.607	North America	Mexico	Mexico	22A (BA.4)	BA.4.1	BA.4.1	22A	Homo sapiens	Taboada et al	OR156508	S:D614G,S:P681H,S:H69-,S:V70-,S:K417N,S:N440K,S:S477N,S:T478K,S:E484A,S:Q498R,S:N501Y,S:Y505H,S:H655Y,S:N679K,S:N764K,S:D796Y,S:N969K,S:P26-,S:D405N,S:R408S,S:T19I,S:L24-,S:P25-,S:A27S,S:G142D,S:V213G,S:L452R,S:F486V	2022-08-10	2022.607	2022	29798	36	NA	19.4325301	-99.1332101
IND/NIB259368/2022	2022.045	Asia	India	Uttar Pradesh	21L (BA.2)	BA.2	BA.2	21L	Homo sapiens	Misra et al	OP801665	S:D614G,S:P681H,S:G339D,S:S371F,S:S373P,S:S375F,S:K417N,S:N440K,S:S477N,S:T478K,S:E484A,S:Q498R,S:N501Y,S:Y505H,S:H655Y,S:N679K,S:N764K,S:D796Y,S:N969K,S:D405N,S:R408S,S:T19I,S:G142D,S:V213G,S:T376A,S:Q493R	2022-01-17	2022.045	2022	29872	53	M	21.077353	78.723951
MMR/DSMRC-089/2022	2022.19	Asia	Myanmar	Myanmar	21L (BA.2)	BA.2.10.1	BA.2.10.1	21L	Homo sapiens	Oo et al	ON038762	S:D614G,S:P681H,S:G339D,S:S371F,S:S373P,S:S375F,S:K417N,S:N440K,S:S477N,S:T478K,S:E484A,S:Q498R,S:N501Y,S:Y505H,S:H655Y,S:N679K,S:N764K,S:D796Y,S:N969K,S:P26-,S:D405N,S:R408S,S:T19I,S:L24-,S:P25-,S:A27S,S:G142D,S:V213G,S:T376A,S:Q493R,S:G798D	2022-03-11	2022.19	2022	29893	59	NA	20.600856	96.287616
MMR/DSMRC-090/2022	2022.136	Asia	Myanmar	Myanmar	21L (BA.2)	BA.2.10.1	BA.2.10.1	21L	Homo sapiens	Oo et al	ON038763	S:D614G,S:P681H,S:G339D,S:S371F,S:S373P,S:S375F,S:K417N,S:N440K,S:S477N,S:T478K,S:E484A,S:Q498R,S:N501Y,S:Y505H,S:H655Y,S:N679K,S:N764K,S:D796Y,S:N969K,S:P26-,S:D405N,S:R408S,S:T19I,S:L24-,S:P25-,S:A27S,S:G142D,S:V213G,S:T376A,S:Q493R,S:G798D	2022-02-19	2022.136	2022	29670	26	F	20.600856	96.287616
CHN/S453-1402-531028/2022	2022.166	Asia	China	China	21L (BA.2)	BA.2.3	BA.2.3	21L	Homo sapiens	Wang et al	PP380277	S:D614G,S:P681H,S:G339D,S:S371F,S:S373P,S:S375F,S:K417N,S:N440K,S:S477N,S:T478K,S:E484A,S:Q498R,S:N501Y,S:Y505H,S:H655Y,S:N679K,S:N764K,S:D796Y,S:N969K,S:P26-,S:D405N,S:R408S,S:T19I,S:L24-,S:P25-,S:A27S,S:G142D,S:V213G,S:T376A,S:Q493R	2022-03-02	2022.166	2022	29885	49	M	33.394333	104.689839
CHN/NJ_08/2022	2022.111	Asia	China	China	21L (BA.2)	BA.2	BA.2	21L	Homo sapiens	Geng et al	OM698370	S:D614G,S:P681H,S:G339D,S:S371F,S:S373P,S:S375F,S:K417N,S:N440K,S:S477N,S:T478K,S:E484A,S:Q498R,S:N501Y,S:Y505H,S:H655Y,S:N679K,S:N764K,S:D796Y,S:N969K,S:P26-,S:D405N,S:R408S,S:T19I,S:L24-,S:P25-,S:A27S,S:G142D,S:V213G,S:T376A,S:Q493R	2022-02-10	2022.111	2022	29794	5	M	33.394333	104.689839
CHN/O-changhai-2-51-S34/2022	2022.322	Asia	China	China	21L (BA.2)	BA.2.2.1	BA.2.2.1	21L	Homo sapiens	Xia et al	ON965801	S:D614G,S:P681H,S:G339D,S:S371F,S:S373P,S:S375F,S:N440K,S:S477N,S:T478K,S:E484A,S:Q498R,S:N501Y,S:Y505H,S:H655Y,S:N679K,S:N764K,S:D796Y,S:N969K,S:P26-,S:D405N,S:R408S,S:T19I,S:L24-,S:P25-,S:A27S,S:G142D,S:V213G,S:T376A,S:Q493R,S:I1221T	2022-04-28	2022.322	2022	29754	44	M	33.394333	104.689839
VNM/OUCRU-NHTD3110/2022	2022.462	Asia	Vietnam	Vietnam	21L (BA.2)	BA.2	BA.2	21L	Homo sapiens	Kesteman et al	OP326045	S:D614G,S:P681H,S:G339D,S:S371F,S:S373P,S:S375F,S:K417N,S:N440K,S:S477N,S:T478K,S:E484A,S:Q498R,S:N501Y,S:Y505H,S:H655Y,S:N679K,S:N764K,S:D796Y,S:N969K,S:P26-,S:D405N,S:R408S,S:T19I,S:L24-,S:P25-,S:A27S,S:G142D,S:V213G,S:T376A,S:Q493R	2022-06-18	2022.462	2022	29622	16	NA	16.16667	107.83333
IND/NGS-589/2022	2022.303	Asia	India	India	21L (BA.2)	BA.2.43	BA.2.43	21L	Homo sapiens	Raju et al	OQ859933	S:D614G,S:P681H,S:G339D,S:S373P,S:S375F,S:K417N,S:N440K,S:S477N,S:T478K,S:E484A,S:Q498R,S:N501Y,S:Y505H,S:H655Y,S:N679K,S:N764K,S:D796Y,S:N969K,S:P26-,S:D405N,S:R408S,S:T19I,S:L24-,S:P25-,S:A27S,S:G142D,S:V213G,S:T376A,S:Q493R,S:S371Y,S:E1202Q	2022-04-21	2022.303	2022	29795	47	F	21.077353	78.723951
IND/NGS-771/2022	2022.423	Asia	India	India	21L (BA.2)	BA.2.43	BA.2.43	21L	Homo sapiens	Raju et al	OQ852533	S:D614G,S:P681H,S:G339D,S:S373P,S:S375F,S:K417N,S:N440K,S:S477N,S:T478K,S:E484A,S:Q498R,S:N501Y,S:Y505H,S:H655Y,S:N679K,S:N764K,S:D796Y,S:N969K,S:P26-,S:D405N,S:R408S,S:T19I,S:L24-,S:P25-,S:A27S,S:G142D,S:V213G,S:T376A,S:Q493R,S:S371Y,S:E1202Q	2022-06-04	2022.423	2022	29758	52	F	21.077353	78.723951
COL/LIME_4737/2022	2022.407	South America	Colombia	Colombia	22C (BA.2.12.1)	BA.2.12.1	BA.2.12.1	22C	Homo sapiens	Murillo et al	OP303166	S:D614G,S:P681H,S:G339D,S:S371F,S:S373P,S:S375F,S:K417N,S:S477N,S:T478K,S:E484A,S:Q498R,S:N501Y,S:Y505H,S:H655Y,S:N679K,S:N764K,S:D796Y,S:N969K,S:P26-,S:D405N,S:R408S,S:T19I,S:L24-,S:P25-,S:A27S,S:G142D,S:V213G,S:T376A,S:Q493R,S:L452Q,S:S704L	2022-05-29	2022.407	2022	29757	77	NA	2.893108	-73.7845142
CHN/GD-2-12/2022	2022.412	Asia	China	China	22C (BA.2.12.1)	BA.2.12.1	BA.2.12.1	22C	Homo sapiens	Bao et al	OP678014	S:D614G,S:P681H,S:G339D,S:S371F,S:S373P,S:S375F,S:K417N,S:N440K,S:S477N,S:T478K,S:E484A,S:Q498R,S:N501Y,S:Y505H,S:H655Y,S:N679K,S:N764K,S:D796Y,S:N969K,S:P26-,S:D405N,S:R408S,S:T19I,S:L24-,S:P25-,S:A27S,S:G142D,S:V213G,S:T376A,S:Q493R,S:L452Q,S:S704L,S:R682G	2022-05-31	2022.412	2022	29662	42	M	33.394333	104.689839
LBY/85811-25/2022	2022.41	Africa	Libya	Tripoli	22C (BA.2.12.1)	BA.2.12.1	BA.2.12.1	22C	Homo sapiens	Bashein et al	OQ623084	S:D614G,S:P681H,S:G339D,S:S371F,S:S373P,S:S375F,S:K417N,S:N440K,S:S477N,S:T478K,S:E484A,S:Q498R,S:N501Y,S:Y505H,S:H655Y,S:N679K,S:N764K,S:D796Y,S:N969K,S:P26-,S:D405N,S:R408S,S:T19I,S:L24-,S:P25-,S:A27S,S:G142D,S:V213G,S:T376A,S:Q493R,S:L452Q,S:S704L	2022-05-30	2022.41	2022	29624	48	NA	26.4215275	17.30331995251014
IND/NGS-1031/2022	2022.67	Asia	India	India	22D (BA.2.75)	CA.2	CA.2	22D	Homo sapiens	Raju et al	OQ852561	S:D614G,S:P681H,S:S371F,S:S373P,S:S375F,S:K417N,S:N440K,S:S477N,S:T478K,S:E484A,S:Q498R,S:N501Y,S:H655Y,S:N679K,S:N764K,S:D796Y,S:N969K,S:P26-,S:D405N,S:R408S,S:T19I,S:L24-,S:P25-,S:A27S,S:G142D,S:V213G,S:T376A,S:R346T,S:G339H,S:G446S,S:N460K,S:K147E,S:W152R,S:F157L,S:I210V,S:G257S,S:F486S,S:D1199N,S:S494P	2022-09-02	2022.67	2022	29778	NA	NA	21.077353	78.723951
AUS/VIC-VIDRL-00001820/2022	2022.719	Oceania	Australia	Victoria	22D (BA.2.75)	BA.2.75.2	BA.2.75.2	22D	Homo sapiens	Aziz et al	OQ692122	S:D614G,S:P681H,S:S371F,S:S373P,S:S375F,S:K417N,S:N440K,S:S477N,S:T478K,S:E484A,S:Q498R,S:N501Y,S:H655Y,S:N679K,S:N764K,S:D796Y,S:N969K,S:P26-,S:D405N,S:R408S,S:T19I,S:L24-,S:P25-,S:A27S,S:G142D,S:V213G,S:T376A,S:R346T,S:G339H,S:G446S,S:N460K,S:K147E,S:W152R,S:F157L,S:I210V,S:G257S,S:F486S,S:D1199N,S:Y505H	2022-09-20	2022.719	2022	29898	42	NA	-24.7761085	134.755
IND/NGS-1196/2022	2022.752	Asia	India	India	22D (BA.2.75)	BA.2.75.2	BA.2.75.2	22D	Homo sapiens	Raju et al	OQ852586	S:D614G,S:P681H,S:S371F,S:S373P,S:S375F,S:K417N,S:N440K,S:S477N,S:T478K,S:E484A,S:Q498R,S:N501Y,S:H655Y,S:N679K,S:N764K,S:D796Y,S:N969K,S:P26-,S:D405N,S:R408S,S:T19I,S:L24-,S:P25-,S:A27S,S:G142D,S:V213G,S:T376A,S:R346T,S:G339H,S:G446S,S:N460K,S:K147E,S:W152R,S:F157L,S:I210V,S:G257S,S:F486S,S:D1199N,S:Y505H	2022-10-02	2022.752	2022	29740	42	F	21.077353	78.723951
IND/hCoV-19_India_MP-AIIMS_B-WGS-BCS2_2022/2022	2022.618	Asia	India	Madhya Pradesh	22D (BA.2.75)	BA.2.75	BA.2.75	22D	Homo sapiens	Chowdhary et al	OP882695	S:D614G,S:P681H,S:S371F,S:S373P,S:S375F,S:K417N,S:N440K,S:S477N,S:T478K,S:E484A,S:Q498R,S:N501Y,S:H655Y,S:N679K,S:N764K,S:D796Y,S:N969K,S:P26-,S:D405N,S:R408S,S:T19I,S:L24-,S:P25-,S:A27S,S:G142D,S:V213G,S:T376A,S:G339H,S:G446S,S:N460K,S:K147E,S:W152R,S:F157L,S:I210V,S:G257S	2022-08-14	2022.618	2022	29715	42	NA	21.077353	78.723951
IND/NGS-999/2022	2022.618	Asia	India	India	22D (BA.2.75)	BA.2.75.1	BA.2.75.1	22D	Homo sapiens	Raju et al	OQ852554	S:D614G,S:P681H,S:S371F,S:S373P,S:S375F,S:K417N,S:N440K,S:S477N,S:T478K,S:E484A,S:Q498R,S:N501Y,S:H655Y,S:N679K,S:N764K,S:D796Y,S:N969K,S:P26-,S:D405N,S:R408S,S:T19I,S:L24-,S:P25-,S:A27S,S:G142D,S:V213G,S:T376A,S:G339H,S:G446S,S:N460K,S:K147E,S:W152R,S:F157L,S:I210V,S:G257S,S:Y505H,S:D574V	2022-08-14	2022.618	2022	29889	NA	NA	21.077353	78.723951
IND/CG-VRDL-AIIMS-348/2022	2022.678	Asia	India	India	22D (BA.2.75)	BA.2.75	BA.2.75	22D	Homo sapiens	Singh et al	OR016164	S:D614G,S:P681H,S:S371F,S:S373P,S:S375F,S:K417N,S:N440K,S:S477N,S:T478K,S:E484A,S:Q498R,S:N501Y,S:H655Y,S:N679K,S:N764K,S:D796Y,S:N969K,S:P26-,S:D405N,S:R408S,S:T19I,S:L24-,S:P25-,S:A27S,S:G142D,S:T376A,S:G339H,S:G446S,S:K147E,S:W152R,S:F157L,S:I210V,S:G257S,S:Y505H	2022-09-05	2022.678	2022	29686	44	NA	21.077353	78.723951
IND/NGS-1053/2022	2022.681	Asia	India	India	22D (BA.2.75)	BA.2.75.5	BA.2.75.5	22D	Homo sapiens	Raju et al	OQ852567	S:D614G,S:P681H,S:S371F,S:S373P,S:S375F,S:K417N,S:N440K,S:S477N,S:T478K,S:E484A,S:Q498R,S:N501Y,S:H655Y,S:N679K,S:N764K,S:D796Y,S:N969K,S:P26-,S:D405N,S:R408S,S:T19I,S:L24-,S:P25-,S:A27S,S:G142D,S:V213G,S:T376A,S:G339H,S:G446S,S:N460K,S:K147E,S:W152R,S:F157L,S:I210V,S:G257S,S:Y505H,S:K356T	2022-09-06	2022.681	2022	29749	NA	NA	21.077353	78.723951
CHN/YB20230531/2023	2023.336	Asia	China	Chongqing	22D (BA.2.75)	FR.1.3	FR.1.3	BN.1	Homo sapiens	Liu et al	OR185968	S:D614G,S:P681H,S:S371F,S:S373P,S:S375F,S:K417N,S:N440K,S:S477N,S:T478K,S:E484A,S:Q498R,S:N501Y,S:H655Y,S:N679K,S:N764K,S:D796Y,S:N969K,S:P26-,S:D405N,S:R408S,S:T19I,S:L24-,S:P25-,S:A27S,S:G142D,S:V213G,S:T376A,S:G339H,S:G446S,S:N460K,S:K147E,S:W152R,S:F157L,S:I210V,S:G257S,S:Y505H,S:K356T,S:R346T,S:F490S,S:K187E	2023-05-03	2023.336	2023	29671	NA	M	33.394333	104.689839
CHN/YB20230440/2023	2023.295	Asia	China	Chongqing	22D (BA.2.75)	FR.1.3	FR.1.3	BN.1	Homo sapiens	Liu et al	OR185909	S:D614G,S:P681H,S:S371F,S:S373P,S:S375F,S:K417N,S:N440K,S:S477N,S:T478K,S:E484A,S:Q498R,S:N501Y,S:H655Y,S:N679K,S:N764K,S:D796Y,S:N969K,S:P26-,S:D405N,S:R408S,S:T19I,S:L24-,S:P25-,S:A27S,S:G142D,S:V213G,S:T376A,S:G339H,S:G446S,S:N460K,S:K147E,S:W152R,S:F157L,S:I210V,S:G257S,S:Y505H,S:K356T,S:R346T,S:F490S,S:K187E	2023-04-18	2023.295	2023	29714	45	F	33.394333	104.689839
IND/NGS-193/2022	2022.947	Asia	India	India	22F (XBB)	XBB.2	XBB.2	22F	Homo sapiens	Raju et al	OQ569705	S:D614G,S:P681H,S:S371F,S:S373P,S:S375F,S:K417N,S:N440K,S:S477N,S:T478K,S:E484A,S:Q498R,S:N501Y,S:H655Y,S:N764K,S:D796Y,S:N969K,S:P26-,S:D405N,S:R408S,S:T19I,S:L24-,S:P25-,S:A27S,S:G142D,S:T376A,S:R346T,S:G339H,S:G446S,S:N460K,S:Y144-,S:H146Q,S:Q183E,S:V213E,S:L368I,S:V445P,S:F486S,S:F490S,S:N67S,S:D253G,S:P521Q	2022-12-12	2022.947	2022	29675	47	F	21.077353	78.723951
IND/Sample240/2023	2023.034	Asia	India	India	22F (XBB)	XBB.1.3	XBB.1.3	22F	Homo sapiens	Raju et al	OQ587570	S:D614G,S:P681H,S:S371F,S:S373P,S:S375F,S:K417N,S:N440K,S:S477N,S:T478K,S:E484A,S:Q498R,S:N501Y,S:H655Y,S:N679K,S:N764K,S:D796Y,S:N969K,S:P26-,S:D405N,S:R408S,S:T19I,S:L24-,S:P25-,S:A27S,S:G142D,S:T376A,S:R346T,S:G339H,S:G446S,S:N460K,S:Y144-,S:H146Q,S:Q183E,S:V213E,S:L368I,S:V445P,S:F486S,S:F490S,S:G252V	2023-01-13	2023.034	2023	29706	67	NA	21.077353	78.723951
IND/NGS-1242/2022	2022.914	Asia	India	India	22F (XBB)	XBB.1	XBB.1	22F	Homo sapiens	Raju et al	OQ852595	S:D614G,S:P681H,S:S371F,S:S373P,S:S375F,S:K417N,S:N440K,S:S477N,S:T478K,S:E484A,S:Q498R,S:N501Y,S:H655Y,S:N679K,S:N764K,S:D796Y,S:N969K,S:P26-,S:D405N,S:R408S,S:T19I,S:L24-,S:P25-,S:A27S,S:G142D,S:T376A,S:R346T,S:G339H,S:G446S,S:N460K,S:Y144-,S:H146Q,S:Q183E,S:V213E,S:L368I,S:V445P,S:F486S,S:F490S,S:G252V	2022-11-30	2022.914	2022	29848	36	F	21.077353	78.723951
IND/Sample214/2022	2022.988	Asia	India	India	22F (XBB)	XBB	XBB	22F	Homo sapiens	Raju et al	OQ587556	S:D614G,S:P681H,S:S371F,S:S373P,S:S375F,S:K417N,S:N440K,S:S477N,S:T478K,S:E484A,S:Q498R,S:N501Y,S:Y505H,S:H655Y,S:N679K,S:N764K,S:D796Y,S:N969K,S:P26-,S:D405N,S:R408S,S:T19I,S:L24-,S:P25-,S:A27S,S:G142D,S:T376A,S:R346T,S:G339H,S:G446S,S:N460K,S:Y144-,S:H146Q,S:Q183E,S:V213E,S:L368I,S:V445P,S:F486S,S:F490S,S:E554Q	2022-12-27	2022.988	2022	29896	NA	F	21.077353	78.723951
IND/NGS-1206/2022	2022.758	Asia	India	India	22F (XBB)	XBB.5	XBB.5	22F	Homo sapiens	Raju et al	OQ852589	S:D614G,S:P681H,S:S371F,S:S373P,S:S375F,S:K417N,S:N440K,S:S477N,S:T478K,S:E484A,S:Q498R,S:N501Y,S:Y505H,S:H655Y,S:N679K,S:N764K,S:D796Y,S:N969K,S:P26-,S:D405N,S:R408S,S:T19I,S:L24-,S:P25-,S:A27S,S:G142D,S:T376A,S:R346T,S:G339H,S:G446S,S:N460K,S:Y144-,S:H146Q,S:Q183E,S:V213E,S:L368I,S:V445P,S:F486S,S:F490S,S:A653V	2022-10-04	2022.758	2022	29736	39	F	21.077353	78.723951
IND/NGS-133/2022	2022.771	Asia	India	India	22F (XBB)	XBB.3	XBB.3	22F	Homo sapiens	Raju et al	OQ569695	S:D614G,S:P681H,S:S371F,S:S373P,S:S375F,S:K417N,S:N440K,S:S477N,S:T478K,S:E484A,S:Q498R,S:N501Y,S:Y505H,S:H655Y,S:N679K,S:N764K,S:D796Y,S:N969K,S:P26-,S:D405N,S:R408S,S:T19I,S:L24-,S:P25-,S:A27S,S:G142D,S:T376A,S:R346T,S:G339H,S:G446S,S:N460K,S:Y144-,S:H146Q,S:Q183E,S:V213E,S:L368I,S:V445P,S:F486S,S:F490S	2022-10-09	2022.771	2022	29893	47	M	21.077353	78.723951
BOL/BOL0050/2022	2022.947	South America	Bolivia	Santa Cruz De La Sierra	22F (XBB)	XBB	XBB	22F	Homo sapiens	Borrowman et al	PZ297494	S:D614G,S:P681H,S:S371F,S:S373P,S:S375F,S:K417N,S:N440K,S:S477N,S:T478K,S:E484A,S:Q498R,S:N501Y,S:Y505H,S:H655Y,S:N679K,S:N764K,S:D796Y,S:N969K,S:P26-,S:D405N,S:R408S,S:T19I,S:L24-,S:P25-,S:A27S,S:G142D,S:T376A,S:R346T,S:G339H,S:G446S,S:N460K,S:Y144-,S:H146Q,S:Q183E,S:V213E,S:L368I,S:V445P,S:F486S,S:F490S,S:V83A	2022-12-12	2022.947	2022	29726	47	NA	-17.0568696	-64.9912286
BOL/BOL0155/2023	2023.023	South America	Bolivia	Santa Cruz De La Sierra	22F (XBB)	XBB	XBB.1	22F	Homo sapiens	Borrowman et al	PZ297574	S:D614G,S:P681H,S:S371F,S:S373P,S:S375F,S:K417N,S:N440K,S:S477N,S:T478K,S:E484A,S:Q498R,S:H655Y,S:N679K,S:N764K,S:D796Y,S:N969K,S:P26-,S:D405N,S:R408S,S:T19I,S:L24-,S:P25-,S:A27S,S:G142D,S:T376A,S:R346T,S:G339H,S:G446S,S:N460K,S:Y144-,S:H146Q,S:Q183E,S:V213E,S:L368I,S:V445P,S:F486S,S:F490S,S:V83A,S:N5F	2023-01-09	2023.023	2023	29761	61	F	-17.0568696	-64.9912286
SGP/36-Day1/2023	2023.204	Asia	Singapore	Singapore	23E (XBB.2.3)	HH.1	HH.1	23E	Homo sapiens	Hedskog et al	PX916505	S:D614G,S:P681H,S:S371F,S:S373P,S:S375F,S:K417N,S:N440K,S:S477N,S:T478K,S:E484A,S:Q498R,S:N501Y,S:Y505H,S:H655Y,S:N679K,S:N764K,S:D796Y,S:N969K,S:P26-,S:D405N,S:R408S,S:T19I,S:L24-,S:P25-,S:A27S,S:G142D,S:T376A,S:R346T,S:G339H,S:G446S,S:N460K,S:Y144-,S:H146Q,S:Q183E,S:V213E,S:L368I,S:V445P,S:F490S,S:V83A,S:F486P,S:D253G,S:P521S,S:G184V	2023-03-16	2023.204	2023	29665	36	NA	1.344189	103.867546
BGR/226-Day10/2023	2023.747	Europe	Bulgaria	Bulgaria	23E (XBB.2.3)	GJ.5	GJ.5	23E	Homo sapiens	Hedskog et al	PX916797	S:D614G,S:P681H,S:S371F,S:S373P,S:S375F,S:K417N,S:N440K,S:S477N,S:E484A,S:Q498R,S:N501Y,S:Y505H,S:H655Y,S:N679K,S:N764K,S:D796Y,S:N969K,S:P26-,S:D405N,S:R408S,S:T19I,S:L24-,S:P25-,S:A27S,S:G142D,S:T376A,S:R346T,S:G339H,S:G446S,S:N460K,S:Y144-,S:H146Q,S:Q183E,S:V213E,S:L368I,S:V445P,S:F490S,S:V83A,S:F486P,S:D253G,S:P521S,S:T478R,S:K182N	2023-09-30	2023.747	2023	29821	23	M	42.78245	25.193668
THA/MTM_01_985/2023	2023.626	Asia	Thailand	Bangkok	23E (XBB.2.3)	GE.1.3	GE.1.3	23E	Homo sapiens	Schilling et al	OR598605	S:D614G,S:P681H,S:S371F,S:S373P,S:S375F,S:K417N,S:N440K,S:S477N,S:E484A,S:Q498R,S:N501Y,S:Y505H,S:H655Y,S:N679K,S:N764K,S:D796Y,S:N969K,S:P26-,S:D405N,S:R408S,S:T19I,S:L24-,S:P25-,S:A27S,S:G142D,S:T376A,S:R346T,S:G339H,S:G446S,S:N460K,S:Y144-,S:H146Q,S:Q183E,S:V213E,S:L368I,S:V445P,S:F490S,S:V83A,S:F486P,S:D253G,S:P521S,S:T478R,S:N185-,S:F186I,S:T732I	2023-08-17	2023.626	2023	29817	16	NA	14.8971921	100.83273
ROU/58-Day5/2023	2023.278	Europe	Romania	Romania	23E (XBB.2.3)	XBB.2.3	XBB.2.3	23E	Homo sapiens	Hedskog et al	PX916538	S:D614G,S:P681H,S:S371F,S:S373P,S:S375F,S:K417N,S:N440K,S:S477N,S:T478K,S:E484A,S:Q498R,S:N501Y,S:Y505H,S:H655Y,S:N679K,S:N764K,S:D796Y,S:N969K,S:P26-,S:D405N,S:R408S,S:T19I,S:L24-,S:P25-,S:A27S,S:G142D,S:T376A,S:R346T,S:G339H,S:G446S,S:N460K,S:Y144-,S:H146Q,S:Q183E,S:V213E,S:L368I,S:V445P,S:F490S,S:V83A,S:F486P,S:D253G,S:P521S	2023-04-12	2023.278	2023	29785	42	NA	45.9432	24.9668
IND/NICPR415/2023	2023.3	Asia	India	India	23E (XBB.2.3)	XBB.2.3.5	XBB.2.3.5	23E	Homo sapiens	Jogi et al	OR915538	S:D614G,S:P681H,S:S371F,S:S373P,S:S375F,S:K417N,S:N440K,S:S477N,S:E484A,S:Q498R,S:N501Y,S:H655Y,S:N679K,S:N764K,S:D796Y,S:N969K,S:P26-,S:D405N,S:R408S,S:T19I,S:L24-,S:P25-,S:A27S,S:G142D,S:T376A,S:R346T,S:G339H,S:G446S,S:N460K,S:Y144-,S:H146Q,S:Q183E,S:V213E,S:L368I,S:V445P,S:F490S,S:F486P,S:D253G,S:P521S,S:T478N	2023-04-20	2023.3	2023	29879	NA	NA	21.077353	78.723951
OY732321	2023.632	Europe	United Kingdom	Wales	23E (XBB.2.3)	XBB.2.3.4	XBB.2.3.4	23E	Homo sapiens	?	OY732321	S:D614G,S:P681H,S:S371F,S:S373P,S:S375F,S:K417N,S:N440K,S:S477N,S:E484A,S:Q498R,S:N501Y,S:Y505H,S:H655Y,S:N679K,S:N764K,S:D796Y,S:N969K,S:P26-,S:D405N,S:R408S,S:T19I,S:L24-,S:P25-,S:A27S,S:G142D,S:T376A,S:R346T,S:G339H,S:G446S,S:N460K,S:Y144-,S:H146Q,S:Q183E,S:V213E,S:L368I,S:V445P,S:F490S,S:V83A,S:F486P,S:D253G,S:P521S,S:T478Q	2023-08-19	2023.632	2023	29901	35	NA	54.242833	-2.088739
ROU/171-Day1/2023	2023.579	Europe	Romania	Romania	23E (XBB.2.3)	XBB.2.3	XBB.2.3	23E	Homo sapiens	Hedskog et al	PX916719	S:D614G,S:P681H,S:S371F,S:S373P,S:S375F,S:K417N,S:N440K,S:S477N,S:T478K,S:E484A,S:Q498R,S:N501Y,S:Y505H,S:H655Y,S:N679K,S:N764K,S:D796Y,S:N969K,S:P26-,S:D405N,S:R408S,S:T19I,S:L24-,S:P25-,S:A27S,S:G142D,S:T376A,S:R346T,S:G339H,S:G446S,S:N460K,S:Y144-,S:H146Q,S:Q183E,S:V213E,S:L368I,S:V445P,S:F490S,S:V83A,S:F486P,S:D253G,S:P521S	2023-07-31	2023.579	2023	29632	29	M	45.9432	24.9668
PP152314	2023.67	Asia	Pakistan	Sindh	22F (XBB)	GW.5	GW.5.2	22F	Homo sapiens	Khan et al	PP152314	S:D614G,S:P681H,S:S371F,S:S373P,S:S375F,S:K417N,S:N440K,S:S477N,S:E484A,S:Q498R,S:N501Y,S:Y505H,S:H655Y,S:N679K,S:N764K,S:D796Y,S:N969K,S:P26-,S:D405N,S:T19I,S:L24-,S:P25-,S:A27S,S:G142D,S:T376A,S:R346T,S:G339H,S:G446S,S:N460K,S:Y144-,S:H146Q,S:Q183E,S:V213E,S:L368I,S:V445P,S:F490S,S:V83A,S:F486P,S:G252V,S:E554K,S:R190S,S:T478I	2023-09-02	2023.67	2023	29667	NA	M	30	70
IND/NGS-235/2023	2023.018	Asia	India	India	23A (XBB.1.5)	XBB.1	XBB.1	23A	Homo sapiens	Raju et al	OQ569713	S:D614G,S:P681H,S:S371F,S:S373P,S:S375F,S:K417N,S:N440K,S:S477N,S:T478K,S:E484A,S:Q498R,S:N501Y,S:Y505H,S:H655Y,S:N679K,S:N764K,S:D796Y,S:N969K,S:P26-,S:D405N,S:R408S,S:T19I,S:L24-,S:P25-,S:A27S,S:G142D,S:T376A,S:R346T,S:G339H,S:G446S,S:N460K,S:Y144-,S:H146Q,S:Q183E,S:V213E,S:L368I,S:V445P,S:F490S,S:G252V,S:F486S	2023-01-07	2023.018	2023	29662	24	NA	21.077353	78.723951
CHN/YB20230444/2023	2023.311	Asia	China	Chongqing	23A (XBB.1.5)	XBB.1.43.1	XBB.1.43.1	23A	Homo sapiens	Liu et al	OR185913	S:D614G,S:P681H,S:S371F,S:S373P,S:S375F,S:K417N,S:N440K,S:S477N,S:T478K,S:E484A,S:Q498R,S:N501Y,S:Y505H,S:H655Y,S:N679K,S:N764K,S:D796Y,S:N969K,S:P26-,S:D405N,S:R408S,S:T19I,S:L24-,S:P25-,S:A27S,S:G142D,S:T376A,S:R346T,S:G339H,S:G446S,S:N460K,S:Y144-,S:H146Q,S:Q183E,S:V213E,S:L368I,S:V445P,S:F490S,S:V83A,S:F486P,S:G252V	2023-04-24	2023.311	2023	29797	35	NA	33.394333	104.689839
OZ370674	2023.81	Asia	China	China	23A (XBB.1.5)	FE.1.1.3	FE.1.1.3	FE.1	NA	Li WEN et al	OZ370674	S:D614G,S:P681H,S:S371F,S:S373P,S:S375F,S:K417N,S:N440K,S:S477N,S:T478K,S:E484A,S:Q498R,S:N501Y,S:Y505H,S:H655Y,S:N679K,S:N764K,S:D796Y,S:N969K,S:P26-,S:D405N,S:R408S,S:T19I,S:L24-,S:P25-,S:A27S,S:G142D,S:T376A,S:R346T,S:G339H,S:G446S,S:N460K,S:Y144-,S:H146Q,S:Q183E,S:V213E,S:L368I,S:V445P,S:F490S,S:V83A,S:F486P,S:G252V,S:F456L	2023-10-23	2023.81	2023	29876	NA	NA	33.394333	104.689839
BRA/205-Day1/2023	2023.681	South America	Brazil	Brazil	23A (XBB.1.5)	FE.1.1	FE.1.1	FE.1	Homo sapiens	Hedskog et al	PX916770	S:D614G,S:P681H,S:S371F,S:S373P,S:S375F,S:K417N,S:N440K,S:S477N,S:T478K,S:E484A,S:Q498R,S:N501Y,S:Y505H,S:H655Y,S:N679K,S:N764K,S:D796Y,S:N969K,S:P26-,S:D405N,S:R408S,S:T19I,S:L24-,S:P25-,S:A27S,S:G142D,S:T376A,S:R346T,S:G339H,S:G446S,S:N460K,S:Y144-,S:Q183E,S:V213E,S:L368I,S:V445P,S:V83A,S:F486P,S:G252V,S:F456L,S:H146K,S:F490P	2023-09-06	2023.681	2023	29701	24	NA	-10.3333332	-53.1999999
USA/CA-CDC-LC1022133/2023	2023.158	North America	USA	California	23A (XBB.1.5)	HT.1	HT.1	23A	Homo sapiens	Howard et al	OQ601299	S:D614G,S:P681H,S:S371F,S:S373P,S:S375F,S:K417N,S:N440K,S:S477N,S:T478K,S:E484A,S:Q498R,S:N501Y,S:Y505H,S:H655Y,S:N679K,S:N764K,S:D796Y,S:N969K,S:P26-,S:D405N,S:R408S,S:T19I,S:L24-,S:P25-,S:A27S,S:G142D,S:T376A,S:R346T,S:G339H,S:G446S,S:N460K,S:Y144-,S:H146Q,S:Q183E,S:V213E,S:L368I,S:V445P,S:F490S,S:V83A,S:F486P,S:G252V,S:N148T	2023-02-27	2023.158	2023	29739	50	NA	38.916963	-98.891372
VNM/NHTD-OUCRU4126/2023	2023.599	Asia	Vietnam	Vietnam	23A (XBB.1.5)	GR.1	GR.1	23A	Homo sapiens	Nguyen et al	PP031985	S:D614G,S:P681H,S:S371F,S:S373P,S:S375F,S:K417N,S:N440K,S:S477N,S:T478K,S:E484A,S:Q498R,S:N501Y,S:Y505H,S:H655Y,S:N679K,S:N764K,S:D796Y,S:N969K,S:P26-,S:D405N,S:R408S,S:T19I,S:L24-,S:P25-,S:A27S,S:G142D,S:T376A,S:R346T,S:G339H,S:G446S,S:N460K,S:Y144-,S:H146Q,S:Q183E,S:V213E,S:L368I,S:F490S,S:V83A,S:F486P,S:G252V,S:E281D,S:V445S	2023-08-07	2023.599	2023	29610	28	F	16.16667	107.83333
ZAF/97-Day1/2023	2023.371	Africa	South Africa	South Africa	23A (XBB.1.5)	XBB.1.5.81	XBB.1.5.81	23A	Homo sapiens	Hedskog et al	PX916601	S:D614G,S:P681H,S:S371F,S:S373P,S:S375F,S:K417N,S:N440K,S:S477N,S:E484A,S:Q498R,S:H655Y,S:N679K,S:N764K,S:D796Y,S:N969K,S:P26-,S:D405N,S:R408S,S:T19I,S:L24-,S:P25-,S:A27S,S:G142D,S:T376A,S:R346T,S:G339H,S:G446S,S:N460K,S:Y144-,S:H146Q,S:Q183E,S:V213E,S:L368I,S:V445P,S:F490S,S:V83A,S:F486P,S:G252V,S:T478R,S:N5F	2023-05-16	2023.371	2023	29846	NA	M	-28.8166235	24.991639
England/PHEP-YYGJMQB/2023	2023.084	Europe	United Kingdom	England	23A (XBB.1.5)	XBB.1.5	XBB.1.5	23A	Homo sapiens	?	OY018485	S:D614G,S:P681H,S:S371F,S:S373P,S:S375F,S:K417N,S:N440K,S:S477N,S:T478K,S:E484A,S:Q498R,S:N501Y,S:Y505H,S:H655Y,S:N679K,S:N764K,S:D796Y,S:N969K,S:P26-,S:D405N,S:R408S,S:T19I,S:L24-,S:P25-,S:A27S,S:G142D,S:T376A,S:R346T,S:G339H,S:G446S,S:N460K,S:Y144-,S:H146Q,S:Q183E,S:V213E,S:L368I,S:V445P,S:F490S,S:V83A,S:F486P,S:G252V	2023-01-31	2023.084	2023	29764	87	NA	54.242833	-2.088739
BRA/LACENAL-270246335/2023	2023.242	South America	Brazil	Brazil	23A (XBB.1.5)	XBB.1.5	XBB.1.5	23A	Homo sapiens	Nascimento et al	OQ847667	S:D614G,S:P681H,S:S371F,S:S373P,S:S375F,S:K417N,S:N440K,S:S477N,S:T478K,S:E484A,S:Q498R,S:N501Y,S:Y505H,S:H655Y,S:N679K,S:N764K,S:D796Y,S:N969K,S:P26-,S:D405N,S:R408S,S:T19I,S:L24-,S:P25-,S:A27S,S:G142D,S:T376A,S:G339H,S:G446S,S:N460K,S:Y144-,S:H146Q,S:Q183E,S:V213E,S:L368I,S:V445P,S:F490S,S:V83A,S:F486P,S:G252V	2023-03-30	2023.242	2023	29667	54	NA	-10.3333332	-53.1999999
IND/NICPR418/2023	2023.3	Asia	India	India	23B (XBB.1.16)	XBB.1.16.3	XBB.1.16.3	23B	Homo sapiens	Jogi et al	OR915540	S:D614G,S:P681H,S:S371F,S:S373P,S:S375F,S:K417N,S:N440K,S:S477N,S:E484A,S:Q498R,S:N501Y,S:Y505H,S:H655Y,S:N679K,S:N764K,S:D796Y,S:N969K,S:P26-,S:D405N,S:R408S,S:T19I,S:L24-,S:P25-,S:A27S,S:G142D,S:T376A,S:R346T,S:G339H,S:G446S,S:N460K,S:Y144-,S:H146Q,S:Q183E,S:V213E,S:L368I,S:V445P,S:F490S,S:F486P,S:G252V,S:E180V,S:T478R	2023-04-20	2023.3	2023	29779	NA	M	21.077353	78.723951
IND/2923/2023	2023.16	Asia	India	India	23B (XBB.1.16)	XBB.1.16.1	XBB.1.16.1	23B	Homo sapiens	Raju et al	OQ701281	S:D614G,S:P681H,S:S371F,S:S373P,S:S375F,S:K417N,S:N440K,S:S477N,S:E484A,S:Q498R,S:N501Y,S:H655Y,S:N679K,S:N764K,S:D796Y,S:N969K,S:P26-,S:D405N,S:R408S,S:T19I,S:L24-,S:P25-,S:A27S,S:G142D,S:T376A,S:R346T,S:G339H,S:G446S,S:N460K,S:Y144-,S:H146Q,S:Q183E,S:V213E,S:L368I,S:V445P,S:F490S,S:F486P,S:G252V,S:E180V,S:T478R,S:T547I	2023-02-28	2023.16	2023	29731	NA	M	21.077353	78.723951
IND/hCoV-19_India_MP-AIIMSB_WGS2582_SW_23/2023	2023.36	Asia	India	Madhya Pradesh	23B (XBB.1.16)	XBB.1.16	XBB.1.16	23B	Homo sapiens	Patil et al	PV361315	S:D614G,S:P681H,S:S371F,S:S373P,S:S375F,S:K417N,S:N440K,S:S477N,S:E484A,S:Q498R,S:N501Y,S:H655Y,S:N679K,S:N764K,S:D796Y,S:N969K,S:P26-,S:D405N,S:R408S,S:T19I,S:L24-,S:P25-,S:A27S,S:G142D,S:T376A,S:R346T,S:G339H,S:G446S,S:N460K,S:Y144-,S:H146Q,S:Q183E,S:V213E,S:L368I,S:V445P,S:F490S,S:F486P,S:G252V,S:E180V,S:T478R,S:V367F	2023-05-12	2023.36	2023	29828	44	F	21.077353	78.723951
IND/DL-NCR_NICPR416/2023	2023.3	Asia	India	India	23B (XBB.1.16)	XBB.1.16	XBB.1.16	23B	Homo sapiens	Jogi et al	OR922269	S:D614G,S:P681H,S:S371F,S:S373P,S:S375F,S:K417N,S:N440K,S:S477N,S:E484A,S:Q498R,S:N501Y,S:H655Y,S:N679K,S:N764K,S:D796Y,S:N969K,S:P26-,S:D405N,S:R408S,S:T19I,S:L24-,S:P25-,S:A27S,S:G142D,S:T376A,S:R346T,S:G339H,S:G446S,S:N460K,S:Y144-,S:H146Q,S:Q183E,S:V213E,S:L368I,S:V445P,S:F490S,S:F486P,S:G252V,S:E180V,S:T478R,S:T259A	2023-04-20	2023.3	2023	29792	28	NA	21.077353	78.723951
IND/NICPR437/2023	2023.303	Asia	India	India	23B (XBB.1.16)	XBB.1.16	XBB.1.16	23B	Homo sapiens	Jogi et al	OR915557	S:D614G,S:P681H,S:S371F,S:S373P,S:S375F,S:K417N,S:N440K,S:S477N,S:E484A,S:Q498R,S:N501Y,S:H655Y,S:N679K,S:N764K,S:D796Y,S:N969K,S:P26-,S:D405N,S:R408S,S:T19I,S:L24-,S:P25-,S:A27S,S:G142D,S:T376A,S:R346T,S:G339H,S:G446S,S:N460K,S:Y144-,S:H146Q,S:Q183E,S:V213E,S:L368I,S:V445P,S:F490S,S:F486P,S:G252V,S:E180V,S:T478R,S:R190S	2023-04-21	2023.303	2023	29663	55	F	21.077353	78.723951
CHN/GDCDC_GZHG_1207/2023	2023.47	Asia	China	Guangdong	23B (XBB.1.16)	XBB.1.16	XBB.1.16	23B	Homo sapiens	Zheng et al	PQ101863	S:D614G,S:P681H,S:S371F,S:S373P,S:S375F,S:K417N,S:N440K,S:S477N,S:E484A,S:Q498R,S:N501Y,S:Y505H,S:H655Y,S:N679K,S:N764K,S:D796Y,S:N969K,S:P26-,S:D405N,S:R408S,S:T19I,S:L24-,S:P25-,S:A27S,S:G142D,S:T376A,S:R346T,S:G339H,S:G446S,S:N460K,S:Y144-,S:H146Q,S:Q183E,S:V213E,S:L368I,S:V445P,S:F490S,S:V83A,S:F486P,S:G252V,S:E180V,S:T478R	2023-06-21	2023.47	2023	29702	29	M	33.394333	104.689839
MEX/251-Day1/2023	2023.752	North America	Mexico	Mexico	23B (XBB.1.16)	XBB.1.16	XBB.1.16	23B	Homo sapiens	Hedskog et al	PX916836	S:D614G,S:P681H,S:S371F,S:S373P,S:S375F,S:K417N,S:N440K,S:S477N,S:E484A,S:Q498R,S:N501Y,S:Y505H,S:H655Y,S:N679K,S:N764K,S:D796Y,S:N969K,S:P26-,S:D405N,S:R408S,S:T19I,S:L24-,S:P25-,S:A27S,S:G142D,S:T376A,S:R346T,S:G339H,S:G446S,S:N460K,S:Y144-,S:H146Q,S:Q183E,S:V213E,S:L368I,S:V445P,S:F490S,S:V83A,S:F486P,S:G252V,S:E180V,S:T478G,S:Q675H,S:S704L	2023-10-02	2023.752	2023	29900	NA	NA	19.4325301	-99.1332101
USA/NY-PRL-231117_82G12/2023	2023.867	North America	USA	New York	23B (XBB.1.16)	XBB.1.16.23	XBB.1.16	23B	Homo sapiens	Opentrons et al	OR855597	S:D614G,S:P681H,S:S371F,S:S373P,S:S375F,S:K417N,S:N440K,S:S477N,S:E484A,S:Q498R,S:N501Y,S:Y505H,S:H655Y,S:N679K,S:N764K,S:D796Y,S:N969K,S:P26-,S:D405N,S:R408S,S:T19I,S:L24-,S:P25-,S:A27S,S:G142D,S:T376A,S:R346T,S:G339H,S:G446S,S:N460K,S:Y144-,S:H146Q,S:Q183E,S:V213E,S:L368I,S:V445P,S:F490S,S:V83A,S:F486P,S:G252V,S:E180V,S:T478R,S:K304Q,S:A522E	2023-11-13	2023.867	2023	29830	67	NA	38.916963	-98.891372
ESP/188-Day5/2023	2023.637	Europe	Spain	Spain	23B (XBB.1.16)	XBB.1.16	XBB.1.16	23B	Homo sapiens	Hedskog et al	PX916745	S:D614G,S:P681H,S:S371F,S:S373P,S:S375F,S:K417N,S:N440K,S:S477N,S:E484A,S:Q498R,S:N501Y,S:Y505H,S:H655Y,S:N679K,S:N764K,S:D796Y,S:N969K,S:P26-,S:D405N,S:R408S,S:T19I,S:L24-,S:P25-,S:A27S,S:G142D,S:T376A,S:R346T,S:G339H,S:G446S,S:N460K,S:Y144-,S:H146Q,S:Q183E,S:V213E,S:L368I,S:V445P,S:F490S,S:V83A,S:F486P,S:G252V,S:E180V,S:T478R	2023-08-21	2023.637	2023	29824	31	M	40.4637	-3.7492
IND/Sample180/2022	2022.914	Asia	India	India	23D (XBB.1.9)	XBB.1.9	XBB.1.9	23D	Homo sapiens	Raju et al	OQ587537	S:D614G,S:P681H,S:S371F,S:S373P,S:S375F,S:K417N,S:N440K,S:S477N,S:T478K,S:E484A,S:Q498R,S:N501Y,S:Y505H,S:H655Y,S:N679K,S:N764K,S:D796Y,S:N969K,S:P26-,S:D405N,S:R408S,S:T19I,S:L24-,S:P25-,S:A27S,S:G142D,S:T376A,S:R346T,S:G339H,S:G446S,S:N460K,S:Y144-,S:H146Q,S:Q183E,S:V213E,S:L368I,S:V445P,S:F490S,S:G252V,S:F486S,S:P82Y,S:L84M,S:P85H,S:F86A,S:V90T,S:S94A,S:P507T	2022-11-30	2022.914	2022	29869	21	F	21.077353	78.723951
IND/NGS-184/2022	2022.927	Asia	India	India	23D (XBB.1.9)	XBB.1	XBB.1.9	23D	Homo sapiens	Raju et al	OQ569699	S:D614G,S:P681H,S:S371F,S:S373P,S:S375F,S:K417N,S:N440K,S:S477N,S:T478K,S:E484A,S:Q498R,S:N501Y,S:Y505H,S:H655Y,S:N679K,S:N764K,S:D796Y,S:N969K,S:P26-,S:D405N,S:R408S,S:T19I,S:L24-,S:P25-,S:A27S,S:G142D,S:T376A,S:R346T,S:G339H,S:G446S,S:N460K,S:Y144-,S:H146Q,S:Q183E,S:V213E,S:L368I,S:V445P,S:F490S,S:G252V,S:F486S	2022-12-05	2022.927	2022	29652	63	M	21.077353	78.723951
CHN/GDCDC_SZHG_1095/2023	2023.379	Asia	China	Guangdong	23D (XBB.1.9)	FL.4.11	FL.4.11	XBB.1.9.1	Homo sapiens	Zheng et al	PQ102795	S:D614G,S:P681H,S:S371F,S:S373P,S:S375F,S:K417N,S:N440K,S:S477N,S:T478K,S:E484A,S:Q498R,S:N501Y,S:Y505H,S:H655Y,S:N679K,S:N764K,S:D796Y,S:N969K,S:P26-,S:D405N,S:R408S,S:T19I,S:L24-,S:P25-,S:A27S,S:G142D,S:T376A,S:R346T,S:G339H,S:G446S,S:N460K,S:Y144-,S:H146Q,S:Q183E,S:V213E,S:L368I,S:V445P,S:F490S,S:V83A,S:F486P,S:G252V,S:D1259Y	2023-05-19	2023.379	2023	29627	NA	NA	33.394333	104.689839
CHN/GDCDC_QY_0061/2023	2023.303	Asia	China	Guangdong	23D (XBB.1.9)	FL.4.2	FL.4.2	XBB.1.9.1	Homo sapiens	Zheng et al	PQ104671	S:D614G,S:P681H,S:S371F,S:S373P,S:S375F,S:K417N,S:N440K,S:S477N,S:T478K,S:E484A,S:Q498R,S:N501Y,S:Y505H,S:H655Y,S:N679K,S:N764K,S:D796Y,S:N969K,S:P26-,S:D405N,S:R408S,S:T19I,S:L24-,S:P25-,S:A27S,S:G142D,S:T376A,S:R346T,S:G339H,S:G446S,S:N460K,S:Y144-,S:H146Q,S:Q183E,S:V213E,S:L368I,S:V445P,S:F490S,S:V83A,S:F486P,S:G252V,S:V289I	2023-04-21	2023.303	2023	29843	54	NA	33.394333	104.689839
BGD/SIRS_EPI_ISL_16528802/2023	2023.018	Asia	Bangladesh	Dhaka	23D (XBB.1.9)	FL.4	FL.4	XBB.1.9.1	Homo sapiens	Rahman et al	OR098782	S:D614G,S:P681H,S:S371F,S:S373P,S:S375F,S:K417N,S:N440K,S:S477N,S:T478K,S:E484A,S:Q498R,S:N501Y,S:Y505H,S:H655Y,S:N679K,S:N764K,S:D796Y,S:N969K,S:P26-,S:D405N,S:R408S,S:T19I,S:L24-,S:P25-,S:A27S,S:G142D,S:T376A,S:R346T,S:G339H,S:G446S,S:N460K,S:Y144-,S:H146Q,S:Q183E,S:V213E,S:L368I,S:V445P,S:F490S,S:V83A,S:F486P,S:G252V	2023-01-07	2023.018	2023	29619	NA	M	24.506442	90.041454
POL/222-Day1/2023	2023.716	Europe	Poland	Poland	23D (XBB.1.9)	FL.1.5.1	FL.1.5.1	FL.1.5.1	Homo sapiens	Hedskog et al	PX916793	S:D614G,S:P681H,S:S371F,S:S373P,S:S375F,S:K417N,S:N440K,S:S477N,S:E484A,S:Q498R,S:N501Y,S:Y505H,S:H655Y,S:N679K,S:N764K,S:D796Y,S:N969K,S:P26-,S:D405N,S:R408S,S:T19I,S:L24-,S:P25-,S:A27S,S:G142D,S:T376A,S:R346T,S:G339H,S:G446S,S:N460K,S:Y144-,S:H146Q,S:Q183E,S:V213E,S:L368I,S:V445P,S:F490S,S:V83A,S:F486P,S:G252V,S:F456L,S:T478R,S:A701V	2023-09-19	2023.716	2023	29836	76	F	52.0977181	19.0258159
CHN/GDCDC_SZ_1710/2023	2023.393	Asia	China	Guangdong	23D (XBB.1.9)	FL.2.4	FL.2.4	XBB.1.9.1	Homo sapiens	Zheng et al	PQ103103	S:D614G,S:P681H,S:S371F,S:S373P,S:S375F,S:K417N,S:N440K,S:S477N,S:T478K,S:E484A,S:Q498R,S:N501Y,S:Y505H,S:H655Y,S:N679K,S:N764K,S:D796Y,S:N969K,S:P26-,S:D405N,S:R408S,S:T19I,S:L24-,S:P25-,S:A27S,S:G142D,S:T376A,S:R346T,S:G339H,S:G446S,S:N460K,S:Y144-,S:H146Q,S:Q183E,S:V213E,S:L368I,S:V445P,S:F490S,S:V83A,S:F486P,S:G252V,S:P809Q	2023-05-24	2023.393	2023	29729	NA	NA	33.394333	104.689839
CHN/GDCDC_ST_0253/2023	2023.505	Asia	China	Guangdong	23D (XBB.1.9)	FL.2.3	FL.2.3	XBB.1.9.1	Homo sapiens	Zheng et al	PQ101496	S:D614G,S:P681H,S:S371F,S:S373P,S:S375F,S:K417N,S:N440K,S:S477N,S:T478K,S:E484A,S:Q498R,S:N501Y,S:Y505H,S:H655Y,S:N679K,S:N764K,S:D796Y,S:N969K,S:P26-,S:D405N,S:R408S,S:T19I,S:L24-,S:P25-,S:A27S,S:G142D,S:T376A,S:R346T,S:G339H,S:G446S,S:N460K,S:Y144-,S:Q183E,S:V213E,S:L368I,S:V445P,S:F490S,S:V83A,S:F486P,S:G252V,S:H146K	2023-07-04	2023.505	2023	29896	72	NA	33.394333	104.689839
TUR/ERAGEM-XBB.19.9.1/2023	2023.308	Europe	Turkey	Turkey	23D (XBB.1.9)	XBB.1.9.1	XBB.1.9.1	XBB.1.9.1	Homo sapiens	Ozdarendeli et al	OR073431	S:D614G,S:P681H,S:S371F,S:S373P,S:S375F,S:K417N,S:N440K,S:S477N,S:T478K,S:E484A,S:Q498R,S:N501Y,S:Y505H,S:H655Y,S:N679K,S:N764K,S:D796Y,S:N969K,S:P26-,S:D405N,S:R408S,S:T19I,S:L24-,S:P25-,S:A27S,S:G142D,S:T376A,S:R346T,S:G339H,S:G446S,S:N460K,S:Y144-,S:H146Q,S:Q183E,S:V213E,S:L368I,S:V445P,S:F490S,S:V83A,S:F486P,S:G252V	2023-04-23	2023.308	2023	29657	33	NA	39.046746	36.767068
CHN/GDCDC_ZHHG_0220/2023	2023.464	Asia	China	Guangdong	23F (EG.5.1)	EG.5.1.4	EG.5.1.4	23F	Homo sapiens	Zheng et al	PQ103740	S:D614G,S:P681H,S:S371F,S:S373P,S:S375F,S:K417N,S:N440K,S:S477N,S:T478K,S:E484A,S:Q498R,S:N501Y,S:Y505H,S:H655Y,S:N679K,S:N764K,S:D796Y,S:N969K,S:D405N,S:R408S,S:T19I,S:P25-,S:G142D,S:T376A,S:R346T,S:G339H,S:G446S,S:N460K,S:Y144-,S:H146Q,S:Q183E,S:V213E,S:L368I,S:V445P,S:F490S,S:V83A,S:F486P,S:G252V,S:Q52H,S:F456L	2023-06-19	2023.464	2023	29631	51	F	33.394333	104.689839
USA/CA-SEARCH-139202/2024	2024.001	North America	USA	California	23F (EG.5.1)	EG.5.1.4	EG.5.1.4	23F	Homo sapiens	Andersen et al	PP351032	S:D614G,S:P681H,S:S371F,S:S373P,S:S375F,S:K417N,S:N440K,S:S477N,S:T478K,S:E484A,S:Q498R,S:N501Y,S:Y505H,S:H655Y,S:N679K,S:N764K,S:D796Y,S:N969K,S:P26-,S:D405N,S:R408S,S:T19I,S:L24-,S:P25-,S:G142D,S:T376A,S:R346T,S:G339H,S:G446S,S:N460K,S:Y144-,S:H146Q,S:Q183E,S:V213E,S:L368I,S:V445P,S:F490S,S:V83A,S:F486P,S:G252V,S:Q52H,S:F456L,S:Y145-,S:S884F	2024-01-01	2024.001	2024	29756	NA	M	38.916963	-98.891372
PP152315	2023.758	Asia	Pakistan	Sindh	23F (EG.5.1)	EG.5.1.6	HV.1	HV.1	Homo sapiens	Khan et al	PP152315	S:D614G,S:P681H,S:S371F,S:S373P,S:S375F,S:K417N,S:N440K,S:S477N,S:T478K,S:E484A,S:Q498R,S:N501Y,S:Y505H,S:H655Y,S:N679K,S:N764K,S:D796Y,S:N969K,S:P26-,S:D405N,S:R408S,S:T19I,S:L24-,S:P25-,S:A27S,S:G142D,S:T376A,S:R346T,S:G339H,S:G446S,S:N460K,S:Y144-,S:H146Q,S:Q183E,S:V213E,S:L368I,S:V445P,S:F490S,S:V83A,S:F486P,S:G252V,S:Q52H,S:F456L,S:F157L,S:L452R	2023-10-04	2023.758	2023	29764	53	F	30	70
PP152317	2023.999	Asia	Pakistan	Sindh	23F (EG.5.1)	HV.1	HV.1	HV.1	Homo sapiens	Khan et al	PP152317	S:D614G,S:P681H,S:S371F,S:S373P,S:S375F,S:K417N,S:N440K,S:S477N,S:T478K,S:E484A,S:Q498R,S:N501Y,S:Y505H,S:H655Y,S:N679K,S:N764K,S:D796Y,S:N969K,S:P26-,S:D405N,S:R408S,S:T19I,S:L24-,S:P25-,S:A27S,S:G142D,S:T376A,S:R346T,S:G339H,S:G446S,S:N460K,S:Y144-,S:H146Q,S:Q183E,S:V213E,S:L368I,S:V445P,S:F490S,S:V83A,S:F486P,S:G252V,S:Q52H,S:F456L,S:F157L,S:L452R,S:T761A	2023-12-31	2023.999	2023	29756	51	NA	30	70
USA/MN-MDH-39361/2023	2023.925	North America	USA	Minnesota	23F (EG.5.1)	HV.1	HV.1	HV.1	Homo sapiens	Garfin et al	PP108127	S:D614G,S:P681H,S:S371F,S:S373P,S:S375F,S:K417N,S:N440K,S:S477N,S:T478K,S:E484A,S:Q498R,S:N501Y,S:Y505H,S:H655Y,S:N679K,S:N764K,S:D796Y,S:N969K,S:P26-,S:D405N,S:R408S,S:T19I,S:L24-,S:P25-,S:A27S,S:G142D,S:T376A,S:R346T,S:G339H,S:G446S,S:N460K,S:Y144-,S:H146Q,S:Q183E,S:V213E,S:L368I,S:V445P,S:F490S,S:V83A,S:F486P,S:G252V,S:Q52H,S:F456L,S:F157L,S:L452R	2023-12-04	2023.925	2023	29620	NA	M	38.916963	-98.891372
CHN/GDCDC_SZHG_1939/2023	2023.448	Asia	China	Guangdong	23F (EG.5.1)	EG.5.1.1	EG.5.1.1	23F	Homo sapiens	Zheng et al	PQ103284	S:D614G,S:P681H,S:S371F,S:S373P,S:S375F,S:K417N,S:N440K,S:S477N,S:T478K,S:E484A,S:Q498R,S:N501Y,S:Y505H,S:H655Y,S:N679K,S:N764K,S:D796Y,S:N969K,S:P26-,S:D405N,S:R408S,S:T19I,S:L24-,S:P25-,S:A27S,S:G142D,S:T376A,S:R346T,S:G339H,S:G446S,S:N460K,S:Y144-,S:H146Q,S:Q183E,S:V213E,S:L368I,S:V445P,S:F490S,S:V83A,S:F486P,S:G252V,S:Q52H,S:F456L	2023-06-13	2023.448	2023	29790	61	NA	33.394333	104.689839
USA/NY-CDC-QDX86114221/2023	2023.763	North America	USA	New York	23H (HK.3)	HK.22	HK.22	23H	Homo sapiens	Howard et al	OR708160	S:D614G,S:P681H,S:S371F,S:S373P,S:S375F,S:K417N,S:N440K,S:S477N,S:T478K,S:E484A,S:Q498R,S:N501Y,S:Y505H,S:H655Y,S:N679K,S:N764K,S:D796Y,S:N969K,S:P26-,S:D405N,S:R408S,S:T19I,S:L24-,S:P25-,S:A27S,S:G142D,S:T376A,S:R346T,S:G339H,S:G446S,S:N460K,S:Y144-,S:H146Q,S:Q183E,S:V213E,S:L368I,S:V445P,S:F490S,S:V83A,S:F486P,S:G252V,S:Q52H,S:F456L,S:L455F,S:L452Q	2023-10-06	2023.763	2023	29901	NA	M	38.916963	-98.891372
PP152316	2023.859	Asia	Pakistan	Sindh	23H (HK.3)	HK.3	HK.3	23H	Homo sapiens	Khan et al	PP152316	S:D614G,S:P681H,S:S371F,S:S373P,S:S375F,S:K417N,S:N440K,S:S477N,S:T478K,S:E484A,S:Q498R,S:N501Y,S:Y505H,S:H655Y,S:N679K,S:N764K,S:D796Y,S:N969K,S:P26-,S:D405N,S:R408S,S:T19I,S:L24-,S:P25-,S:A27S,S:G142D,S:T376A,S:R346T,S:G339H,S:G446S,S:N460K,S:Y144-,S:H146Q,S:Q183E,S:V213E,S:L368I,S:V445P,S:F490S,S:V83A,S:F486P,S:G252V,S:Q52H,S:F456L,S:L455F,S:A1070V	2023-11-10	2023.859	2023	29764	57	M	30	70
KOR/KR-41-USAFSAM-S22509/2024	2024.059	Asia	South Korea	Gyeonggi	23H (HK.3)	HK.3.2	HK.3.2	23H	Homo sapiens	Fries et al	PP491112	S:D614G,S:P681H,S:S371F,S:S373P,S:S375F,S:K417N,S:N440K,S:S477N,S:T478K,S:E484A,S:Q498R,S:N501Y,S:Y505H,S:H655Y,S:N679K,S:N764K,S:D796Y,S:N969K,S:P26-,S:D405N,S:R408S,S:T19I,S:L24-,S:P25-,S:A27S,S:T376A,S:R346T,S:G339H,S:G446S,S:N460K,S:Q183E,S:V213E,S:L368I,S:V445P,S:F490S,S:V83A,S:F486P,S:G252V,S:Q52H,S:F456L,S:L455F,S:G14K,S:V1096I	2024-01-22	2024.059	2024	29613	16	M	36.609249	127.917932
CHN/SARS-CoV-2_XBB/2023	2023.9	Asia	China	Yunnan	23F (EG.5.1)	EG.5.1.1	EG.5.1.1	23F	Homo sapiens	Liu et al	PQ363286	S:D614G,S:P681H,S:S371F,S:S373P,S:S375F,S:K417N,S:N440K,S:S477N,S:T478K,S:E484A,S:Q498R,S:N501Y,S:Y505H,S:H655Y,S:N679K,S:N764K,S:D796Y,S:N969K,S:P26-,S:D405N,S:R408S,S:T19I,S:L24-,S:P25-,S:A27S,S:G142D,S:T376A,S:R346T,S:G339H,S:G446S,S:N460K,S:Y144-,S:H146Q,S:Q183E,S:V213E,S:L368I,S:V445P,S:F490S,S:V83A,S:F486P,S:G252V,S:Q52H,S:F456L	2023-11-25	2023.9	2023	29681	NA	F	33.394333	104.689839
CAN/165-Day5/2023	2023.574	North America	Canada	Canada	23F (EG.5.1)	EG.5.1.1	EG.5.1.1	23F	Homo sapiens	Hedskog et al	PX916713	S:D614G,S:P681H,S:S371F,S:S373P,S:S375F,S:K417N,S:N440K,S:S477N,S:T478K,S:E484A,S:Q498R,S:N501Y,S:Y505H,S:H655Y,S:N679K,S:N764K,S:D796Y,S:N969K,S:P26-,S:D405N,S:R408S,S:T19I,S:L24-,S:P25-,S:A27S,S:G142D,S:T376A,S:R346T,S:G339H,S:G446S,S:N460K,S:Y144-,S:H146Q,S:Q183E,S:V213E,S:L368I,S:V445P,S:F490S,S:V83A,S:F486P,S:G252V,S:Q52H,S:F456L	2023-07-29	2023.574	2023	29638	58	NA	61.0666922	-107.991707
CHN/BJ-NVSI-20230028/2023	2023.632	Asia	China	China	23F (EG.5.1)	EG.5.1.1	EG.5.1.1	23F	Homo sapiens	Yang et al	PP573038	S:D614G,S:P681H,S:S371F,S:S373P,S:S375F,S:K417N,S:N440K,S:S477N,S:T478K,S:E484A,S:Q498R,S:N501Y,S:Y505H,S:H655Y,S:N679K,S:N764K,S:D796Y,S:N969K,S:P26-,S:D405N,S:R408S,S:T19I,S:L24-,S:P25-,S:A27S,S:G142D,S:T376A,S:R346T,S:G339H,S:G446S,S:N460K,S:Y144-,S:H146Q,S:Q183E,S:V213E,S:L368I,S:V445P,S:F490S,S:V83A,S:F486P,S:G252V,S:Q52H,S:F456L,S:F59S	2023-08-19	2023.632	2023	29814	NA	F	33.394333	104.689839
CHN/514-2024/2024	2024.761	Asia	China	Yunnan	24D (XDV.1)	XDV.1	XDV.1	21L	Homo sapiens	Xia et al	PV596490	S:D614G,S:S371F,S:S373P,S:S375F,S:K417N,S:N440K,S:S477N,S:T478K,S:Q498R,S:H655Y,S:N679K,S:N764K,S:D796Y,S:N969K,S:P26-,S:D405N,S:R408S,S:T19I,S:L24-,S:P25-,S:A27S,S:G142D,S:T376A,S:G339H,S:G446S,S:N460K,S:Y144-,S:V21T,S:N50L,S:H69-,S:V70-,S:F157S,S:R158G,S:N211-,S:L212I,S:L216F,S:H245N,S:A264D,S:I332V,S:K356T,S:V445H,S:N450D,S:L452W,S:L455S,S:N481K,S:V483-,S:E484K,S:F486P,S:E554K,S:A570V,S:P621S,S:P681R,S:S939F,S:P1143L,S:F456L	2024-10-05	2024.761	2024	29841	NA	F	33.394333	104.689839
CHN/517-2024/2024	2024.75	Asia	China	Yunnan	24D (XDV.1)	XDV.1	XDV.1	21L	Homo sapiens	Xia et al	PV596491	S:D614G,S:S371F,S:S373P,S:S375F,S:K417N,S:N440K,S:S477N,S:T478K,S:Q498R,S:H655Y,S:N679K,S:N764K,S:D796Y,S:N969K,S:P26-,S:D405N,S:R408S,S:T19I,S:L24-,S:P25-,S:A27S,S:G142D,S:T376A,S:G339H,S:G446S,S:N460K,S:Y144-,S:V21T,S:N50L,S:H69-,S:V70-,S:F157S,S:R158G,S:N211-,S:L212I,S:L216F,S:H245N,S:A264D,S:I332V,S:K356T,S:V445H,S:N450D,S:L452W,S:L455S,S:N481K,S:V483-,S:E484K,S:F486P,S:E554K,S:A570V,S:P621S,S:P681R,S:S939F,S:P1143L,S:F456L	2024-10-01	2024.75	2024	29802	NA	NA	33.394333	104.689839
CHN/KMU-24372/2024	2024.559	Asia	China	Yunnan	24D (XDV.1)	XDV.1	XDV.1	21L	Homo sapiens	Xia et al	PV682687	S:D614G,S:S371F,S:S373P,S:S375F,S:K417N,S:N440K,S:S477N,S:T478K,S:Q498R,S:H655Y,S:N679K,S:N764K,S:D796Y,S:N969K,S:P26-,S:D405N,S:R408S,S:T19I,S:L24-,S:P25-,S:A27S,S:G142D,S:T376A,S:G339H,S:G446S,S:N460K,S:Y144-,S:V21T,S:N50L,S:H69-,S:V70-,S:F157S,S:R158G,S:N211-,S:L212I,S:L216F,S:H245N,S:A264D,S:I332V,S:K356T,S:V445H,S:N450D,S:L452W,S:L455S,S:N481K,S:V483-,S:E484K,S:F486P,S:E554K,S:A570V,S:P621S,S:P681R,S:S939F,S:P1143L,S:F456L	2024-07-23	2024.559	2024	29839	NA	NA	33.394333	104.689839
CHN/372-202407/2024	2024.559	Asia	China	Yunnan	24D (XDV.1)	XDV.1	XDV.1	21L	Homo sapiens	Xia et al	PV596475	S:D614G,S:S371F,S:S373P,S:S375F,S:K417N,S:N440K,S:S477N,S:T478K,S:Q498R,S:H655Y,S:N679K,S:N764K,S:D796Y,S:N969K,S:P26-,S:D405N,S:R408S,S:T19I,S:L24-,S:P25-,S:A27S,S:G142D,S:T376A,S:G339H,S:G446S,S:N460K,S:Y144-,S:V21T,S:N50L,S:H69-,S:V70-,S:F157S,S:R158G,S:N211-,S:L212I,S:L216F,S:H245N,S:A264D,S:I332V,S:K356T,S:V445H,S:N450D,S:L452W,S:L455S,S:N481K,S:V483-,S:E484K,S:F486P,S:E554K,S:A570V,S:P621S,S:P681R,S:S939F,S:P1143L,S:F456L	2024-07-23	2024.559	2024	29862	61	M	33.394333	104.689839
OZ391778	2026.004	Europe	United Kingdom	England	24D (XDV.1)	NB.1	XGT	21L	Homo sapiens	?	OZ391778	S:D614G,S:S371F,S:S373P,S:S375F,S:K417N,S:N440K,S:S477N,S:Q498R,S:H655Y,S:N679K,S:N764K,S:D796Y,S:N969K,S:P26-,S:D405N,S:R408S,S:T19I,S:L24-,S:P25-,S:A27S,S:G142D,S:T376A,S:G339H,S:G446S,S:N460K,S:Y144-,S:V21T,S:N50L,S:H69-,S:V70-,S:F157S,S:R158G,S:N211-,S:L212I,S:L216F,S:H245N,S:A264D,S:I332V,S:K356T,S:V445H,S:N450D,S:L452W,S:L455S,S:N481K,S:V483-,S:E484K,S:F486P,S:E554K,S:A570V,S:P621S,S:P681R,S:S939F,S:P1143L,S:F456L,S:V127F,S:R403K,S:T22N,S:F59S,S:G184S,S:A435S,S:Q493E,S:S680P,S:W258L	2026-01-02	2026.004	2026	29903	64	F	54.242833	-2.088739
OZ405949	2026.032	Europe	United Kingdom	England	24D (XDV.1)	NB.1	XGT	21L	Homo sapiens	?	OZ405949	S:D614G,S:S371F,S:S373P,S:S375F,S:K417N,S:N440K,S:S477N,S:Q498R,S:H655Y,S:N679K,S:N764K,S:D796Y,S:N969K,S:P26-,S:D405N,S:R408S,S:T19I,S:L24-,S:P25-,S:A27S,S:G142D,S:T376A,S:G339H,S:G446S,S:N460K,S:Y144-,S:V21T,S:N50L,S:H69-,S:V70-,S:F157S,S:R158G,S:N211-,S:L212I,S:L216F,S:H245N,S:A264D,S:I332V,S:K356T,S:V445H,S:N450D,S:L452W,S:L455S,S:N481K,S:V483-,S:E484K,S:F486P,S:E554K,S:A570V,S:P621S,S:P681R,S:S939F,S:P1143L,S:F456L,S:V127F,S:R403K,S:T22N,S:F59S,S:G184S,S:A435S,S:Q493E,S:S680P,S:W258L	2026-01-12	2026.032	2026	29872	9	NA	54.242833	-2.088739
OZ405978	2026.032	Europe	United Kingdom	England	24D (XDV.1)	NB.1	XGT	21L	Homo sapiens	?	OZ405978	S:D614G,S:S371F,S:S373P,S:S375F,S:K417N,S:N440K,S:S477N,S:Q498R,S:H655Y,S:N679K,S:N764K,S:D796Y,S:N969K,S:P26-,S:D405N,S:R408S,S:T19I,S:L24-,S:P25-,S:A27S,S:G142D,S:T376A,S:G339H,S:G446S,S:N460K,S:Y144-,S:V21T,S:N50L,S:H69-,S:V70-,S:F157S,S:R158G,S:N211-,S:L212I,S:L216F,S:H245N,S:A264D,S:I332V,S:K356T,S:V445H,S:N450D,S:L452W,S:L455S,S:N481K,S:V483-,S:E484K,S:F486P,S:E554K,S:A570V,S:P621S,S:P681R,S:S939F,S:P1143L,S:F456L,S:V127F,S:R403K,S:T22N,S:F59S,S:G184S,S:A435S,S:Q493E,S:S680P,S:W258L	2026-01-12	2026.032	2026	29733	NA	M	54.242833	-2.088739
CHN/2025016/2025	2025.305	Asia	China	Yunnan	24D (XDV.1)	NB.1.9	NB.1.9	21L	Homo sapiens	Xia et al	PX398995	S:D614G,S:S371F,S:S373P,S:S375F,S:K417N,S:N440K,S:S477N,S:Q498R,S:H655Y,S:N679K,S:N764K,S:D796Y,S:N969K,S:P26-,S:D405N,S:R408S,S:T19I,S:L24-,S:P25-,S:A27S,S:G142D,S:T376A,S:G339H,S:G446S,S:N460K,S:Y144-,S:V21T,S:H69-,S:V70-,S:F157S,S:R158G,S:N211-,S:L212I,S:L216F,S:H245N,S:A264D,S:I332V,S:K356T,S:N450D,S:L452W,S:L455S,S:N481K,S:V483-,S:E484K,S:F486P,S:E554K,S:A570V,S:P621S,S:P681R,S:S939F,S:P1143L,S:F456L,S:R403K,S:T22N,S:F59S,S:G184S,S:N50S,S:L176F,S:V445P,S:T478I,S:V126-,S:A344-,S:V1104L	2025-04-22	2025.305	2025	29679	56	M	33.394333	104.689839
CHN/2025327/2025	2025.404	Asia	China	Yunnan	24D (XDV.1)	NB.1.9	NB.1.9	21L	Homo sapiens	Xia et al	PX399072	S:D614G,S:S371F,S:S373P,S:S375F,S:K417N,S:N440K,S:S477N,S:Q498R,S:H655Y,S:N679K,S:N764K,S:D796Y,S:N969K,S:P26-,S:D405N,S:R408S,S:T19I,S:L24-,S:P25-,S:A27S,S:G142D,S:T376A,S:G339H,S:G446S,S:N460K,S:Y144-,S:V21T,S:H69-,S:V70-,S:F157S,S:R158G,S:N211-,S:L212I,S:L216F,S:H245N,S:A264D,S:I332V,S:K356T,S:N450D,S:L452W,S:L455S,S:N481K,S:V483-,S:E484K,S:F486P,S:E554K,S:A570V,S:P621S,S:P681R,S:S939F,S:P1143L,S:F456L,S:V127F,S:T22N,S:F59S,S:G184S,S:N50S,S:L176F,S:V445P,S:T478I	2025-05-28	2025.404	2025	29773	23	F	33.394333	104.689839
USA/GKISBBBI63694/2026	2026.251	North America	USA	California	25B (NB.1.8.1)	PQ.17	PQ.16.1.1	21L	Homo sapiens	Rothstein et al	PZ310417	S:D614G,S:S371F,S:S373P,S:S375F,S:N440K,S:S477N,S:Q498R,S:H655Y,S:N679K,S:N764K,S:D796Y,S:N969K,S:P26-,S:D405N,S:R408S,S:T19I,S:L24-,S:P25-,S:A27S,S:G142D,S:T376A,S:G339H,S:G446S,S:N460K,S:Y144-,S:V21T,S:N50L,S:H69-,S:V70-,S:F157S,S:R158G,S:N211-,S:L212I,S:L216F,S:H245N,S:A264D,S:I332V,S:K356T,S:V445H,S:N450D,S:L452W,S:L455S,S:N481K,S:V483-,S:E484K,S:F486P,S:E554K,S:A570V,S:P621S,S:P681R,S:S939F,S:P1143L,S:F456L,S:V127F,S:R403K,S:T22N,S:F59S,S:G184S,S:A435S,S:Q493E,S:D253G,S:K417T,S:D420N	2026-04-02	2026.251	2026	29645	46	M	38.916963	-98.891372
IGS-10285-CVDP-FAA69E7B-A361-459B-A6F4-7AF2F474D3CE	2026.051	Europe	Germany	NA	25B (NB.1.8.1)	PQ.2.3	PQ.2.3	21L	NA	?	NA	S:D614G,S:S371F,S:S373P,S:S375F,S:K417N,S:N440K,S:S477N,S:Q498R,S:H655Y,S:N679K,S:N764K,S:D796Y,S:N969K,S:P26-,S:D405N,S:R408S,S:T19I,S:L24-,S:P25-,S:A27S,S:G142D,S:T376A,S:G339H,S:G446S,S:N460K,S:Y144-,S:V21T,S:N50L,S:H69-,S:V70-,S:F157S,S:R158G,S:N211-,S:L212I,S:L216F,S:H245N,S:A264D,S:I332V,S:K356T,S:V445H,S:N450D,S:L452W,S:L455S,S:N481K,S:V483-,S:E484K,S:F486P,S:E554K,S:A570V,S:P621S,S:P681R,S:S939F,S:P1143L,S:F456L,S:V127F,S:R403K,S:T22N,S:F59S,S:G184S,S:A435S,S:Q493E,S:T478I,S:Q677H,S:D215G,S:D745A	2026-01-19	2026.051	2026	29864	32	NA	51.1657	10.4515
IGS-10285-CVDP-FD9380EB-8692-4776-84F6-BBC7D83ABAB7	2026.147	Europe	Germany	NA	25B (NB.1.8.1)	PQ.39.1	PQ.39.1	21L	NA	?	NA	S:D614G,S:S371F,S:S373P,S:S375F,S:K417N,S:N440K,S:S477N,S:Q498R,S:H655Y,S:N679K,S:N764K,S:D796Y,S:N969K,S:P26-,S:D405N,S:R408S,S:T19I,S:L24-,S:P25-,S:A27S,S:G142D,S:T376A,S:G339H,S:G446S,S:N460K,S:Y144-,S:V21T,S:N50L,S:H69-,S:V70-,S:R158G,S:N211-,S:L212I,S:L216F,S:H245N,S:A264D,S:I332V,S:K356T,S:N450D,S:L452W,S:L455S,S:N481K,S:V483-,S:E484K,S:F486P,S:E554K,S:A570V,S:P621S,S:P681R,S:S939F,S:P1143L,S:F456L,S:V127F,S:R403K,S:T22N,S:F59S,S:G184S,S:A435S,S:Q493E,S:T478I,S:Q677H,S:F157L,S:V445P,S:T500A	2026-02-23	2026.147	2026	29621	39	NA	51.1657	10.4515
IGS-10285-CVDP-5C51DD61-3900-4A32-8F7C-38649F9506AB	2026.095	Europe	Germany	NA	25B (NB.1.8.1)	PQ.39.1	PQ.39.1	21L	NA	?	NA	S:D614G,S:S371F,S:S373P,S:S375F,S:K417N,S:N440K,S:S477N,S:Q498R,S:H655Y,S:N679K,S:N764K,S:D796Y,S:N969K,S:P26-,S:D405N,S:R408S,S:T19I,S:L24-,S:P25-,S:A27S,S:G142D,S:T376A,S:G339H,S:G446S,S:N460K,S:Y144-,S:V21T,S:N50L,S:H69-,S:V70-,S:R158G,S:N211-,S:L212I,S:L216F,S:H245N,S:A264D,S:I332V,S:K356T,S:N450D,S:L452W,S:L455S,S:N481K,S:V483-,S:E484K,S:F486P,S:E554K,S:A570V,S:P621S,S:P681R,S:S939F,S:P1143L,S:F456L,S:V127F,S:R403K,S:T22N,S:F59S,S:G184S,S:A435S,S:Q493E,S:T478I,S:Q677H,S:F157L,S:V445P	2026-02-04	2026.095	2026	29845	48	NA	51.1657	10.4515
USA/CA-LACPHL-AY16240/2026	2026.168	North America	USA	California	25B (NB.1.8.1)	NB.1.8.1	NB.1.8.1	21L	Homo sapiens	Fox et al	PZ175062	S:D614G,S:S371F,S:S373P,S:S375F,S:K417N,S:S477N,S:H655Y,S:N679K,S:N764K,S:D796Y,S:N969K,S:P26-,S:D405N,S:R408S,S:T19I,S:L24-,S:P25-,S:A27S,S:G142D,S:T376A,S:G339H,S:G446S,S:N460K,S:Y144-,S:V21T,S:N50L,S:H69-,S:V70-,S:F157S,S:R158G,S:N211-,S:L212I,S:L216F,S:A264D,S:I332V,S:K356T,S:V445H,S:N450D,S:L452W,S:L455S,S:N481K,S:V483-,S:E484K,S:F486P,S:E554K,S:A570V,S:P681R,S:S939F,S:P1143L,S:F456L,S:V127F,S:R403K,S:T22N,S:F59S,S:G184S,S:A435S,S:L244-,S:H245-,S:R246-,S:S247-,S:Y248-,S:N440R,S:H505Y,S:E619-,S:V620-,S:P621D,S:Q677H	2026-03-03	2026.168	2026	29722	33	F	38.916963	-98.891372
IGS-10285-CVDP-7B3A160F-AF87-4CD0-8753-ACC18C298FD4	2025.988	Europe	Germany	NA	25B (NB.1.8.1)	RR.1	RR.1	21L	NA	?	NA	S:D614G,S:S371F,S:S373P,S:S375F,S:K417N,S:N440K,S:S477N,S:Q498R,S:H655Y,S:N764K,S:D796Y,S:N969K,S:P26-,S:D405N,S:R408S,S:T19I,S:L24-,S:P25-,S:A27S,S:G142D,S:T376A,S:G339H,S:G446S,S:N460K,S:Y144-,S:V21T,S:N50L,S:H69-,S:V70-,S:F157S,S:R158G,S:N211-,S:L212I,S:L216F,S:H245N,S:A264D,S:I332V,S:K356T,S:N450D,S:L452W,S:L455S,S:N481K,S:V483-,S:E484K,S:F486P,S:E554K,S:A570V,S:P621S,S:P681R,S:S939F,S:P1143L,S:F456L,S:V127F,S:R403K,S:T22N,S:F59S,S:G184S,S:A435S,S:Q493E,S:T478I,S:N679R,S:V445P,S:A829T,S:G639S	2025-12-27	2025.988	2025	29621	20	F	51.1657	10.4515
IGS-10285-CVDP-84866D7B-D788-44A4-B088-CEB76A448EF3	2025.993	Europe	Germany	NA	25B (NB.1.8.1)	PQ.2	PQ.2	21L	NA	?	NA	S:D614G,S:S371F,S:S373P,S:S375F,S:K417N,S:N440K,S:S477N,S:Q498R,S:H655Y,S:N679K,S:N764K,S:D796Y,S:N969K,S:P26-,S:D405N,S:R408S,S:T19I,S:L24-,S:P25-,S:A27S,S:G142D,S:T376A,S:G339H,S:G446S,S:N460K,S:Y144-,S:V21T,S:N50L,S:H69-,S:V70-,S:F157S,S:R158G,S:N211-,S:L212I,S:L216F,S:H245N,S:A264D,S:I332V,S:K356T,S:V445H,S:N450D,S:L452W,S:L455S,S:N481K,S:V483-,S:E484K,S:F486P,S:E554K,S:A570V,S:P621S,S:P681R,S:S939F,S:P1143L,S:F456L,S:V127F,S:R403K,S:T22N,S:F59S,S:G184S,S:A435S,S:Q493E,S:T478I,S:S680F	2025-12-29	2025.993	2025	29622	12	NA	51.1657	10.4515
IGS-10285-CVDP-041F9E91-D789-4012-96D8-C24D80385B0E	2026.108	Europe	Germany	NA	25B (NB.1.8.1)	PQ.2	PQ.2	21L	NA	?	NA	S:D614G,S:S371F,S:S373P,S:S375F,S:K417N,S:N440K,S:S477N,S:Q498R,S:H655Y,S:N679K,S:N764K,S:D796Y,S:N969K,S:P26-,S:D405N,S:R408S,S:T19I,S:L24-,S:P25-,S:A27S,S:G142D,S:T376A,S:G339H,S:G446S,S:N460K,S:Y144-,S:V21T,S:N50L,S:H69-,S:V70-,S:F157S,S:R158G,S:N211-,S:L212I,S:L216F,S:H245N,S:A264D,S:I332V,S:K356T,S:V445H,S:N450D,S:L452W,S:L455S,S:N481K,S:V483-,S:E484K,S:F486P,S:E554K,S:A570V,S:P621S,S:P681R,S:S939F,S:P1143L,S:F456L,S:V127F,S:R403K,S:T22N,S:F59S,S:G184S,S:A435S,S:Q493E,S:T478I,S:S680F	2026-02-09	2026.108	2026	29870	NA	F	51.1657	10.4515
OZ389898	2025.911	Europe	United Kingdom	Scotland	25B (NB.1.8.1)	PQ.2.4	NB.1.8.1	21L	Homo sapiens	?	OZ389898	S:D614G,S:S371F,S:S373P,S:S375F,S:K417N,S:N440K,S:S477N,S:Q498R,S:H655Y,S:N679K,S:N764K,S:D796Y,S:N969K,S:P26-,S:D405N,S:R408S,S:T19I,S:L24-,S:P25-,S:A27S,S:G142D,S:T376A,S:G339H,S:G446S,S:N460K,S:Y144-,S:V21T,S:N50L,S:H69-,S:V70-,S:F157S,S:R158G,S:N211-,S:L212I,S:L216F,S:H245N,S:A264D,S:I332V,S:K356T,S:V445H,S:N450D,S:L452W,S:L455S,S:N481K,S:V483-,S:E484K,S:F486P,S:E554K,S:A570V,S:P621S,S:P681R,S:S939F,S:P1143L,S:F456L,S:V127F,S:R403K,S:T22N,S:F59S,S:G184S,S:A435S,S:Q493E,S:T478I	2025-11-29	2025.911	2025	29778	39	NA	54.242833	-2.088739
IGS-10285-CVDP-8E0BC977-0291-4D00-8837-62B1EC1FFCB4	2026.007	Europe	Germany	NA	25B (NB.1.8.1)	PQ.2.4	PQ.2.4	21L	NA	?	NA	S:D614G,S:S371F,S:S373P,S:S375F,S:K417N,S:N440K,S:S477N,S:Q498R,S:H655Y,S:N679K,S:N764K,S:D796Y,S:N969K,S:P26-,S:D405N,S:R408S,S:T19I,S:L24-,S:P25-,S:A27S,S:G142D,S:T376A,S:G339H,S:G446S,S:N460K,S:Y144-,S:V21T,S:N50L,S:H69-,S:V70-,S:F157S,S:R158G,S:N211-,S:L212I,S:L216F,S:H245N,S:A264D,S:I332V,S:K356T,S:V445H,S:N450D,S:L452W,S:L455S,S:N481K,S:V483-,S:E484K,S:F486P,S:E554K,S:A570V,S:P621S,S:P681R,S:S939F,S:P1143L,S:F456L,S:V127F,S:R403K,S:T22N,S:F59S,S:G184S,S:A435S,S:Q493E,S:T478I	2026-01-03	2026.007	2026	29796	NA	F	51.1657	10.4515
OZ414380	2026.034	Europe	Slovakia	Slovakia	25B (NB.1.8.1)	PQ.11	PQ.11	21L	Homo sapiens	Sladecek et al	OZ414380	S:D614G,S:S371F,S:S373P,S:S375F,S:K417N,S:N440K,S:S477N,S:Q498R,S:H655Y,S:N679K,S:N764K,S:D796Y,S:N969K,S:P26-,S:D405N,S:R408S,S:T19I,S:L24-,S:P25-,S:A27S,S:G142D,S:T376A,S:G339H,S:G446S,S:N460K,S:Y144-,S:V21T,S:N50L,S:H69-,S:V70-,S:F157S,S:R158G,S:N211-,S:L212I,S:L216F,S:H245N,S:A264D,S:I332V,S:K356T,S:V445H,S:N450D,S:L452W,S:L455S,S:N481K,S:V483-,S:E484K,S:F486P,S:E554K,S:A570V,S:P621S,S:P681R,S:S939F,S:P1143L,S:F456L,S:V127F,S:R403K,S:T22N,S:F59S,S:G184S,S:A435S,S:Q493E,S:T478I,S:R346K,S:N334K	2026-01-13	2026.034	2026	29829	75	F	48.66667	19.5
OZ455363	2026.048	Europe	Slovakia	Slovakia	25B (NB.1.8.1)	PQ.11	PQ.11	21L	Homo sapiens	Sladecek et al	OZ455363	S:D614G,S:S371F,S:S373P,S:S375F,S:K417N,S:N440K,S:S477N,S:Q498R,S:H655Y,S:N679K,S:N764K,S:D796Y,S:N969K,S:P26-,S:D405N,S:R408S,S:T19I,S:L24-,S:P25-,S:A27S,S:G142D,S:T376A,S:G339H,S:G446S,S:N460K,S:Y144-,S:V21T,S:N50L,S:H69-,S:V70-,S:F157S,S:R158G,S:N211-,S:L212I,S:L216F,S:H245N,S:A264D,S:I332V,S:K356T,S:V445H,S:N450D,S:L452W,S:L455S,S:N481K,S:V483-,S:E484K,S:F486P,S:E554K,S:A570V,S:P621S,S:P681R,S:S939F,S:P1143L,S:F456L,S:V127F,S:R403K,S:T22N,S:F59S,S:G184S,S:A435S,S:Q493E,S:T478I,S:R346K,S:N334K,S:D420N	2026-01-18	2026.048	2026	29830	NA	NA	48.66667	19.5
IGS-10285-CVDP-4D3757FC-E985-4C94-AAC1-38ECDCAC1CD3	2025.897	Europe	Germany	NA	25B (NB.1.8.1)	PQ.13.3.1	PQ.13.3.1	21L	NA	?	NA	S:D614G,S:S371F,S:S373P,S:S375F,S:K417N,S:N440K,S:S477N,S:Q498R,S:H655Y,S:N679K,S:N764K,S:D796Y,S:N969K,S:P26-,S:D405N,S:R408S,S:T19I,S:L24-,S:P25-,S:A27S,S:G142D,S:T376A,S:G339H,S:G446S,S:N460K,S:Y144-,S:V21T,S:N50L,S:H69-,S:V70-,S:F157S,S:R158G,S:N211-,S:L212I,S:L216F,S:H245N,S:A264D,S:I332V,S:K356T,S:V445H,S:N450D,S:L452W,S:L455S,S:N481K,S:V483-,S:E484K,S:F486P,S:E554K,S:A570V,S:P621S,S:P681R,S:S939F,S:P1143L,S:F456L,S:V127F,S:R403K,S:T22N,S:F59S,S:G184S,S:A435S,S:Q493E,S:T572I,S:T478I,S:Q183H	2025-11-24	2025.897	2025	29878	NA	M	51.1657	10.4515
OZ390254	2025.938	Europe	United Kingdom	Scotland	25B (NB.1.8.1)	PQ.10	PQ.10	21L	Homo sapiens	?	OZ390254	S:D614G,S:S371F,S:S373P,S:S375F,S:K417N,S:N440K,S:S477N,S:Q498R,S:H655Y,S:N679K,S:N764K,S:D796Y,S:N969K,S:P26-,S:D405N,S:R408S,S:T19I,S:L24-,S:P25-,S:A27S,S:G142D,S:T376A,S:G339H,S:G446S,S:N460K,S:Y144-,S:V21T,S:N50L,S:H69-,S:V70-,S:F157S,S:R158G,S:N211-,S:L212I,S:L216F,S:H245N,S:A264D,S:I332V,S:K356T,S:V445H,S:N450D,S:L452W,S:L455S,S:N481K,S:V483-,S:E484K,S:F486P,S:E554K,S:A570V,S:P621S,S:P681R,S:S939F,S:P1143L,S:F456L,S:V127F,S:R403K,S:T22N,S:F59S,S:G184S,S:A435S,S:Q493E,S:T478I,S:R346T,S:L699I	2025-12-09	2025.938	2025	29741	NA	NA	54.242833	-2.088739
IGS-10285-CVDP-A225AECE-AFC7-4A6B-A752-1FCCD2CC3687	2026.105	Europe	Germany	NA	25B (NB.1.8.1)	PQ.17	NB.1.8.1	21L	NA	?	NA	S:D614G,S:S371F,S:S373P,S:S375F,S:K417N,S:N440K,S:S477N,S:Q498R,S:H655Y,S:N679K,S:N764K,S:D796Y,S:N969K,S:P26-,S:D405N,S:R408S,S:T19I,S:L24-,S:P25-,S:A27S,S:G142D,S:T376A,S:G339H,S:G446S,S:N460K,S:Y144-,S:V21T,S:N50L,S:H69-,S:V70-,S:F157S,S:R158G,S:N211-,S:L212I,S:L216F,S:H245N,S:A264D,S:I332V,S:K356T,S:V445H,S:N450D,S:L452W,S:L455S,S:N481K,S:V483-,S:E484K,S:F486P,S:E554K,S:A570V,S:P621S,S:P681R,S:S939F,S:P1143L,S:F456L,S:V127F,S:R403K,S:T22N,S:F59S,S:G184S,S:A435S,S:Q493E,S:E156D	2026-02-08	2026.105	2026	29611	47	M	51.1657	10.4515
OZ390194	2025.947	Europe	United Kingdom	Wales	25B (NB.1.8.1)	PQ.17	NB.1.8.1	21L	Homo sapiens	?	OZ390194	S:D614G,S:S371F,S:S373P,S:S375F,S:K417N,S:N440K,S:S477N,S:Q498R,S:H655Y,S:N679K,S:N764K,S:D796Y,S:N969K,S:P26-,S:D405N,S:R408S,S:T19I,S:L24-,S:P25-,S:A27S,S:G142D,S:T376A,S:G339H,S:G446S,S:N460K,S:Y144-,S:V21T,S:N50L,S:H69-,S:V70-,S:F157S,S:R158G,S:N211-,S:L212I,S:L216F,S:H245N,S:A264D,S:I332V,S:K356T,S:V445H,S:N450D,S:L452W,S:L455S,S:N481K,S:V483-,S:E484K,S:F486P,S:E554K,S:A570V,S:P621S,S:P681R,S:S939F,S:P1143L,S:F456L,S:V127F,S:R403K,S:T22N,S:F59S,S:G184S,S:A435S,S:Q493E	2025-12-12	2025.947	2025	29865	42	NA	54.242833	-2.088739
Denmark/DCGC-693427/2025	2025.897	Europe	Denmark	Denmark	25B (NB.1.8.1)	PQ.17	NB.1.8.1	21L	Homo sapiens	Danish Covid-19 Genome et al	OZ377023	S:D614G,S:S371F,S:S373P,S:S375F,S:K417N,S:N440K,S:S477N,S:Q498R,S:H655Y,S:N679K,S:N764K,S:D796Y,S:N969K,S:P26-,S:D405N,S:R408S,S:T19I,S:L24-,S:P25-,S:A27S,S:G142D,S:T376A,S:G339H,S:G446S,S:N460K,S:Y144-,S:V21T,S:N50L,S:H69-,S:V70-,S:F157S,S:R158G,S:N211-,S:L212I,S:L216F,S:H245N,S:A264D,S:I332V,S:K356T,S:V445H,S:N450D,S:L452W,S:L455S,S:N481K,S:V483-,S:E484K,S:F486P,S:E554K,S:A570V,S:P621S,S:P681R,S:S939F,S:P1143L,S:F456L,S:V127F,S:R403K,S:T22N,S:F59S,S:G184S,S:A435S,S:Q493E,S:Q677H	2025-11-24	2025.897	2025	29821	NA	NA	56.2639	9.5018
Denmark/DCGC-693432/2025	2025.878	Europe	Denmark	Denmark	25B (NB.1.8.1)	PQ.2.7	PQ.2.7	21L	Homo sapiens	Danish Covid-19 Genome et al	OZ376989	S:D614G,S:S371F,S:S373P,S:S375F,S:K417N,S:N440K,S:S477N,S:Q498R,S:H655Y,S:N679K,S:N764K,S:D796Y,S:N969K,S:P26-,S:D405N,S:R408S,S:T19I,S:L24-,S:P25-,S:A27S,S:G142D,S:T376A,S:G339H,S:G446S,S:N460K,S:Y144-,S:V21T,S:N50L,S:H69-,S:V70-,S:F157S,S:R158G,S:N211-,S:L212I,S:L216F,S:H245N,S:A264D,S:I332V,S:K356T,S:V445H,S:N450D,S:L452W,S:L455S,S:N481K,S:V483-,S:E484K,S:F486P,S:E554K,S:A570V,S:P621S,S:P681R,S:S939F,S:P1143L,S:F456L,S:V127F,S:R403K,S:T22N,S:F59S,S:G184S,S:A435S,S:Q493E,S:T478I,S:R346T	2025-11-17	2025.878	2025	29715	NA	NA	56.2639	9.5018
USA/CO-CDPHE-46104819/2026	2026.111	North America	USA	Colorado	25B (NB.1.8.1)	PQ.2.1.6	PQ.2.1.6	21L	Homo sapiens	Matzinger et al	PZ087654	S:D614G,S:S371F,S:S373P,S:S375F,S:K417N,S:N440K,S:S477N,S:Q498R,S:H655Y,S:N679K,S:N764K,S:D796Y,S:N969K,S:P26-,S:D405N,S:R408S,S:T19I,S:L24-,S:P25-,S:A27S,S:G142D,S:T376A,S:G339H,S:G446S,S:N460K,S:Y144-,S:V21T,S:N50L,S:H69-,S:V70-,S:F157S,S:R158G,S:N211-,S:L212I,S:L216F,S:H245N,S:A264D,S:I332V,S:K356T,S:V445H,S:N450D,S:L452W,S:L455S,S:N481K,S:V483-,S:E484K,S:F486P,S:E554K,S:A570V,S:P621S,S:P681R,S:S939F,S:P1143L,S:F456L,S:V127F,S:R403K,S:T22N,S:F59S,S:G184S,S:A435S,S:Q493E,S:V1128I,S:D228Y	2026-02-10	2026.111	2026	29786	NA	M	38.916963	-98.891372
IGS-10285-CVDP-C9275C6B-5A47-46A3-B148-422FA7E21B0D	2026.155	Europe	Germany	NA	25B (NB.1.8.1)	RK.1	RK.1	21L	NA	?	NA	S:D614G,S:S371F,S:S373P,S:S375F,S:K417N,S:N440K,S:S477N,S:Q498R,S:H655Y,S:N679K,S:N764K,S:D796Y,S:N969K,S:P26-,S:D405N,S:R408S,S:T19I,S:L24-,S:P25-,S:A27S,S:G142D,S:T376A,S:G339H,S:G446S,S:N460K,S:Y144-,S:V21T,S:N50L,S:H69-,S:V70-,S:F157S,S:R158G,S:N211-,S:L212I,S:L216F,S:H245N,S:A264D,S:I332V,S:K356T,S:N450D,S:L452W,S:L455S,S:N481K,S:V483-,S:E484K,S:F486P,S:E554K,S:A570V,S:P621S,S:P681R,S:S939F,S:P1143L,S:F456L,S:V127F,S:R403K,S:T22N,S:F59S,S:G184S,S:A435S,S:Q493E,S:D420N,S:V445P,S:T299I	2026-02-26	2026.155	2026	29884	NA	M	51.1657	10.4515
CHN/14-2024/2024	2024.138	Asia	China	Yunnan	24A (JN.1)	JN.1.20	JN.1.20	24A	Homo sapiens	Xia et al	PV596466	S:D614G,S:S371F,S:S373P,S:S375F,S:K417N,S:N440K,S:S477N,S:T478K,S:Q498R,S:H655Y,S:N679K,S:N764K,S:D796Y,S:N969K,S:P26-,S:D405N,S:R408S,S:T19I,S:L24-,S:P25-,S:A27S,S:G142D,S:T376A,S:G339H,S:G446S,S:N460K,S:Y144-,S:V21T,S:N50L,S:H69-,S:V70-,S:F157S,S:R158G,S:N211-,S:L212I,S:L216F,S:H245N,S:A264D,S:I332V,S:K356T,S:V445H,S:N450D,S:L452W,S:L455S,S:N481K,S:V483-,S:E484K,S:F486P,S:E554K,S:A570V,S:P621S,S:P681R,S:S939F,S:P1143L,S:V127F,S:S31F	2024-02-20	2024.138	2024	29829	71	NA	33.394333	104.689839
SAU/SA-04-USAFSAM-S22648/2024	2024.31	Asia	Saudi Arabia	Al Kharj	24B (JN.1.11.1)	KP.2.2	KP.2.2	24B	Homo sapiens	Fries et al	PP894198	S:D614G,S:S371F,S:S373P,S:S375F,S:K417N,S:N440K,S:S477N,S:T478K,S:Q498R,S:H655Y,S:N679K,S:N764K,S:D796Y,S:N969K,S:P26-,S:D405N,S:R408S,S:T19I,S:L24-,S:P25-,S:A27S,S:G142D,S:T376A,S:G339H,S:G446S,S:N460K,S:Y144-,S:V21T,S:N50L,S:H69-,S:V70-,S:F157S,S:R158G,S:N211-,S:L212I,S:L216F,S:H245N,S:A264D,S:I332V,S:K356T,S:V445H,S:N450D,S:L452W,S:L455S,S:N481K,S:V483-,S:E484K,S:F486P,S:E554K,S:A570V,S:P621S,S:P681R,S:S939F,S:P1143L,S:V127F,S:R403K,S:F456L,S:R346T,S:V1104L,S:F59L,S:K1266R	2024-04-23	2024.31	2024	29786	38	NA	25	45
USA/NY-PRL-240702_82A10/2024	2024.49	North America	USA	New York	24B (JN.1.11.1)	KP.2	KP.2	24B	Homo sapiens	Opentrons et al	PP988201	S:D614G,S:S371F,S:S373P,S:S375F,S:K417N,S:N440K,S:S477N,S:T478K,S:Q498R,S:H655Y,S:N679K,S:N764K,S:D796Y,S:N969K,S:P26-,S:D405N,S:R408S,S:T19I,S:L24-,S:P25-,S:A27S,S:G142D,S:T376A,S:G339H,S:G446S,S:N460K,S:Y144-,S:V21T,S:N50L,S:H69-,S:V70-,S:F157S,S:R158G,S:N211-,S:L212I,S:L216F,S:H245N,S:A264D,S:I332V,S:K356T,S:V445H,S:N450D,S:L452W,S:L455S,S:N481K,S:V483-,S:E484K,S:F486P,S:E554K,S:A570V,S:P621S,S:P681R,S:S939F,S:P1143L,S:V127F,S:R403K,S:F456L,S:R346T,S:V1104L,S:S31-	2024-06-28	2024.49	2024	29691	71	M	38.916963	-98.891372
USA/CA-SEARCH-140921/2024	2024.529	North America	USA	California	24B (JN.1.11.1)	KP.1.1.3	KP.1.1.3	24B	Homo sapiens	Andersen et al	PQ301752	S:D614G,S:S371F,S:S373P,S:S375F,S:K417N,S:N440K,S:S477N,S:T478K,S:Q498R,S:H655Y,S:N679K,S:N764K,S:D796Y,S:N969K,S:P26-,S:D405N,S:R408S,S:T19I,S:L24-,S:P25-,S:A27S,S:G142D,S:T376A,S:G339H,S:G446S,S:N460K,S:Y144-,S:V21T,S:N50L,S:H69-,S:V70-,S:F157S,S:R158G,S:N211-,S:L212I,S:L216F,S:H245N,S:A264D,S:I332V,S:K356T,S:V445H,S:N450D,S:L452W,S:L455S,S:N481K,S:V483-,S:E484K,S:F486P,S:E554K,S:A570V,S:P621S,S:P681R,S:S939F,S:P1143L,S:V127F,S:R403K,S:F456L,S:R346T,S:V1104L,S:S31-,S:K1086R	2024-07-12	2024.529	2024	29608	31	NA	38.916963	-98.891372
FRA/039-0010-B-M/2024	2024.581	Europe	France	France	24G (KP.2.3)	KP.2.3	KP.2.3	24B	Homo sapiens	Fourati et al	PV125971	S:D614G,S:S371F,S:S373P,S:S375F,S:K417N,S:N440K,S:S477N,S:T478K,S:Q498R,S:H655Y,S:N679K,S:N764K,S:D796Y,S:N969K,S:P26-,S:D405N,S:R408S,S:T19I,S:L24-,S:P25-,S:A27S,S:G142D,S:T376A,S:G339H,S:G446S,S:N460K,S:Y144-,S:V21T,S:N50L,S:H69-,S:V70-,S:F157S,S:R158G,S:N211-,S:L212I,S:L216F,S:H245N,S:A264D,S:I332V,S:K356T,S:V445H,S:N450D,S:L452W,S:L455S,S:N481K,S:V483-,S:E484K,S:F486P,S:E554K,S:A570V,S:P621S,S:P681R,S:S939F,S:P1143L,S:V127F,S:R403K,S:F456L,S:R346T,S:V1104L,S:S31-,S:H146Q	2024-07-31	2024.581	2024	29814	NA	NA	46.2276	2.2137
CHN/419-2024/2024	2024.622	Asia	China	Yunnan	24B (JN.1.11.1)	MU.1	MU.1	24B	Homo sapiens	Xia et al	PV596478	S:D614G,S:S371F,S:S373P,S:S375F,S:K417N,S:N440K,S:S477N,S:T478K,S:Q498R,S:H655Y,S:N679K,S:N764K,S:D796Y,S:N969K,S:P26-,S:D405N,S:R408S,S:T19I,S:L24-,S:P25-,S:A27S,S:G142D,S:T376A,S:G339H,S:G446S,S:N460K,S:Y144-,S:V21T,S:N50L,S:H69-,S:V70-,S:F157S,S:R158G,S:N211-,S:L212I,S:L216F,S:H245N,S:A264D,S:I332V,S:K356T,S:V445H,S:N450D,S:L452W,S:L455S,S:N481K,S:V483-,S:E484K,S:F486P,S:E554K,S:A570V,S:P621S,S:P681R,S:S939F,S:P1143L,S:V127F,S:R403K,S:F456L,S:R346T,S:V1104L,S:F59S,S:T572I	2024-08-15	2024.622	2024	29656	36	M	33.394333	104.689839
IMS-10285-CVDP-FDBDA770-BF1B-4461-AECB-190E99399202	2024.466	Europe	Germany	NA	24B (JN.1.11.1)	JN.1.11.1	JN.1.11.1	24B	NA	?	NA	S:D614G,S:S371F,S:S373P,S:S375F,S:K417N,S:N440K,S:S477N,S:T478K,S:Q498R,S:H655Y,S:N679K,S:N764K,S:D796Y,S:N969K,S:P26-,S:D405N,S:R408S,S:T19I,S:L24-,S:P25-,S:A27S,S:G142D,S:T376A,S:G339H,S:G446S,S:N460K,S:Y144-,S:V21T,S:N50L,S:H69-,S:V70-,S:F157S,S:R158G,S:N211-,S:L212I,S:L216F,S:H245N,S:A264D,S:I332V,S:K356T,S:N450D,S:L452W,S:L455S,S:N481K,S:V483-,S:E484K,S:F486P,S:E554K,S:A570V,S:P621S,S:P681R,S:S939F,S:P1143L,S:V127F,S:R403K,S:F456L,S:V1104L,S:V445P	2024-06-19	2024.466	2024	29752	43	NA	51.1657	10.4515
OZ180306	2024.643	Europe	United Kingdom	Wales	24B (JN.1.11.1)	KP.3.1	KP.3.1	24B	Homo sapiens	?	OZ180306	S:D614G,S:S371F,S:S373P,S:S375F,S:K417N,S:N440K,S:S477N,S:T478K,S:Q498R,S:H655Y,S:N679K,S:N764K,S:D796Y,S:N969K,S:P26-,S:D405N,S:R408S,S:T19I,S:L24-,S:P25-,S:A27S,S:G142D,S:T376A,S:G339H,S:G446S,S:N460K,S:Y144-,S:V21T,S:N50L,S:H69-,S:V70-,S:F157S,S:R158G,S:N211-,S:L212I,S:L216F,S:H245N,S:A264D,S:I332V,S:K356T,S:V445H,S:N450D,S:L452W,S:L455S,S:N481K,S:V483-,S:E484K,S:F486P,S:E554K,S:A570V,S:P621S,S:S939F,S:P1143L,S:V127F,S:R403K,S:F456L,S:V1104L,S:Q493E,S:P681H	2024-08-23	2024.643	2024	29791	62	F	54.242833	-2.088739
Denmark/DCGC-691235/2024	2024.9	Europe	Denmark	Denmark	24E (KP.3.1.1)	KP.3.1.1	KP.3.1.1	24B	Homo sapiens	Danish Covid-19 Genome et al	OZ217741	S:D614G,S:S371F,S:S373P,S:S375F,S:K417N,S:N440K,S:S477N,S:T478K,S:Q498R,S:H655Y,S:N679K,S:N764K,S:D796Y,S:N969K,S:P26-,S:D405N,S:R408S,S:T19I,S:L24-,S:P25-,S:A27S,S:G142D,S:T376A,S:G339H,S:G446S,S:N460K,S:Y144-,S:V21T,S:N50L,S:H69-,S:V70-,S:F157S,S:R158G,S:N211-,S:L212I,S:L216F,S:H245N,S:A264D,S:I332V,S:K356T,S:V445H,S:N450D,S:L452W,S:L455S,S:N481K,S:V483-,S:E484K,S:F486P,S:E554K,S:A570V,S:P621S,S:P681R,S:S939F,S:P1143L,S:V127F,S:R403K,S:F456L,S:V1104L,S:Q493E,S:S31F,S:I805V	2024-11-25	2024.9	2024	29822	58	NA	56.2639	9.5018
OZ208473	2024.876	Europe	United Kingdom	Scotland	24E (KP.3.1.1)	MC.21	MC.21	24B	Homo sapiens	?	OZ208473	S:D614G,S:S371F,S:S373P,S:S375F,S:K417N,S:N440K,S:S477N,S:T478K,S:Q498R,S:H655Y,S:N679K,S:N764K,S:D796Y,S:N969K,S:P26-,S:D405N,S:R408S,S:T19I,S:L24-,S:P25-,S:A27S,S:G142D,S:T376A,S:G339H,S:G446S,S:N460K,S:Y144-,S:V21T,S:N50L,S:H69-,S:V70-,S:F157S,S:R158G,S:N211-,S:L212I,S:L216F,S:H245N,S:A264D,S:I332V,S:K356T,S:V445H,S:N450D,S:L452W,S:L455S,S:N481K,S:V483-,S:E484K,S:F486P,S:E554K,S:A570V,S:P621S,S:P681R,S:S939F,S:P1143L,S:V127F,S:R403K,S:F456L,S:V1104L,S:Q493E,S:S31-,S:D53G,S:V90F,S:V227I	2024-11-16	2024.876	2024	29820	55	NA	54.242833	-2.088739
USA/UT-UPHL-260417872183/2026	2026.259	North America	USA	Utah	25D (MC.10.2.1)	PE.1.4.2	PE.1.4.2	24B	Homo sapiens	Gupta et al	PZ358586	S:D614G,S:S371F,S:S373P,S:S375F,S:K417N,S:N440K,S:S477N,S:T478K,S:Q498R,S:H655Y,S:N764K,S:D796Y,S:N969K,S:P26-,S:D405N,S:R408S,S:T19I,S:L24-,S:P25-,S:A27S,S:G142D,S:G339H,S:G446S,S:N460K,S:Y144-,S:V21T,S:N50L,S:H69-,S:V70-,S:F157S,S:R158G,S:N211-,S:L212I,S:L216F,S:H245N,S:A264D,S:I332V,S:K356T,S:N450D,S:L452W,S:L455S,S:N481K,S:V483-,S:E484K,S:F486P,S:E554K,S:A570V,S:P621S,S:P681R,S:S939F,S:P1143L,S:V127F,S:R403K,S:F456L,S:V1104L,S:Q493E,S:S31-,S:I101T,S:T376N,S:V445P,S:S673T,S:N679R	2026-04-05	2026.259	2026	29651	20	F	38.916963	-98.891372
USA/UT-UPHL-260130083630/2026	2026.048	North America	USA	Utah	25D (MC.10.2.1)	PE.1.4.2	PE.1.4.2	24B	Homo sapiens	Gupta et al	PZ008607	S:D614G,S:S371F,S:S373P,S:S375F,S:K417N,S:N440K,S:S477N,S:T478K,S:Q498R,S:H655Y,S:N764K,S:D796Y,S:N969K,S:P26-,S:D405N,S:R408S,S:T19I,S:L24-,S:P25-,S:A27S,S:G142D,S:G339H,S:G446S,S:N460K,S:Y144-,S:V21T,S:N50L,S:H69-,S:V70-,S:F157S,S:R158G,S:N211-,S:L212I,S:L216F,S:H245N,S:A264D,S:I332V,S:K356T,S:N450D,S:L452W,S:L455S,S:N481K,S:V483-,S:E484K,S:F486P,S:E554K,S:A570V,S:P621S,S:P681R,S:S939F,S:P1143L,S:V127F,S:R403K,S:F456L,S:V1104L,S:Q493E,S:S31-,S:I101T,S:T376N,S:V445P,S:S673T,S:N679R	2026-01-18	2026.048	2026	29613	71	NA	38.916963	-98.891372
USA/MO-USAFSAM-S24468/2026	2026.042	North America	USA	Missouri	25D (MC.10.2.1)	PE.1.4	PE.1.4	24B	Homo sapiens	Fries et al	PZ037806	S:D614G,S:S371F,S:S373P,S:S375F,S:K417N,S:N440K,S:S477N,S:T478K,S:Q498R,S:H655Y,S:N764K,S:D796Y,S:N969K,S:P26-,S:D405N,S:R408S,S:T19I,S:L24-,S:P25-,S:A27S,S:G142D,S:G339H,S:G446S,S:N460K,S:Y144-,S:V21T,S:N50L,S:H69-,S:V70-,S:F157S,S:R158G,S:N211-,S:L212I,S:L216F,S:H245N,S:A264D,S:I332V,S:K356T,S:N450D,S:L452W,S:L455S,S:N481K,S:V483-,S:E484K,S:F486P,S:E554K,S:A570V,S:P621S,S:P681R,S:S939F,S:P1143L,S:V127F,S:R403K,S:F456L,S:V1104L,S:Q493E,S:S31-,S:I101T,S:T376N,S:V445P,S:S673T,S:N679R,S:A688S	2026-01-16	2026.042	2026	29681	68	NA	38.916963	-98.891372
USA/MO-USAFSAM-S24540/2026	2026.092	North America	USA	Missouri	25D (MC.10.2.1)	PE.1.4	PE.1.4	24B	Homo sapiens	Fries et al	PZ253810	S:D614G,S:S371F,S:S373P,S:S375F,S:K417N,S:N440K,S:S477N,S:T478K,S:Q498R,S:H655Y,S:N764K,S:D796Y,S:N969K,S:P26-,S:D405N,S:R408S,S:T19I,S:L24-,S:P25-,S:A27S,S:G142D,S:G339H,S:G446S,S:N460K,S:Y144-,S:V21T,S:N50L,S:H69-,S:V70-,S:F157S,S:R158G,S:N211-,S:L212I,S:L216F,S:H245N,S:A264D,S:I332V,S:K356T,S:N450D,S:L452W,S:L455S,S:N481K,S:V483-,S:E484K,S:F486P,S:E554K,S:A570V,S:P621S,S:P681R,S:S939F,S:P1143L,S:V127F,S:R403K,S:F456L,S:V1104L,S:Q493E,S:S31-,S:I101T,S:T376N,S:V445P,S:S673T,S:N679R,S:A688S	2026-02-03	2026.092	2026	29877	39	NA	38.916963	-98.891372
USA/MO-USAFSAM-S24555/2026	2026.097	North America	USA	Missouri	25D (MC.10.2.1)	PE.1.4	PE.1.4	24B	Homo sapiens	Fries et al	PZ253823	S:D614G,S:S371F,S:S373P,S:S375F,S:K417N,S:N440K,S:S477N,S:T478K,S:Q498R,S:H655Y,S:N764K,S:D796Y,S:N969K,S:P26-,S:D405N,S:R408S,S:T19I,S:L24-,S:P25-,S:A27S,S:G142D,S:G339H,S:G446S,S:N460K,S:Y144-,S:V21T,S:N50L,S:H69-,S:V70-,S:F157S,S:R158G,S:N211-,S:L212I,S:L216F,S:H245N,S:A264D,S:I332V,S:K356T,S:N450D,S:L452W,S:L455S,S:N481K,S:V483-,S:E484K,S:F486P,S:E554K,S:A570V,S:P621S,S:P681R,S:S939F,S:P1143L,S:V127F,S:R403K,S:F456L,S:V1104L,S:Q493E,S:S31-,S:I101T,S:T376N,S:V445P,S:S673T,S:N679R,S:A688S	2026-02-05	2026.097	2026	29717	39	NA	38.916963	-98.891372
OZ249645	2025.207	Europe	United Kingdom	England	24F (XEC)	XEC.2.2	XEC.2.2	24A	Homo sapiens	?	OZ249645	S:D614G,S:S371F,S:S373P,S:S375F,S:K417N,S:N440K,S:S477N,S:T478K,S:Q498R,S:H655Y,S:N679K,S:N764K,S:D796Y,S:N969K,S:P26-,S:D405N,S:R408S,S:T19I,S:L24-,S:P25-,S:A27S,S:G142D,S:T376A,S:G339H,S:G446S,S:N460K,S:Y144-,S:V21T,S:N50L,S:H69-,S:V70-,S:F157S,S:R158G,S:N211-,S:L212I,S:L216F,S:H245N,S:A264D,S:I332V,S:K356T,S:V445H,S:N450D,S:L452W,S:L455S,S:N481K,S:V483-,S:E484K,S:F486P,S:E554K,S:A570V,S:P621S,S:P681R,S:S939F,S:P1143L,S:V127F,S:R403K,S:F456L,S:R346T,S:V1104L,S:T22N,S:Q493E,S:F59S,S:K182E	2025-03-17	2025.207	2025	29793	NA	NA	54.242833	-2.088739
ITA/VEN-USAFSAM-S23343/2024	2024.766	Europe	Italy	Veneto	24F (XEC)	XEC	XEC	24A	Homo sapiens	Fries et al	PV239444	S:D614G,S:S371F,S:S373P,S:S375F,S:K417N,S:N440K,S:S477N,S:T478K,S:Q498R,S:H655Y,S:N679K,S:N764K,S:D796Y,S:N969K,S:P26-,S:D405N,S:R408S,S:T19I,S:L24-,S:P25-,S:A27S,S:G142D,S:T376A,S:G339H,S:G446S,S:N460K,S:Y144-,S:V21T,S:N50L,S:H69-,S:V70-,S:F157S,S:R158G,S:N211-,S:L212I,S:L216F,S:H245N,S:A264D,S:I332V,S:K356T,S:V445H,S:N450D,S:L452W,S:L455S,S:N481K,S:V483-,S:E484K,S:F486P,S:E554K,S:A570V,S:P621S,S:P681R,S:S939F,S:P1143L,S:V127F,S:R403K,S:F456L,S:V1104L,S:T22N,S:Q493E,S:F59S,S:F1103L	2024-10-07	2024.766	2024	29628	57	M	43.382775	12.183629
IGS-10285-CVDP-50310183-D6DB-4141-89D2-B721DAD51EE8	2024.947	Europe	Germany	NA	24F (XEC)	XEC.8	XEC.8	24A	NA	?	NA	S:D614G,S:S371F,S:S373P,S:S375F,S:K417N,S:N440K,S:S477N,S:T478K,S:Q498R,S:H655Y,S:N679K,S:N764K,S:D796Y,S:N969K,S:P26-,S:D405N,S:R408S,S:T19I,S:L24-,S:P25-,S:A27S,S:G142D,S:T376A,S:G339H,S:G446S,S:N460K,S:Y144-,S:V21T,S:N50L,S:H69-,S:V70-,S:F157S,S:R158G,S:N211-,S:L212I,S:L216F,S:H245N,S:A264D,S:I332V,S:K356T,S:V445H,S:N450D,S:L452W,S:L455S,S:N481K,S:V483-,S:E484K,S:F486P,S:E554K,S:A570V,S:P621S,S:P681R,S:S939F,S:P1143L,S:V127F,S:R403K,S:F456L,S:V1104L,S:T22N,S:Q493E,S:F59S	2024-12-12	2024.947	2024	29748	47	NA	51.1657	10.4515
USA/NJ-CDC-LC1126030/2024	2024.922	North America	USA	New Jersey	24F (XEC)	XEC	XEC	24A	Homo sapiens	Howard et al	PQ787041	S:D614G,S:S371F,S:S373P,S:S375F,S:K417N,S:N440K,S:S477N,S:T478K,S:Q498R,S:H655Y,S:N679K,S:N764K,S:D796Y,S:N969K,S:P26-,S:D405N,S:R408S,S:T19I,S:L24-,S:P25-,S:A27S,S:G142D,S:T376A,S:G339H,S:G446S,S:N460K,S:Y144-,S:V21T,S:N50L,S:H69-,S:V70-,S:F157S,S:R158G,S:N211-,S:L212I,S:L216F,S:H245N,S:A264D,S:I332V,S:K356T,S:V445H,S:N450D,S:L452W,S:L455S,S:N481K,S:V483-,S:E484K,S:F486P,S:E554K,S:A570V,S:P621S,S:P681R,S:S939F,S:P1143L,S:V127F,S:R403K,S:F456L,S:V1104L,S:T22N,S:Q493E,S:F59S	2024-12-03	2024.922	2024	29687	54	NA	38.916963	-98.891372
IGS-10285-CVDP-2B935DC9-C18A-4B74-898B-31FE39BD78B2	2024.9	Europe	Germany	NA	24F (XEC)	XEC	XEC	24A	NA	?	NA	S:D614G,S:S371F,S:S373P,S:S375F,S:K417N,S:N440K,S:S477N,S:T478K,S:Q498R,S:H655Y,S:N679K,S:N764K,S:D796Y,S:N969K,S:P26-,S:D405N,S:R408S,S:T19I,S:L24-,S:P25-,S:A27S,S:G142D,S:T376A,S:G339H,S:G446S,S:N460K,S:Y144-,S:V21T,S:N50L,S:H69-,S:V70-,S:F157S,S:R158G,S:N211-,S:L212I,S:L216F,S:H245N,S:A264D,S:I332V,S:K356T,S:V445H,S:N450D,S:L452W,S:L455S,S:N481K,S:V483-,S:E484K,S:F486P,S:E554K,S:A570V,S:P621S,S:P681R,S:S939F,S:P1143L,S:V127F,S:R403K,S:F456L,S:V1104L,S:T22N,S:Q493E,S:F59S	2024-11-25	2024.9	2024	29822	40	NA	51.1657	10.4515
IGS-10285-CVDP-B5226372-4D4A-4F02-A683-2510BF61382A	2025.958	Europe	Germany	NA	24F (XEC)	XEC.18.2	XEC.18.2	24A	NA	?	NA	S:D614G,S:S371F,S:S373P,S:S375F,S:K417N,S:N440K,S:S477N,S:T478K,S:Q498R,S:H655Y,S:N679K,S:N764K,S:D796Y,S:N969K,S:P26-,S:D405N,S:R408S,S:T19I,S:L24-,S:P25-,S:A27S,S:G142D,S:T376A,S:G339H,S:G446S,S:N460K,S:Y144-,S:V21T,S:N50L,S:H69-,S:V70-,S:F157S,S:R158G,S:N211-,S:L212I,S:L216F,S:H245N,S:A264D,S:I332V,S:K356T,S:V445H,S:N450D,S:L452W,S:L455S,S:V483-,S:E484K,S:F486P,S:E554K,S:A570V,S:P621S,S:P681R,S:S939F,S:P1143L,S:V127F,S:R403K,S:F456L,S:V1104L,S:T22N,S:Q493E,S:F59S,S:A435S,S:N481R,S:A575S	2025-12-16	2025.958	2025	29861	35	M	51.1657	10.4515
USA/MN-MDH-46438/2025	2025.155	North America	USA	Minnesota	24F (XEC)	XEC	XEC	24A	Homo sapiens	Garfin et al	PV253883	S:D614G,S:S371F,S:S373P,S:S375F,S:K417N,S:N440K,S:S477N,S:T478K,S:Q498R,S:H655Y,S:N679K,S:N764K,S:D796Y,S:N969K,S:P26-,S:D405N,S:R408S,S:T19I,S:L24-,S:P25-,S:A27S,S:G142D,S:T376A,S:G339H,S:G446S,S:N460K,S:Y144-,S:V21T,S:N50L,S:H69-,S:V70-,S:F157S,S:R158G,S:N211-,S:L212I,S:L216F,S:H245N,S:A264D,S:I332V,S:K356T,S:V445H,S:N450D,S:L452W,S:L455S,S:N481K,S:V483-,S:E484K,S:F486P,S:E554K,S:A570V,S:P621S,S:P681R,S:S939F,S:P1143L,S:V127F,S:R403K,S:F456L,S:V1104L,S:T22N,S:Q493E,S:F59S	2025-02-26	2025.155	2025	29872	NA	M	38.916963	-98.891372
OZ404761	2025.96	Europe	United Kingdom	Northern Ireland	24A (JN.1)	XFW.1.1.1	SR.1	24A	Homo sapiens	?	OZ404761	S:D614G,S:S371F,S:S373P,S:S375F,S:K417N,S:N440K,S:S477N,S:Q498R,S:H655Y,S:N679K,S:N764K,S:D796Y,S:N969K,S:P26-,S:D405N,S:R408S,S:T19I,S:L24-,S:P25-,S:A27S,S:G142D,S:T376A,S:G339H,S:G446S,S:N460K,S:Y144-,S:V21T,S:N50L,S:H69-,S:V70-,S:F157S,S:R158G,S:N211-,S:L212I,S:L216F,S:H245N,S:A264D,S:I332V,S:K356T,S:V445H,S:N450D,S:L452W,S:L455S,S:N481K,S:V483-,S:E484K,S:F486P,S:E554K,S:A570V,S:P621S,S:S939F,S:P1143L,S:V127F,S:R403K,S:F456L,S:R346T,S:V1104L,S:T22N,S:Q493E,S:S31P,S:K182R,S:R190S,S:A435S,S:K150N,S:P681H,S:T676P,S:P174S,S:Q677R	2025-12-17	2025.96	2025	29673	NA	NA	54.242833	-2.088739
USA/2026CV0117/2026	2026.188	North America	USA	Arizona	24A (JN.1)	XFN	XFN	24A	Homo sapiens	Price et al	PZ212445	S:D614G,S:S371F,S:S373P,S:S375F,S:K417N,S:N440K,S:S477N,S:T478K,S:Q498R,S:H655Y,S:N679K,S:N764K,S:D796Y,S:N969K,S:P26-,S:D405N,S:R408S,S:T19I,S:L24-,S:P25-,S:A27S,S:G142D,S:T376A,S:G339H,S:G446S,S:N460K,S:Y144-,S:V21T,S:N50L,S:H69-,S:V70-,S:F157S,S:R158G,S:N211-,S:L212I,S:L216F,S:H245N,S:A264D,S:I332V,S:K356T,S:N450D,S:L452W,S:L455S,S:N481K,S:V483-,S:E484K,S:F486P,S:E554K,S:A570V,S:P681R,S:S939F,S:P1143L,S:V127F,S:R403K,S:F456L,S:R346T,S:V1104L,S:T22N,S:Q493E,S:S31P,S:K182R,S:R190S,S:A435S,S:V445P,S:P621F	2026-03-10	2026.188	2026	29785	42	F	38.916963	-98.891372
USA/MO-USAFSAM-S24537/2026	2026.092	North America	USA	Missouri	24A (JN.1)	XFN	XFN	24A	Homo sapiens	Fries et al	PZ253808	S:D614G,S:S371F,S:S373P,S:S375F,S:K417N,S:N440K,S:S477N,S:T478K,S:Q498R,S:H655Y,S:N679K,S:N764K,S:D796Y,S:N969K,S:P26-,S:D405N,S:R408S,S:T19I,S:L24-,S:P25-,S:A27S,S:G142D,S:T376A,S:G339H,S:G446S,S:N460K,S:Y144-,S:V21T,S:N50L,S:H69-,S:V70-,S:F157S,S:R158G,S:N211-,S:L212I,S:L216F,S:H245N,S:A264D,S:I332V,S:K356T,S:V445H,S:N450D,S:L452W,S:L455S,S:N481K,S:V483-,S:E484K,S:F486P,S:E554K,S:A570V,S:P621S,S:P681R,S:S939F,S:P1143L,S:V127F,S:R403K,S:F456L,S:R346T,S:V1104L,S:T22N,S:Q493E,S:S31P,S:K182R,S:R190S,S:A435S	2026-02-03	2026.092	2026	29739	81	NA	38.916963	-98.891372
OZ373647	2025.875	Europe	United Kingdom	Wales	24A (JN.1)	XFN.2.1	XFN.2.1	24A	Homo sapiens	?	OZ373647	S:D614G,S:S371F,S:S373P,S:S375F,S:K417N,S:N440K,S:S477N,S:T478K,S:Q498R,S:H655Y,S:N679K,S:N764K,S:D796Y,S:N969K,S:P26-,S:D405N,S:R408S,S:T19I,S:L24-,S:P25-,S:A27S,S:G142D,S:T376A,S:G339H,S:G446S,S:N460K,S:Y144-,S:V21T,S:N50L,S:H69-,S:V70-,S:F157S,S:R158G,S:N211-,S:L212I,S:L216F,S:H245N,S:A264D,S:I332V,S:K356T,S:V445H,S:N450D,S:L452W,S:L455S,S:N481K,S:V483-,S:F486P,S:E554K,S:A570V,S:P621S,S:P681R,S:S939F,S:P1143L,S:V127F,S:R403K,S:F456L,S:R346T,S:V1104L,S:T22N,S:Q493E,S:S31P,S:K182R,S:R190S,S:A435S,S:E484R	2025-11-16	2025.875	2025	29628	41	F	54.242833	-2.088739
BRA/AL-LACENAL-270291209/2025	2025.015	South America	Brazil	Alagoas	25A (LP.8.1)	LP.8.1.4	LP.8.1.4	24C	Homo sapiens	Nascimento et al	PV255680	S:D614G,S:S371F,S:S373P,S:S375F,S:K417N,S:N440K,S:S477N,S:T478K,S:Q498R,S:H655Y,S:N679K,S:N764K,S:D796Y,S:N969K,S:P26-,S:D405N,S:R408S,S:T19I,S:L24-,S:P25-,S:A27S,S:G142D,S:T376A,S:G339H,S:G446S,S:N460K,S:Y144-,S:V21T,S:N50L,S:H69-,S:V70-,S:F157S,S:R158G,S:N211-,S:L212I,S:L216F,S:H245N,S:A264D,S:I332V,S:K356T,S:N450D,S:L452W,S:L455S,S:N481K,S:V483-,S:E484K,S:F486P,S:E554K,S:A570V,S:P621S,S:P681R,S:S939F,S:P1143L,S:V127F,S:R403K,S:F456L,S:R346T,S:V1104L,S:Q493E,S:R190S,S:V445R,S:S31-,S:F186L,S:K1086R	2025-01-06	2025.015	2025	29869	65	M	-10.3333332	-53.1999999
USA/NY-PRL-250422_83A10/2025	2025.284	North America	USA	New York	25A (LP.8.1)	LP.8.1	LP.8.1	24C	Homo sapiens	Thornton et al	PV569372	S:D614G,S:S371F,S:S373P,S:S375F,S:K417N,S:N440K,S:S477N,S:T478K,S:Q498R,S:H655Y,S:N679K,S:N764K,S:D796Y,S:N969K,S:P26-,S:D405N,S:R408S,S:T19I,S:L24-,S:P25-,S:A27S,S:G142D,S:T376A,S:G339H,S:G446S,S:N460K,S:Y144-,S:V21T,S:N50L,S:H69-,S:V70-,S:F157S,S:R158G,S:N211-,S:L212I,S:L216F,S:H245N,S:A264D,S:I332V,S:K356T,S:N450D,S:L452W,S:L455S,S:N481K,S:V483-,S:E484K,S:F486P,S:E554K,S:A570V,S:P621S,S:P681R,S:S939F,S:P1143L,S:V127F,S:R403K,S:F456L,S:R346T,S:V1104L,S:Q493E,S:R190S,S:V445R,S:S31-,S:F186L,S:K1086R	2025-04-14	2025.284	2025	29816	52	NA	38.916963	-98.891372
IGS-10285-CVDP-77974444-9F40-4CB5-8DCB-3F9397BE6F8A	2025.936	Europe	Germany	NA	25A (LP.8.1)	NY.3.7.1	NY.3.7.1	24C	NA	?	NA	S:D614G,S:S371F,S:S373P,S:S375F,S:K417N,S:N440K,S:S477N,S:T478K,S:Q498R,S:H655Y,S:N764K,S:D796Y,S:N969K,S:P26-,S:D405N,S:R408S,S:T19I,S:L24-,S:P25-,S:A27S,S:G142D,S:T376A,S:G339H,S:G446S,S:N460K,S:Y144-,S:V21T,S:N50L,S:H69-,S:V70-,S:F157S,S:R158G,S:N211-,S:L212I,S:L216F,S:H245N,S:A264D,S:I332V,S:K356T,S:N450D,S:L452W,S:L455S,S:N481K,S:V483-,S:E484K,S:F486P,S:E554K,S:A570V,S:P621S,S:P681R,S:S939F,S:P1143L,S:V127F,S:R403K,S:F456L,S:R346T,S:V1104L,S:Q493E,S:R190S,S:V445R,S:S31-,S:F186L,S:K1086R,S:N679R,S:N137K,S:D138H,S:K150E,S:A475V,S:R765L	2025-12-08	2025.936	2025	29743	NA	NA	51.1657	10.4515
ITA/VEN-USAFSAM-S23747/2025	2025.19	Europe	Italy	Veneto	25A (LP.8.1)	LP.8.1.1	LP.8.1.1	24C	Homo sapiens	Fries et al	PX116337	S:D614G,S:S371F,S:S373P,S:S375F,S:K417N,S:N440K,S:S477N,S:T478K,S:Q498R,S:H655Y,S:N764K,S:D796Y,S:N969K,S:P26-,S:D405N,S:R408S,S:T19I,S:L24-,S:P25-,S:A27S,S:G142D,S:T376A,S:G339H,S:G446S,S:N460K,S:Y144-,S:V21T,S:N50L,S:H69-,S:V70-,S:F157S,S:R158G,S:N211-,S:L212I,S:L216F,S:H245N,S:A264D,S:I332V,S:K356T,S:N450D,S:L452W,S:L455S,S:N481K,S:V483-,S:E484K,S:F486P,S:E554K,S:A570V,S:P621S,S:P681R,S:S939F,S:P1143L,S:V127F,S:R403K,S:F456L,S:R346T,S:V1104L,S:Q493E,S:R190S,S:V445R,S:S31-,S:F186L,S:K1086R,S:N679R,S:T739A	2025-03-11	2025.19	2025	29836	89	F	43.382775	12.183629
ITA/VEN-USAFSAM-S23715/2025	2025.149	Europe	Italy	Veneto	25A (LP.8.1)	NY.15	NY.15	24C	Homo sapiens	Fries et al	PV910446	S:D614G,S:S371F,S:S373P,S:S375F,S:K417N,S:N440K,S:S477N,S:T478K,S:Q498R,S:H655Y,S:N764K,S:D796Y,S:N969K,S:P26-,S:D405N,S:R408S,S:T19I,S:L24-,S:P25-,S:A27S,S:G142D,S:T376A,S:G339H,S:G446S,S:N460K,S:Y144-,S:V21T,S:N50L,S:H69-,S:V70-,S:F157S,S:R158G,S:N211-,S:L212I,S:L216F,S:H245N,S:A264D,S:I332V,S:K356T,S:N450D,S:L452W,S:L455S,S:N481K,S:V483-,S:E484K,S:F486P,S:E554K,S:A570V,S:P621S,S:P681R,S:S939F,S:P1143L,S:V127F,S:R403K,S:F456L,S:R346T,S:V1104L,S:Q493E,S:R190S,S:V445R,S:S31-,S:F186L,S:K1086R,S:N679R	2025-02-24	2025.149	2025	29853	30	NA	43.382775	12.183629
OZ373894	2025.851	Europe	United Kingdom	Northern Ireland	25A (LP.8.1)	PF.2.4	PF.2.4	24C	Homo sapiens	?	OZ373894	S:D614G,S:S371F,S:S373P,S:S375F,S:K417N,S:N440K,S:S477N,S:T478K,S:Q498R,S:H655Y,S:N764K,S:D796Y,S:N969K,S:P26-,S:D405N,S:R408S,S:T19I,S:L24-,S:P25-,S:A27S,S:G142D,S:T376A,S:G339H,S:G446S,S:N460K,S:Y144-,S:V21T,S:N50L,S:H69-,S:V70-,S:F157S,S:R158G,S:N211-,S:L212I,S:L216F,S:H245N,S:A264D,S:I332V,S:K356T,S:N450D,S:L452W,S:L455S,S:N481K,S:V483-,S:E484K,S:F486P,S:E554K,S:A570V,S:P621S,S:P681R,S:S939F,S:P1143L,S:V127F,S:R403K,S:F456L,S:R346T,S:V1104L,S:T22N,S:Q493E,S:R190S,S:V445R,S:S31-,S:F186L,S:K1086R,S:N679R	2025-11-07	2025.851	2025	29740	75	F	54.242833	-2.088739
USA/AK-CDC-9641945-001/2025	2025.873	North America	USA	Alaska	25A (LP.8.1)	PF.2.3	PF.2.3	24C	Homo sapiens	Kelleher et al	PX987530	S:D614G,S:S371F,S:S373P,S:S375F,S:K417N,S:N440K,S:S477N,S:T478K,S:Q498R,S:H655Y,S:N679K,S:N764K,S:D796Y,S:N969K,S:P26-,S:D405N,S:R408S,S:T19I,S:L24-,S:P25-,S:A27S,S:G142D,S:T376A,S:G339H,S:G446S,S:N460K,S:Y144-,S:V21T,S:N50L,S:H69-,S:V70-,S:F157S,S:R158G,S:N211-,S:L212I,S:L216F,S:H245N,S:A264D,S:I332V,S:K356T,S:N450D,S:L452W,S:L455S,S:N481K,S:V483-,S:E484K,S:F486P,S:E554K,S:A570V,S:P621S,S:P681R,S:S939F,S:P1143L,S:V127F,S:R403K,S:F456L,S:R346T,S:V1104L,S:T22N,S:Q493E,S:R190S,S:V445R,S:S31-,S:F186L,S:K1086R,S:A262V,S:T572I	2025-11-15	2025.873	2025	29886	35	NA	38.916963	-98.891372
IGS-10285-CVDP-D1D94C78-D067-4DF8-8711-9A22F71CD17E	2025.856	Europe	Germany	NA	25A (LP.8.1)	PF.2.2	PF.2.2	24C	NA	?	NA	S:D614G,S:S371F,S:S373P,S:S375F,S:K417N,S:N440K,S:S477N,S:T478K,S:Q498R,S:H655Y,S:N679K,S:N764K,S:D796Y,S:N969K,S:P26-,S:D405N,S:R408S,S:T19I,S:L24-,S:P25-,S:A27S,S:G142D,S:T376A,S:G339H,S:G446S,S:N460K,S:Y144-,S:V21T,S:N50L,S:H69-,S:V70-,S:F157S,S:R158G,S:N211-,S:L212I,S:L216F,S:H245N,S:A264D,S:I332V,S:K356T,S:N450D,S:L452W,S:L455S,S:N481K,S:V483-,S:E484K,S:F486P,S:E554K,S:A570V,S:P621S,S:P681R,S:S939F,S:P1143L,S:V127F,S:R403K,S:F456L,S:R346T,S:V1104L,S:T22N,S:Q493E,S:R190S,S:V445R,S:S31-,S:F186L,S:K1086R,S:A243-,S:L244-	2025-11-09	2025.856	2025	29731	60	NA	51.1657	10.4515
BRA/ITpS_sTV_001Ft_001/2025	2025.905	South America	Brazil	São Paulo	25F (NW.1.2)	RG.1.2	RG.1.2	24C	Homo sapiens	Silva et al	PX929652	S:D614G,S:S371F,S:S373P,S:S375F,S:K417N,S:N440K,S:S477N,S:T478K,S:Q498R,S:H655Y,S:N764K,S:D796Y,S:N969K,S:P26-,S:D405N,S:R408S,S:T19I,S:L24-,S:P25-,S:A27S,S:G142D,S:T376A,S:G339H,S:G446S,S:N460K,S:Y144-,S:V21T,S:N50L,S:H69-,S:V70-,S:N211-,S:L212I,S:L216F,S:H245N,S:A264D,S:I332V,S:K356T,S:N450D,S:L452W,S:L455S,S:N481K,S:V483-,S:E484K,S:F486P,S:E554K,S:A570V,S:P621S,S:P681R,S:S939F,S:P1143L,S:V127F,S:R403K,S:F456L,S:R346T,S:V1104L,S:T22N,S:Q493E,S:R190S,S:V445R,S:S31-,S:F186L,S:K1086R,S:N487D,S:A1174V,S:N679R,S:S680A,S:K986R	2025-11-27	2025.905	2025	29778	NA	NA	-10.3333332	-53.1999999
OZ405975	2026.018	Europe	United Kingdom	Scotland	25F (NW.1.2)	QM.3	QM.3	24C	Homo sapiens	?	OZ405975	S:D614G,S:S371F,S:S373P,S:S375F,S:K417N,S:N440K,S:S477N,S:T478K,S:Q498R,S:H655Y,S:N679K,S:N764K,S:D796Y,S:N969K,S:P26-,S:D405N,S:R408S,S:T19I,S:L24-,S:P25-,S:A27S,S:G142D,S:T376A,S:G339H,S:G446S,S:N460K,S:Y144-,S:V21T,S:N50L,S:H69-,S:V70-,S:F157S,S:R158G,S:N211-,S:L212I,S:L216F,S:H245N,S:A264D,S:I332V,S:K356T,S:N450D,S:L452W,S:L455S,S:N481K,S:V483-,S:E484K,S:F486P,S:E554K,S:A570V,S:P621S,S:P681R,S:S939F,S:P1143L,S:V127F,S:R403K,S:F456L,S:R346T,S:V1104L,S:T22N,S:Q493E,S:R190S,S:V445R,S:S31-,S:F186L,S:K1086R,S:N487D,S:A1174V,S:R273K	2026-01-07	2026.018	2026	29868	14	NA	54.242833	-2.088739
OZ405996	2026.018	Europe	United Kingdom	Scotland	25F (NW.1.2)	QM.3	QM.3	24C	Homo sapiens	?	OZ405996	S:D614G,S:S371F,S:S373P,S:S375F,S:K417N,S:N440K,S:S477N,S:T478K,S:Q498R,S:H655Y,S:N679K,S:N764K,S:D796Y,S:N969K,S:P26-,S:D405N,S:R408S,S:T19I,S:L24-,S:P25-,S:A27S,S:G142D,S:T376A,S:G339H,S:G446S,S:N460K,S:Y144-,S:V21T,S:N50L,S:H69-,S:V70-,S:F157S,S:R158G,S:N211-,S:L212I,S:L216F,S:H245N,S:A264D,S:I332V,S:K356T,S:N450D,S:L452W,S:L455S,S:N481K,S:V483-,S:E484K,S:F486P,S:E554K,S:A570V,S:P621S,S:P681R,S:S939F,S:P1143L,S:V127F,S:R403K,S:F456L,S:R346T,S:V1104L,S:T22N,S:Q493E,S:R190S,S:V445R,S:S31-,S:F186L,S:K1086R,S:N487D,S:A1174V,S:R273K	2026-01-07	2026.018	2026	29682	35	M	54.242833	-2.088739
USA/CA-CDPH-6000023667/2025	2025.911	North America	USA	California	25F (NW.1.2)	QM.1	QM.1	24C	Homo sapiens	Diaz-Cuevas et al	PX886086	S:D614G,S:S371F,S:S373P,S:S375F,S:K417N,S:N440K,S:S477N,S:T478K,S:Q498R,S:H655Y,S:N679K,S:N764K,S:D796Y,S:N969K,S:P26-,S:D405N,S:R408S,S:T19I,S:L24-,S:P25-,S:A27S,S:G142D,S:T376A,S:G339H,S:G446S,S:N460K,S:Y144-,S:V21T,S:N50L,S:H69-,S:V70-,S:F157S,S:R158G,S:N211-,S:L212I,S:L216F,S:H245N,S:A264D,S:I332V,S:K356T,S:N450D,S:L452W,S:L455S,S:N481K,S:V483-,S:E484K,S:F486P,S:E554K,S:A570V,S:P621S,S:P681R,S:S939F,S:P1143L,S:V127F,S:R403K,S:F456L,S:R346T,S:V1104L,S:T22N,S:Q493E,S:R190S,S:V445R,S:S31-,S:F186L,S:K1086R,S:N487D,S:A1174V,S:T572I	2025-11-29	2025.911	2025	29822	NA	F	38.916963	-98.891372
USA/2025CV0896/2025	2025.851	North America	USA	Arizona	25F (NW.1.2)	QM.1	QM.1	24C	Homo sapiens	Emerson et al	PX740446	S:D614G,S:S371F,S:S373P,S:S375F,S:K417N,S:N440K,S:S477N,S:T478K,S:Q498R,S:H655Y,S:N679K,S:N764K,S:D796Y,S:N969K,S:P26-,S:D405N,S:R408S,S:T19I,S:L24-,S:P25-,S:A27S,S:G142D,S:T376A,S:G339H,S:G446S,S:N460K,S:Y144-,S:V21T,S:N50L,S:H69-,S:V70-,S:F157S,S:R158G,S:N211-,S:L212I,S:L216F,S:H245N,S:A264D,S:I332V,S:K356T,S:N450D,S:L452W,S:L455S,S:N481K,S:V483-,S:E484K,S:F486P,S:E554K,S:A570V,S:P621S,S:P681R,S:S939F,S:P1143L,S:V127F,S:R403K,S:F456L,S:R346T,S:V1104L,S:T22N,S:Q493E,S:R190S,S:V445R,S:S31-,S:F186L,S:K1086R,S:N487D,S:A1174V,S:T572I	2025-11-07	2025.851	2025	29823	70	NA	38.916963	-98.891372
USA/2025CV0936/2025	2025.889	North America	USA	Arizona	25F (NW.1.2)	QM.1	QM.1	24C	Homo sapiens	Emerson et al	PX787832	S:D614G,S:S371F,S:S373P,S:S375F,S:K417N,S:N440K,S:S477N,S:T478K,S:Q498R,S:H655Y,S:N679K,S:N764K,S:D796Y,S:N969K,S:P26-,S:D405N,S:R408S,S:T19I,S:L24-,S:P25-,S:A27S,S:G142D,S:T376A,S:G339H,S:G446S,S:N460K,S:Y144-,S:V21T,S:N50L,S:H69-,S:V70-,S:F157S,S:R158G,S:N211-,S:L212I,S:L216F,S:H245N,S:A264D,S:I332V,S:K356T,S:N450D,S:L452W,S:L455S,S:N481K,S:V483-,S:E484K,S:F486P,S:E554K,S:A570V,S:P621S,S:P681R,S:S939F,S:P1143L,S:V127F,S:R403K,S:F456L,S:R346T,S:V1104L,S:T22N,S:Q493E,S:R190S,S:V445R,S:S31-,S:F186L,S:K1086R,S:N487D,S:A1174V,S:T572I,S:G639S	2025-11-21	2025.889	2025	29817	NA	M	38.916963	-98.891372
Turkey/TR-01-USAFSAM-S24155/2025	2025.445	Europe	Turkey	Adana	25G (XFC)	XFC.1.10	XFC.1.10	24A	Homo sapiens	Fries et al	PX703510	S:D614G,S:S371F,S:S373P,S:S375F,S:K417N,S:N440K,S:S477N,S:T478K,S:Q498R,S:H655Y,S:N764K,S:D796Y,S:N969K,S:P26-,S:D405N,S:R408S,S:T19I,S:L24-,S:P25-,S:A27S,S:G142D,S:T376A,S:G339H,S:G446S,S:N460K,S:Y144-,S:V21T,S:N50L,S:H69-,S:V70-,S:F157S,S:R158G,S:N211-,S:L212I,S:L216F,S:H245N,S:A264D,S:I332V,S:K356T,S:N450D,S:L452W,S:L455S,S:N481K,S:V483-,S:E484K,S:F486P,S:E554K,S:A570V,S:P621S,S:P681R,S:S939F,S:P1143L,S:V127F,S:R403K,S:F456L,S:R346T,S:V1104L,S:T22N,S:Q493E,S:S31P,S:K182R,S:R190S,S:V445R,S:N679R,S:K1086R	2025-06-12	2025.445	2025	29851	54	M	39.046746	36.767068
OZ390206	2025.974	Europe	United Kingdom	Wales	25G (XFC)	XFC.1.2	XFC.1.2	24A	Homo sapiens	?	OZ390206	S:D614G,S:S371F,S:S373P,S:S375F,S:K417N,S:N440K,S:S477N,S:T478K,S:Q498R,S:H655Y,S:N764K,S:D796Y,S:N969K,S:P26-,S:D405N,S:R408S,S:T19I,S:L24-,S:P25-,S:A27S,S:G142D,S:T376A,S:G339H,S:G446S,S:N460K,S:Y144-,S:V21T,S:N50L,S:H69-,S:V70-,S:F157S,S:R158G,S:N211-,S:L216F,S:H245N,S:A264D,S:I332V,S:K356T,S:N450D,S:L452W,S:L455S,S:N481K,S:V483-,S:E484K,S:F486P,S:E554K,S:A570V,S:P621S,S:P681R,S:S939F,S:P1143L,S:V127F,S:R403K,S:F456L,S:R346T,S:V1104L,S:T22N,S:Q493E,S:S31P,S:K182R,S:R190S,S:V445R,S:N679R,S:K1086R,S:H207Y,S:L212-	2025-12-22	2025.974	2025	29604	68	NA	54.242833	-2.088739
OZ375560	2025.878	Europe	United Kingdom	Scotland	25G (XFC)	XFC.1.3.1	XFC.1.3.1	24A	Homo sapiens	?	OZ375560	S:D614G,S:S371F,S:S373P,S:S375F,S:K417N,S:N440K,S:S477N,S:T478K,S:Q498R,S:H655Y,S:N764K,S:D796Y,S:N969K,S:P26-,S:D405N,S:R408S,S:T19I,S:L24-,S:P25-,S:A27S,S:G142D,S:T376A,S:G339H,S:G446S,S:N460K,S:Y144-,S:V21T,S:N50L,S:H69-,S:V70-,S:F157S,S:R158G,S:N211-,S:L212I,S:L216F,S:H245N,S:A264D,S:I332V,S:K356T,S:N450D,S:L452W,S:L455S,S:N481K,S:V483-,S:E484K,S:F486P,S:E554K,S:A570V,S:P621S,S:P681R,S:S939F,S:P1143L,S:V127F,S:R403K,S:F456L,S:R346T,S:V1104L,S:T22N,S:Q493E,S:S31P,S:K182R,S:R190S,S:V445R,S:N679R,S:K1086R,S:A435S,S:A475V	2025-11-17	2025.878	2025	29693	42	NA	54.242833	-2.088739
IGS-10285-CVDP-E4FC8ED8-345E-4E58-8C9D-E1F88BEBD9CA	2026.029	Europe	Germany	NA	24A (JN.1)	XFZ	XFZ	24A	NA	?	NA	S:D614G,S:S371F,S:S373P,S:S375F,S:K417N,S:N440K,S:S477N,S:Q498R,S:H655Y,S:N764K,S:D796Y,S:N969K,S:P26-,S:D405N,S:R408S,S:T19I,S:L24-,S:P25-,S:A27S,S:G142D,S:T376A,S:G339H,S:G446S,S:N460K,S:Y144-,S:V21T,S:N50L,S:H69-,S:V70-,S:F157S,S:R158G,S:N211-,S:L212I,S:L216F,S:H245N,S:A264D,S:I332V,S:K356T,S:N450D,S:L452W,S:L455S,S:N481K,S:V483-,S:E484K,S:F486P,S:E554K,S:A570V,S:P621S,S:P681R,S:S939F,S:P1143L,S:V127F,S:R403K,S:F456L,S:R346T,S:V1104L,S:T22N,S:Q493E,S:S31P,S:K182R,S:R190S,S:V445R,S:N679R,S:T478E,S:V1264L	2026-01-11	2026.029	2026	29838	32	M	51.1657	10.4515
USA/MN-MDH-50336/2026	2026.218	North America	USA	Minnesota	24A (JN.1)	XFZ	XFZ.3	24A	Homo sapiens	Garfin et al	PZ286284	S:D614G,S:S371F,S:S373P,S:S375F,S:K417N,S:N440K,S:S477N,S:Q498R,S:H655Y,S:N764K,S:D796Y,S:N969K,S:P26-,S:D405N,S:R408S,S:T19I,S:L24-,S:P25-,S:A27S,S:G142D,S:T376A,S:G339H,S:G446S,S:N460K,S:Y144-,S:V21T,S:N50L,S:H69-,S:V70-,S:F157S,S:R158G,S:N211-,S:L212I,S:L216F,S:H245N,S:A264D,S:I332V,S:K356T,S:N450D,S:L452W,S:L455S,S:N481K,S:V483-,S:E484K,S:F486P,S:E554K,S:A570V,S:P621S,S:P681R,S:S939F,S:P1143L,S:V127F,S:R403K,S:F456L,S:R346T,S:V1104L,S:T22N,S:Q493E,S:S31P,S:K182R,S:R190S,S:V445R,S:N679R,S:T478E,S:V1264L,S:L441F,S:Q1180R	2026-03-21	2026.218	2026	29807	38	NA	38.916963	-98.891372
USA/MN-MDH-48931/2025	2025.996	North America	USA	Minnesota	24A (JN.1)	XFZ	XFZ	24A	Homo sapiens	Garfin et al	PX880393	S:D614G,S:S371F,S:S373P,S:S375F,S:K417N,S:N440K,S:S477N,S:Q498R,S:H655Y,S:N764K,S:D796Y,S:N969K,S:P26-,S:D405N,S:R408S,S:T19I,S:L24-,S:P25-,S:A27S,S:G142D,S:T376A,S:G339H,S:G446S,S:N460K,S:Y144-,S:V21T,S:N50L,S:H69-,S:V70-,S:F157S,S:R158G,S:N211-,S:L212I,S:L216F,S:H245N,S:A264D,S:I332V,S:K356T,S:N450D,S:L452W,S:L455S,S:N481K,S:V483-,S:E484K,S:F486P,S:E554K,S:A570V,S:P621S,S:P681R,S:S939F,S:P1143L,S:V127F,S:R403K,S:F456L,S:R346T,S:V1104L,S:T22N,S:Q493E,S:S31P,S:K182R,S:R190S,S:V445R,S:N679R,S:T478E,S:V1264L,S:L1063F	2025-12-30	2025.996	2025	29762	8	F	38.916963	-98.891372
USA/CA-LACPHL-AY16323/2026	2026.273	North America	USA	California	24A (JN.1)	XFZ	XFZ	24A	Homo sapiens	Fox et al	PZ357337	S:D614G,S:S371F,S:S373P,S:S375F,S:K417N,S:N440K,S:S477N,S:Q498R,S:H655Y,S:N764K,S:D796Y,S:N969K,S:P26-,S:D405N,S:R408S,S:T19I,S:L24-,S:P25-,S:A27S,S:G142D,S:T376A,S:G339H,S:G446S,S:N460K,S:Y144-,S:V21T,S:H69-,S:V70-,S:F157S,S:R158G,S:N211-,S:L212I,S:L216F,S:H245N,S:A264D,S:I332V,S:K356T,S:N450D,S:L452W,S:L455S,S:N481K,S:V483-,S:E484K,S:F486P,S:P621S,S:P681R,S:S939F,S:P1143L,S:V127F,S:R403K,S:F456L,S:R346T,S:V1104L,S:T22N,S:Q493E,S:S31P,S:K182R,S:R190S,S:V445R,S:N679R,S:T478E,S:V1264L,S:N5F,S:T547I	2026-04-10	2026.273	2026	29870	NA	NA	38.916963	-98.891372
IGS-10285-CVDP-F6849E29-7A4D-4E6B-912B-481C5A9059B0	2026.127	Europe	Germany	NA	24A (JN.1)	XFZ	XFZ	24A	NA	?	NA	S:D614G,S:S371F,S:S373P,S:S375F,S:K417N,S:N440K,S:S477N,S:Q498R,S:H655Y,S:N764K,S:D796Y,S:N969K,S:P26-,S:D405N,S:R408S,S:T19I,S:L24-,S:P25-,S:A27S,S:G142D,S:T376A,S:G339H,S:G446S,S:N460K,S:Y144-,S:V21T,S:N50L,S:H69-,S:V70-,S:F157S,S:R158G,S:N211-,S:L212I,S:L216F,S:H245N,S:A264D,S:I332V,S:K356T,S:N450D,S:L452W,S:L455S,S:N481K,S:V483-,S:E484K,S:F486P,S:E554K,S:A570V,S:P621S,S:P681R,S:S939F,S:P1143L,S:V127F,S:R403K,S:F456L,S:R346T,S:V1104L,S:T22N,S:Q493E,S:S31P,S:K182R,S:R190S,S:V445R,S:N679R,S:T478E,S:V1264L	2026-02-16	2026.127	2026	29637	17	NA	51.1657	10.4515
IGS-10285-CVDP-690B0FBA-DBE8-467E-84ED-16D9AB23CC3C	2025.9	Europe	Germany	NA	24H (LF.7)	LF.7.11	LF.7.11	24A	NA	?	NA	S:D614G,S:S371F,S:S373P,S:S375F,S:K417N,S:N440K,S:S477N,S:Q498R,S:H655Y,S:N679K,S:N764K,S:D796Y,S:N969K,S:P26-,S:D405N,S:R408S,S:T19I,S:L24-,S:P25-,S:A27S,S:G142D,S:T376A,S:G339H,S:G446S,S:N460K,S:Y144-,S:V21T,S:N50L,S:H69-,S:V70-,S:F157S,S:R158G,S:N211-,S:L212I,S:L216F,S:H245N,S:A264D,S:I332V,S:K356T,S:N450D,S:L452W,S:L455S,S:N481K,S:V483-,S:E484K,S:F486P,S:E554K,S:A570V,S:P621S,S:P681R,S:S939F,S:P1143L,S:V127F,S:R403K,S:F456L,S:R346T,S:T22N,S:S31P,S:K182R,S:R190S,S:K444R,S:V445P,S:G946R,S:A1174V,S:E224Q	2025-11-25	2025.9	2025	29616	47	F	51.1657	10.4515
OZ392162	2025.955	Europe	Denmark	Denmark	24H (LF.7)	LF.7.11	LF.7.11	24A	Homo sapiens	Danish Covid-19 Genome et al	OZ392162	S:D614G,S:S371F,S:S373P,S:S375F,S:K417N,S:N440K,S:S477N,S:Q498R,S:H655Y,S:N679K,S:N764K,S:D796Y,S:N969K,S:P26-,S:D405N,S:R408S,S:T19I,S:L24-,S:P25-,S:A27S,S:G142D,S:T376A,S:G339H,S:G446S,S:N460K,S:Y144-,S:V21T,S:N50L,S:H69-,S:V70-,S:F157S,S:R158G,S:N211-,S:L212I,S:L216F,S:H245N,S:A264D,S:I332V,S:K356T,S:N450D,S:L452W,S:L455S,S:N481K,S:V483-,S:E484K,S:F486P,S:E554K,S:A570V,S:P621S,S:P681R,S:S939F,S:P1143L,S:V127F,S:R403K,S:F456L,S:R346T,S:T22N,S:S31P,S:K182R,S:R190S,S:K444R,S:V445P,S:G946R,S:A1174V,S:S704L	2025-12-15	2025.955	2025	29897	NA	NA	56.2639	9.5018
USA/IL-RIPHL_16200_G/2026	2026.166	North America	USA	Illinois	24H (LF.7)	LF.7.11.2	LF.7.11.2	24A	Homo sapiens	Green et al	PZ270615	S:D614G,S:S371F,S:S373P,S:S375F,S:K417N,S:N440K,S:S477N,S:Q498R,S:H655Y,S:N679K,S:N764K,S:D796Y,S:N969K,S:P26-,S:D405N,S:R408S,S:T19I,S:L24-,S:P25-,S:A27S,S:G142D,S:T376A,S:G339H,S:G446S,S:N460K,S:Y144-,S:V21T,S:N50L,S:H69-,S:V70-,S:F157S,S:R158G,S:N211-,S:L212I,S:L216F,S:H245N,S:A264D,S:I332V,S:K356T,S:N450D,S:L452W,S:L455S,S:N481K,S:V483-,S:E484K,S:F486P,S:E554K,S:A570V,S:P621S,S:P681R,S:S939F,S:P1143L,S:V127F,S:R403K,S:F456L,S:R346T,S:T22N,S:S31P,S:K182R,S:R190S,S:K444R,S:V445P,S:G946R,S:A1174V	2026-03-02	2026.166	2026	29846	28	F	38.916963	-98.891372
OZ409666	2026.07	Europe	United Kingdom	Wales	24H (LF.7)	LF.7.11.2	LF.7.11.2	24A	Homo sapiens	?	OZ409666	S:D614G,S:S371F,S:S373P,S:S375F,S:K417N,S:N440K,S:S477N,S:Q498R,S:H655Y,S:N679K,S:N764K,S:D796Y,S:N969K,S:P26-,S:D405N,S:R408S,S:T19I,S:L24-,S:P25-,S:A27S,S:G142D,S:T376A,S:G339H,S:G446S,S:N460K,S:Y144-,S:V21T,S:N50L,S:H69-,S:V70-,S:F157S,S:R158G,S:N211-,S:L212I,S:L216F,S:H245N,S:A264D,S:I332V,S:K356T,S:N450D,S:L452W,S:L455S,S:N481K,S:V483-,S:E484K,S:F486P,S:E554K,S:A570V,S:P621S,S:P681R,S:S939F,S:P1143L,S:V127F,S:R403K,S:F456L,S:R346T,S:T22N,S:S31P,S:K182R,S:R190S,S:K444R,S:V445P,S:G946R,S:A1174V	2026-01-26	2026.07	2026	29717	36	NA	54.242833	-2.088739
OZ409665	2026.075	Europe	United Kingdom	Wales	24H (LF.7)	LF.7.11.2	LF.7.11.2	24A	Homo sapiens	?	OZ409665	S:D614G,S:S371F,S:S373P,S:S375F,S:K417N,S:N440K,S:S477N,S:Q498R,S:H655Y,S:N679K,S:N764K,S:D796Y,S:N969K,S:P26-,S:D405N,S:R408S,S:T19I,S:L24-,S:P25-,S:A27S,S:G142D,S:T376A,S:G339H,S:G446S,S:N460K,S:Y144-,S:V21T,S:N50L,S:H69-,S:V70-,S:F157S,S:R158G,S:N211-,S:L212I,S:L216F,S:H245N,S:A264D,S:I332V,S:K356T,S:N450D,S:L452W,S:L455S,S:N481K,S:V483-,S:E484K,S:F486P,S:E554K,S:A570V,S:P621S,S:P681R,S:S939F,S:P1143L,S:V127F,S:R403K,S:F456L,S:R346T,S:T22N,S:S31P,S:K182R,S:R190S,S:K444R,S:V445P,S:G946R,S:A1174V	2026-01-28	2026.075	2026	29669	38	F	54.242833	-2.088739
IGS-10285-CVDP-959B4320-D850-43B7-9D90-5C03C7012A04	2026.021	Europe	Germany	NA	25E (PY.1)	PY.1.1.1	PY.1.1.1	24A	NA	?	NA	S:D614G,S:S371F,S:S373P,S:S375F,S:K417N,S:N440K,S:S477N,S:T478K,S:Q498R,S:H655Y,S:N764K,S:D796Y,S:N969K,S:P26-,S:D405N,S:R408S,S:T19I,S:L24-,S:P25-,S:A27S,S:G142D,S:T376A,S:G339H,S:G446S,S:N460K,S:Y144-,S:V21T,S:N50L,S:H69-,S:V70-,S:F157S,S:R158G,S:N211-,S:L212I,S:L216F,S:H245N,S:A264D,S:I332V,S:K356T,S:N450D,S:L452W,S:L455S,S:N481K,S:V483-,S:E484K,S:F486P,S:E554K,S:A570V,S:P621S,S:P681R,S:S939F,S:P1143L,S:V127F,S:R403K,S:F456L,S:R346T,S:T22N,S:S31P,S:K182R,S:R190S,S:K444R,S:V445P,S:L441R,S:A475V,S:A435S,S:N679R,S:V1264L	2026-01-08	2026.021	2026	29861	NA	NA	51.1657	10.4515
Japan/BRL25-0374/2025	2025.823	Asia	Japan	Tokyo	25E (PY.1)	RF.3	RF.3	24A	Homo sapiens	Takeuchi et al	LC929423	S:D614G,S:S371F,S:S373P,S:S375F,S:K417N,S:N440K,S:S477N,S:T478K,S:Q498R,S:H655Y,S:N764K,S:D796Y,S:N969K,S:P26-,S:D405N,S:R408S,S:T19I,S:L24-,S:P25-,S:A27S,S:G142D,S:T376A,S:G339H,S:G446S,S:N460K,S:Y144-,S:V21T,S:N50L,S:H69-,S:V70-,S:F157S,S:R158G,S:N211-,S:L212I,S:L216F,S:H245N,S:A264D,S:I332V,S:K356T,S:N450D,S:L452W,S:L455S,S:N481K,S:V483-,S:E484K,S:F486P,S:E554K,S:A570V,S:P621S,S:P681R,S:S939F,S:P1143L,S:V127F,S:R403K,S:F456L,S:R346T,S:T22N,S:S31P,S:R190S,S:K444R,S:V445P,S:L441R,S:A475V,S:A435S,S:N679R,S:K182G	2025-10-28	2025.823	2025	29854	49	M	35.68536	139.75309
USA/GKISBBBJ56297/2026	2026.163	North America	USA	New York	25E (PY.1)	RF.4	RF.4	24A	Homo sapiens	Rothstein et al	PZ165372	S:D614G,S:S371F,S:S373P,S:S375F,S:K417N,S:N440K,S:S477N,S:T478K,S:Q498R,S:H655Y,S:N764K,S:D796Y,S:N969K,S:P26-,S:D405N,S:R408S,S:T19I,S:L24-,S:P25-,S:A27S,S:G142D,S:T376A,S:G339H,S:G446S,S:N460K,S:Y144-,S:V21T,S:N50L,S:H69-,S:V70-,S:F157S,S:R158G,S:N211-,S:L212I,S:L216F,S:H245N,S:A264D,S:I332V,S:K356T,S:N450D,S:L452W,S:L455S,S:N481K,S:V483-,S:E484K,S:F486P,S:E554K,S:A570V,S:P621S,S:P681R,S:S939F,S:P1143L,S:V127F,S:R403K,S:F456L,S:R346T,S:T22N,S:S31P,S:K182R,S:R190S,S:K444R,S:V445P,S:L441R,S:A475V,S:A435S,S:N679R,S:D178G	2026-03-01	2026.163	2026	29816	32	M	38.916963	-98.891372
USA/CA-LACPHL-AY16302/2026	2026.193	North America	USA	California	25E (PY.1)	PY.1.1.1	RF.5	24A	Homo sapiens	Fox et al	PZ298129	S:D614G,S:S371F,S:S373P,S:S375F,S:K417N,S:N440K,S:S477N,S:Q498R,S:H655Y,S:N764K,S:D796Y,S:N969K,S:P26-,S:D405N,S:R408S,S:T19I,S:L24-,S:P25-,S:A27S,S:G142D,S:T376A,S:G339H,S:G446S,S:N460K,S:Y144-,S:V21T,S:N50L,S:H69-,S:V70-,S:F157S,S:R158G,S:N211-,S:L212I,S:L216F,S:H245N,S:A264D,S:I332V,S:K356T,S:N450D,S:L452W,S:L455S,S:N481K,S:V483-,S:E484K,S:F486P,S:E554K,S:A570V,S:P621S,S:P681R,S:S939F,S:P1143L,S:V127F,S:R403K,S:F456L,S:R346T,S:T22N,S:S31P,S:K182R,S:R190S,S:K444R,S:V445P,S:L441R,S:A475V,S:A435S,S:N679R,S:M153I,S:C1247F	2026-03-12	2026.193	2026	29895	50	NA	38.916963	-98.891372
OZ409727	2026.078	Europe	United Kingdom	England	25E (PY.1)	PY.1.1.1	RF.5	24A	Homo sapiens	?	OZ409727	S:D614G,S:S371F,S:S373P,S:S375F,S:K417N,S:N440K,S:S477N,S:Q498R,S:H655Y,S:N764K,S:D796Y,S:N969K,S:D405N,S:R408S,S:T19I,S:P25-,S:G142D,S:T376A,S:G339H,S:G446S,S:N460K,S:Y144-,S:V21T,S:N50L,S:H69-,S:V70-,S:F157S,S:R158G,S:N211-,S:L212I,S:L216F,S:I332V,S:K356T,S:N450D,S:L452W,S:L455S,S:N481K,S:V483-,S:E484K,S:F486P,S:E554K,S:A570V,S:P621S,S:P681R,S:S939F,S:P1143L,S:V127F,S:R403K,S:F456L,S:R346T,S:T22N,S:S31P,S:K182R,S:R190S,S:K444R,S:V445P,S:L441R,S:A475V,S:A435S,S:N679R,S:M153I	2026-01-29	2026.078	2026	29636	66	NA	54.242833	-2.088739
BRA/ITpS_kYe_001IZ_001/2026	2026.149	South America	Brazil	São Paulo	25E (PY.1)	PY.1.1.1	RF.5	24A	Homo sapiens	Silva et al	PZ155464	S:D614G,S:S371F,S:S373P,S:S375F,S:K417N,S:N440K,S:S477N,S:Q498R,S:H655Y,S:N764K,S:D796Y,S:N969K,S:D405N,S:R408S,S:T19I,S:P25-,S:G142D,S:T376A,S:G339H,S:G446S,S:N460K,S:Y144-,S:V21T,S:N50L,S:H69-,S:V70-,S:F157S,S:R158G,S:N211-,S:L212I,S:L216F,S:I332V,S:K356T,S:N450D,S:L452W,S:L455S,S:N481K,S:V483-,S:E484K,S:F486P,S:E554K,S:A570V,S:P621S,S:P681R,S:S939F,S:P1143L,S:V127F,S:R403K,S:F456L,S:R346T,S:T22N,S:S31P,S:K182R,S:R190S,S:K444R,S:V445P,S:L441R,S:A475V,S:A435S,S:N679R,S:M153I	2026-02-24	2026.149	2026	29798	70	NA	-10.3333332	-53.1999999
USA/CT-DPH-1354769001/2026	2026.155	North America	USA	Connecticut	25E (PY.1)	PY.1.1.1	RF.5	24A	Homo sapiens	Incekara et al	PZ163205	S:D614G,S:S371F,S:S373P,S:S375F,S:K417N,S:N440K,S:S477N,S:Q498R,S:H655Y,S:N764K,S:D796Y,S:N969K,S:P26-,S:D405N,S:R408S,S:T19I,S:L24-,S:P25-,S:A27S,S:G142D,S:T376A,S:G339H,S:G446S,S:N460K,S:Y144-,S:V21T,S:N50L,S:H69-,S:V70-,S:F157S,S:R158G,S:N211-,S:L212I,S:L216F,S:H245N,S:A264D,S:I332V,S:K356T,S:N450D,S:L452W,S:L455S,S:N481K,S:V483-,S:E484K,S:F486P,S:E554K,S:A570V,S:P621S,S:P681R,S:S939F,S:P1143L,S:V127F,S:R403K,S:F456L,S:R346T,S:T22N,S:S31P,S:K182R,S:R190S,S:K444R,S:V445P,S:L441R,S:A475V,S:A435S,S:N679R,S:M153I	2026-02-26	2026.155	2026	29780	NA	NA	38.916963	-98.891372
Denmark/DCGC-693646/2026	2026.012	Europe	Denmark	Denmark	25E (PY.1)	PY.1.1.1	RF.5	24A	Homo sapiens	Danish Covid-19 Genome et al	OZ407543	S:D614G,S:S371F,S:S373P,S:S375F,S:K417N,S:N440K,S:S477N,S:Q498R,S:H655Y,S:N764K,S:D796Y,S:N969K,S:P26-,S:D405N,S:R408S,S:T19I,S:L24-,S:P25-,S:A27S,S:G142D,S:T376A,S:G339H,S:G446S,S:N460K,S:Y144-,S:V21T,S:N50L,S:H69-,S:V70-,S:F157S,S:R158G,S:N211-,S:L212I,S:L216F,S:H245N,S:A264D,S:I332V,S:K356T,S:N450D,S:L452W,S:L455S,S:N481K,S:V483-,S:E484K,S:F486P,S:E554K,S:A570V,S:P621S,S:P681R,S:S939F,S:P1143L,S:V127F,S:R403K,S:F456L,S:R346T,S:T22N,S:S31P,S:K182R,S:R190S,S:K444R,S:V445P,S:L441R,S:A475V,S:A435S,S:N679R,S:M153I	2026-01-05	2026.012	2026	29690	72	NA	56.2639	9.5018
IGS-10285-CVDP-B4C52F76-C3D4-4C89-997F-58D53A7AECB5	2026.204	Europe	Germany	NA	25E (PY.1)	RF.5	RF.5	24A	NA	?	NA	S:D614G,S:S371F,S:S373P,S:S375F,S:K417N,S:N440K,S:S477N,S:Q498R,S:H655Y,S:N764K,S:D796Y,S:N969K,S:P26-,S:D405N,S:R408S,S:T19I,S:L24-,S:P25-,S:A27S,S:G142D,S:T376A,S:G339H,S:G446S,S:N460K,S:Y144-,S:V21T,S:N50L,S:H69-,S:V70-,S:F157S,S:R158G,S:N211-,S:L212I,S:L216F,S:H245N,S:A264D,S:I332V,S:K356T,S:N450D,S:L452W,S:L455S,S:N481K,S:V483-,S:E484K,S:F486P,S:E554K,S:A570V,S:P621S,S:P681R,S:S939F,S:P1143L,S:V127F,S:R403K,S:F456L,S:R346T,S:T22N,S:S31P,S:K182R,S:R190S,S:K444R,S:V445P,S:L441R,S:A475V,S:A435S,S:N679R,S:M153I	2026-03-16	2026.204	2026	29901	29	F	51.1657	10.4515
USA/MD-MDH-12441/2025	2025.966	North America	USA	Maryland	25H (XFJ)	XFJ.8	XFJ.8	24A	Homo sapiens	Stegman et al	PX810048	S:D614G,S:S371F,S:S373P,S:S375F,S:K417N,S:N440K,S:S477N,S:T478K,S:Q498R,S:H655Y,S:N679K,S:N764K,S:D796Y,S:N969K,S:P26-,S:D405N,S:R408S,S:T19I,S:L24-,S:P25-,S:A27S,S:G142D,S:T376A,S:G339H,S:G446S,S:N460K,S:Y144-,S:V21T,S:N50L,S:H69-,S:V70-,S:F157S,S:R158G,S:N211-,S:L212I,S:L216F,S:H245N,S:A264D,S:I332V,S:K356T,S:N450D,S:L452W,S:L455S,S:N481K,S:V483-,S:E484K,S:F486P,S:E554K,S:A570V,S:P621S,S:P681R,S:S939F,S:P1143L,S:V127F,S:R403K,S:F456L,S:R346T,S:T22N,S:S31P,S:K182R,S:R190S,S:V445P,S:L441R,S:A475V,S:T791A	2025-12-19	2025.966	2025	29616	61	F	38.916963	-98.891372
OZ391784	2025.958	Europe	United Kingdom	England	25H (XFJ)	XFJ.8.1	XFJ.8.1	24A	Homo sapiens	?	OZ391784	S:D614G,S:S371F,S:S373P,S:S375F,S:K417N,S:N440K,S:S477N,S:T478K,S:Q498R,S:H655Y,S:N679K,S:N764K,S:D796Y,S:N969K,S:P26-,S:D405N,S:R408S,S:T19I,S:L24-,S:P25-,S:A27S,S:G142D,S:T376A,S:G339H,S:G446S,S:N460K,S:Y144-,S:V21T,S:N50L,S:H69-,S:V70-,S:F157S,S:R158G,S:N211-,S:L212I,S:L216F,S:H245N,S:A264D,S:I332V,S:K356T,S:N450D,S:L452W,S:L455S,S:N481K,S:V483-,S:E484K,S:F486P,S:E554K,S:A570V,S:P621S,S:P681R,S:S939F,S:P1143L,S:V127F,S:R403K,S:F456L,S:R346T,S:T22N,S:S31P,S:K182R,S:R190S,S:V445P,S:L441R,S:A475V,S:T791A,S:V83L,S:V1264L	2025-12-16	2025.958	2025	29697	45	F	54.242833	-2.088739
USA/CO-CDPHE-45936627/2026	2026.007	North America	USA	Colorado	25H (XFJ)	XFJ.3.1	XFJ.3.1	24A	Homo sapiens	Matzinger et al	PX952133	S:D614G,S:S371F,S:S373P,S:S375F,S:K417N,S:N440K,S:S477N,S:T478K,S:Q498R,S:H655Y,S:N679K,S:N764K,S:D796Y,S:N969K,S:P26-,S:D405N,S:R408S,S:L24-,S:P25-,S:A27S,S:G142D,S:T376A,S:G339H,S:G446S,S:N460K,S:Y144-,S:V21T,S:H69-,S:V70-,S:F157S,S:R158G,S:N211-,S:L212I,S:L216F,S:H245N,S:A264D,S:I332V,S:K356T,S:N450D,S:L452W,S:L455S,S:N481K,S:V483-,S:E484K,S:F486P,S:P621S,S:P681R,S:S939F,S:P1143L,S:V127F,S:R403K,S:F456L,S:R346T,S:T22N,S:S31P,S:K182R,S:V445P,S:L441R,S:A475V,S:T791A,S:T19V,S:V1264L,S:N5F	2026-01-03	2026.007	2026	29823	72	NA	38.916963	-98.891372
USA/CO-CDPHE-46016136/2026	2026.034	North America	USA	Colorado	25H (XFJ)	XFJ.3.1	XFJ.3.1.4	24A	Homo sapiens	Smith et al	PX990705	S:D614G,S:S371F,S:S373P,S:S375F,S:K417N,S:N440K,S:S477N,S:T478K,S:Q498R,S:H655Y,S:N679K,S:N764K,S:D796Y,S:N969K,S:P26-,S:D405N,S:R408S,S:L24-,S:P25-,S:A27S,S:G142D,S:T376A,S:G339H,S:G446S,S:N460K,S:Y144-,S:V21T,S:N50L,S:H69-,S:V70-,S:F157S,S:R158G,S:N211-,S:L212I,S:L216F,S:H245N,S:A264D,S:I332V,S:K356T,S:N450D,S:L452W,S:L455S,S:N481K,S:V483-,S:E484K,S:F486P,S:E554K,S:A570V,S:P621S,S:P681R,S:S939F,S:P1143L,S:V127F,S:R403K,S:F456L,S:R346T,S:T22N,S:S31P,S:K182R,S:V445P,S:L441R,S:A475V,S:T791A,S:T19V,S:V1264L,S:I1172V	2026-01-13	2026.034	2026	29718	14	F	38.916963	-98.891372
USA/CO-CDPHE-45626037/2025	2025.916	North America	USA	Colorado	25H (XFJ)	XFJ.3.1	XFJ.3.1.4	24A	Homo sapiens	Matzinger et al	PX831996	S:D614G,S:S371F,S:S373P,S:S375F,S:K417N,S:N440K,S:S477N,S:T478K,S:Q498R,S:H655Y,S:N679K,S:N764K,S:D796Y,S:N969K,S:P26-,S:D405N,S:R408S,S:L24-,S:P25-,S:A27S,S:G142D,S:T376A,S:G339H,S:G446S,S:N460K,S:Y144-,S:V21T,S:N50L,S:H69-,S:V70-,S:F157S,S:R158G,S:N211-,S:L212I,S:L216F,S:H245N,S:A264D,S:I332V,S:K356T,S:N450D,S:L452W,S:L455S,S:N481K,S:V483-,S:E484K,S:F486P,S:E554K,S:A570V,S:P621S,S:P681R,S:S939F,S:P1143L,S:V127F,S:R403K,S:F456L,S:R346T,S:T22N,S:S31P,S:K182R,S:V445P,S:L441R,S:A475V,S:T791A,S:T19V,S:V1264L,S:I1172V	2025-12-01	2025.916	2025	29614	NA	F	38.916963	-98.891372
OZ392114	2025.974	Europe	Denmark	Denmark	25H (XFJ)	XFJ.3.1	XFJ.3.1	24A	Homo sapiens	Danish Covid-19 Genome et al	OZ392114	S:D614G,S:S371F,S:S373P,S:S375F,S:K417N,S:N440K,S:S477N,S:T478K,S:Q498R,S:H655Y,S:N679K,S:N764K,S:D796Y,S:N969K,S:P26-,S:D405N,S:R408S,S:L24-,S:P25-,S:A27S,S:G142D,S:T376A,S:G339H,S:G446S,S:N460K,S:Y144-,S:V21T,S:N50L,S:H69-,S:V70-,S:F157S,S:R158G,S:N211-,S:L212I,S:L216F,S:H245N,S:A264D,S:I332V,S:K356T,S:N450D,S:L452W,S:L455S,S:N481K,S:V483-,S:E484K,S:F486P,S:E554K,S:A570V,S:P621S,S:P681R,S:P1143L,S:V127F,S:R403K,S:F456L,S:R346T,S:T22N,S:S31P,S:K182R,S:V445P,S:L441R,S:A475V,S:T791A,S:T19V,S:V1264L	2025-12-22	2025.974	2025	29705	53	NA	56.2639	9.5018
USA/MI-UM-10068976027/2026	2026.062	North America	USA	Michigan	25H (XFJ)	XFJ.3.1.2	RW.1.1	24A	Homo sapiens	Lauring et al	PZ364227	S:D614G,S:S371F,S:S373P,S:S375F,S:K417N,S:N440K,S:S477N,S:Q498R,S:H655Y,S:N679K,S:N764K,S:D796Y,S:N969K,S:P26-,S:D405N,S:R408S,S:L24-,S:P25-,S:A27S,S:G142D,S:T376A,S:G339H,S:G446S,S:N460K,S:Y144-,S:V21T,S:N50L,S:H69-,S:V70-,S:F157S,S:R158G,S:N211-,S:L212I,S:L216F,S:H245N,S:A264D,S:I332V,S:K356T,S:N450D,S:L452W,S:L455S,S:N481K,S:V483-,S:E484K,S:F486P,S:E554K,S:A570V,S:P621S,S:P681R,S:S939F,S:P1143L,S:V127F,S:R403K,S:F456L,S:R346T,S:T22N,S:S31P,S:K182R,S:V445P,S:L441R,S:A475V,S:T791A,S:T19V,S:V1264L,S:A435S,S:R273S	2026-01-23	2026.062	2026	29704	NA	NA	38.916963	-98.891372
USA/GKISBBBI56473/2026	2026.245	North America	USA	New York	25H (XFJ)	XFJ.3.1.2	RW.1.1	24A	Homo sapiens	Rothstein et al	PZ280809	S:D614G,S:S371F,S:S373P,S:S375F,S:K417N,S:N440K,S:S477N,S:Q498R,S:H655Y,S:N679K,S:N764K,S:D796Y,S:N969K,S:P26-,S:D405N,S:R408S,S:L24-,S:P25-,S:A27S,S:G142D,S:T376A,S:G339H,S:G446S,S:N460K,S:Y144-,S:V21T,S:N50L,S:H69-,S:V70-,S:F157S,S:R158G,S:N211-,S:L212I,S:L216F,S:H245N,S:A264D,S:I332V,S:K356T,S:N450D,S:L452W,S:L455S,S:N481K,S:V483-,S:E484K,S:F486P,S:E554K,S:A570V,S:P621S,S:P681R,S:S939F,S:P1143L,S:V127F,S:R403K,S:F456L,S:R346T,S:T22N,S:S31P,S:K182R,S:V445P,S:L441R,S:A475V,S:T19V,S:V1264L,S:A435S	2026-03-31	2026.245	2026	29862	15	F	38.916963	-98.891372
USA/GKISBBBI56586/2026	2026.245	North America	USA	New York	25H (XFJ)	XFJ.3.1.2	RW.1.1	24A	Homo sapiens	Rothstein et al	PZ280805	S:D614G,S:S371F,S:S373P,S:S375F,S:K417N,S:N440K,S:S477N,S:Q498R,S:H655Y,S:N679K,S:N764K,S:D796Y,S:N969K,S:P26-,S:D405N,S:R408S,S:L24-,S:P25-,S:A27S,S:G142D,S:T376A,S:G339H,S:G446S,S:N460K,S:Y144-,S:V21T,S:N50L,S:H69-,S:V70-,S:F157S,S:R158G,S:N211-,S:L212I,S:L216F,S:H245N,S:A264D,S:I332V,S:K356T,S:N450D,S:L452W,S:L455S,S:N481K,S:V483-,S:E484K,S:F486P,S:E554K,S:A570V,S:P621S,S:P681R,S:S939F,S:P1143L,S:V127F,S:F456L,S:R346T,S:T22N,S:S31P,S:K182R,S:V445P,S:L441R,S:A475V,S:T19V,S:V1264L,S:A435S	2026-03-31	2026.245	2026	29616	41	M	38.916963	-98.891372
IGS-10285-CVDP-535E14DB-3655-40C8-913B-0B835BE5D586	2026.051	Europe	Germany	NA	24H (LF.7)	XGA	XGA	24A	NA	?	NA	S:D614G,S:S371F,S:S373P,S:S375F,S:K417N,S:N440K,S:S477N,S:T478K,S:Q498R,S:H655Y,S:N679K,S:N764K,S:D796Y,S:N969K,S:P26-,S:D405N,S:R408S,S:T19I,S:L24-,S:P25-,S:A27S,S:G142D,S:T376A,S:G339H,S:G446S,S:N460K,S:Y144-,S:V21T,S:N50L,S:H69-,S:V70-,S:F157S,S:R158G,S:N211-,S:L212I,S:L216F,S:H245N,S:A264D,S:I332V,S:K356T,S:N450D,S:L452W,S:L455S,S:N481K,S:V483-,S:E484K,S:F486P,S:E554K,S:A570V,S:P621S,S:P681R,S:S939F,S:P1143L,S:V127F,S:R403K,S:F456L,S:R346T,S:T22N,S:Q493E,S:S31P,S:K182R,S:R190S,S:V445R,S:K444R,S:N487D,S:T572I,S:L441I	2026-01-19	2026.051	2026	29899	NA	M	51.1657	10.4515
USA/MN-MDH-49658/2026	2026.067	North America	USA	Minnesota	24H (LF.7)	XGA	XGA.4	24A	Homo sapiens	Garfin et al	PZ014016	S:D614G,S:S371F,S:S373P,S:S375F,S:K417N,S:N440K,S:S477N,S:T478K,S:Q498R,S:H655Y,S:N679K,S:N764K,S:D796Y,S:N969K,S:P26-,S:D405N,S:R408S,S:T19I,S:L24-,S:P25-,S:A27S,S:G142D,S:T376A,S:G339H,S:G446S,S:N460K,S:Y144-,S:V21T,S:N50L,S:H69-,S:V70-,S:F157S,S:R158G,S:N211-,S:L212I,S:L216F,S:H245N,S:A264D,S:I332V,S:K356T,S:N450D,S:L452W,S:L455S,S:N481K,S:V483-,S:E484K,S:F486P,S:E554K,S:A570V,S:P621S,S:P681R,S:S939F,S:P1143L,S:V127F,S:R403K,S:F456L,S:R346T,S:T22N,S:Q493E,S:S31P,S:K182R,S:R190S,S:V445R,S:K444R,S:N487D,S:T572I,S:L441I	2026-01-25	2026.067	2026	29779	80	NA	38.916963	-98.891372
OZ392156	2025.974	Europe	Denmark	Denmark	24H (LF.7)	XGA.1	XGA.1	24A	Homo sapiens	Danish Covid-19 Genome et al	OZ392156	S:D614G,S:S371F,S:S373P,S:S375F,S:K417N,S:N440K,S:S477N,S:T478K,S:Q498R,S:H655Y,S:N679K,S:N764K,S:D796Y,S:N969K,S:P26-,S:D405N,S:R408S,S:T19I,S:L24-,S:P25-,S:A27S,S:G142D,S:T376A,S:G339H,S:G446S,S:N460K,S:Y144-,S:V21T,S:N50L,S:H69-,S:V70-,S:F157S,S:R158G,S:N211-,S:L212I,S:L216F,S:H245N,S:A264D,S:I332V,S:K356T,S:N450D,S:L452W,S:L455S,S:N481K,S:V483-,S:E484K,S:F486P,S:E554K,S:A570V,S:P621S,S:P681R,S:S939F,S:P1143L,S:V127F,S:R403K,S:F456L,S:R346T,S:T22N,S:Q493E,S:S31P,S:K182R,S:R190S,S:V445R,S:K444R,S:N487D,S:T572I,S:L441I	2025-12-22	2025.974	2025	29648	47	NA	56.2639	9.5018
Denmark/DCGC-693616/2025	2025.993	Europe	Denmark	Denmark	24H (LF.7)	XGA.1	XGA.1	24A	Homo sapiens	Danish Covid-19 Genome et al	OZ407530	S:D614G,S:S371F,S:S373P,S:S375F,S:K417N,S:N440K,S:S477N,S:T478K,S:Q498R,S:H655Y,S:N764K,S:D796Y,S:N969K,S:P26-,S:D405N,S:R408S,S:T19I,S:L24-,S:P25-,S:A27S,S:G142D,S:T376A,S:G339H,S:G446S,S:N460K,S:Y144-,S:V21T,S:N50L,S:H69-,S:V70-,S:F157S,S:R158G,S:N211-,S:L212I,S:L216F,S:H245N,S:A264D,S:I332V,S:K356T,S:N450D,S:L452W,S:L455S,S:N481K,S:V483-,S:E484K,S:F486P,S:E554K,S:A570V,S:P621S,S:P681R,S:S939F,S:P1143L,S:V127F,S:R403K,S:F456L,S:R346T,S:T22N,S:Q493E,S:S31P,S:K182R,S:R190S,S:V445R,S:K444R,S:N487D,S:T572I,S:L441I	2025-12-29	2025.993	2025	29722	24	NA	56.2639	9.5018
USA/MN-MDH-50427/2026	2026.188	North America	USA	Minnesota	25C (XFG)	XFG.23.1.4	XFG.23.1.4	24A	Homo sapiens	Garfin et al	PZ315894	S:D614G,S:S371F,S:S373P,S:S375F,S:K417N,S:N440K,S:S477N,S:T478K,S:Q498R,S:H655Y,S:N679K,S:N764K,S:D796Y,S:N969K,S:P26-,S:D405N,S:R408S,S:T19I,S:L24-,S:P25-,S:A27S,S:G142D,S:T376A,S:G339H,S:G446S,S:N460K,S:Y144-,S:V21T,S:N50L,S:H69-,S:V70-,S:F157S,S:R158G,S:N211-,S:L212I,S:L216F,S:H245N,S:A264D,S:I332V,S:K356T,S:N450D,S:L452W,S:L455S,S:N481K,S:V483-,S:E484K,S:F486P,S:E554K,S:A570V,S:P621S,S:P681R,S:S939F,S:P1143L,S:V127F,S:R403K,S:F456L,S:R346T,S:T22N,S:Q493E,S:S31P,S:K182R,S:R190S,S:V445R,S:K444R,S:N487D,S:T572I,S:L335F,S:W258R	2026-03-10	2026.188	2026	29728	NA	NA	38.916963	-98.891372
USA/MN-MDH-50065/2026	2026.133	North America	USA	Minnesota	25C (XFG)	XFG.1.1	XFG.1.1	24A	Homo sapiens	Garfin et al	PZ148784	S:D614G,S:S371F,S:S373P,S:S375F,S:K417N,S:N440K,S:S477N,S:T478K,S:Q498R,S:H655Y,S:N679K,S:N764K,S:D796Y,S:P26-,S:D405N,S:R408S,S:T19I,S:L24-,S:P25-,S:A27S,S:G142D,S:T376A,S:G339H,S:G446S,S:N460K,S:Y144-,S:V21T,S:N50L,S:H69-,S:V70-,S:F157S,S:R158G,S:N211-,S:L212I,S:L216F,S:H245N,S:A264D,S:I332V,S:K356T,S:N450D,S:L455S,S:N481K,S:V483-,S:E484K,S:F486P,S:E554K,S:A570V,S:P621S,S:P681R,S:S939F,S:P1143L,S:V127F,S:R403K,S:F456L,S:R346T,S:T22N,S:Q493E,S:S31P,S:R190S,S:K444R,S:N487D,S:T572I,S:N96D,S:V445P,S:L452R,S:K18F	2026-02-18	2026.133	2026	29632	NA	F	38.916963	-98.891372
USA/CA-CDPH-6000023725/2025	2025.933	North America	USA	California	25C (XFG)	RP.2	RP.2	24A	Homo sapiens	Diaz-Cuevas et al	PX886131	S:D614G,S:S371F,S:S373P,S:S375F,S:K417N,S:N440K,S:S477N,S:T478K,S:Q498R,S:H655Y,S:N679K,S:N764K,S:D796Y,S:P26-,S:D405N,S:R408S,S:T19I,S:L24-,S:P25-,S:A27S,S:G142D,S:T376A,S:G339H,S:G446S,S:N460K,S:Y144-,S:V21T,S:N50L,S:H69-,S:V70-,S:F157S,S:R158G,S:N211-,S:L212I,S:L216F,S:H245N,S:A264D,S:I332V,S:K356T,S:N450D,S:L455S,S:N481K,S:V483-,S:E484K,S:F486P,S:E554K,S:A570V,S:P621S,S:P681R,S:S939F,S:P1143L,S:V127F,S:R403K,S:F456L,S:R346T,S:T22N,S:Q493E,S:S31P,S:K182R,S:R190S,S:K444R,S:N487D,S:T572I,S:N96D,S:V445P,S:L452R,S:T307I,S:T883I	2025-12-07	2025.933	2025	29811	NA	M	38.916963	-98.891372
USA/MI-UM-10069197841/2026	2026.095	North America	USA	Michigan	25C (XFG)	XFG.1.1	XFG.1.1.6	24A	Homo sapiens	Lauring et al	PZ364250	S:D614G,S:S371F,S:S373P,S:S375F,S:K417N,S:N440K,S:S477N,S:T478K,S:Q498R,S:H655Y,S:N679K,S:N764K,S:D796Y,S:P26-,S:D405N,S:R408S,S:T19I,S:L24-,S:P25-,S:A27S,S:G142D,S:T376A,S:G339H,S:G446S,S:N460K,S:Y144-,S:V21T,S:N50L,S:H69-,S:V70-,S:F157S,S:R158G,S:N211-,S:L212I,S:L216F,S:H245N,S:A264D,S:I332V,S:K356T,S:N450D,S:L455S,S:N481K,S:V483-,S:E484K,S:F486P,S:E554K,S:A570V,S:P621S,S:P681R,S:S939F,S:P1143L,S:V127F,S:R403K,S:F456L,S:R346T,S:T22N,S:Q493E,S:S31P,S:K182R,S:R190S,S:K444R,S:N487D,S:T572I,S:N96D,S:V445P,S:L452R	2026-02-04	2026.095	2026	29792	NA	NA	38.916963	-98.891372
USA/MN-MDH-49727/2026	2026.081	North America	USA	Minnesota	25C (XFG)	XFG.1.1	XFG.1.1	24A	Homo sapiens	Garfin et al	PZ036269	S:D614G,S:S371F,S:S373P,S:S375F,S:K417N,S:N440K,S:S477N,S:T478K,S:Q498R,S:H655Y,S:N679K,S:N764K,S:D796Y,S:P26-,S:D405N,S:R408S,S:T19I,S:L24-,S:P25-,S:A27S,S:G142D,S:T376A,S:G339H,S:G446S,S:N460K,S:Y144-,S:V21T,S:N50L,S:H69-,S:V70-,S:F157S,S:R158G,S:N211-,S:L212I,S:L216F,S:H245N,S:A264D,S:I332V,S:K356T,S:N450D,S:L455S,S:N481K,S:V483-,S:E484K,S:F486P,S:E554K,S:A570V,S:P621S,S:P681R,S:S939F,S:P1143L,S:V127F,S:R403K,S:F456L,S:R346T,S:T22N,S:Q493E,S:S31P,S:K182R,S:R190S,S:K444R,S:N487D,S:T572I,S:N96D,S:V445P,S:L452R	2026-01-30	2026.081	2026	29859	46	NA	38.916963	-98.891372
USA/MD-MDH-13202/2026	2026.267	North America	USA	Maryland	25C (XFG)	XFG.1.1	XFG.1.1.3	24A	Homo sapiens	Stegman et al	PZ340867	S:D614G,S:S371F,S:S373P,S:S375F,S:K417N,S:N440K,S:S477N,S:T478K,S:Q498R,S:H655Y,S:N679K,S:N764K,S:D796Y,S:P26-,S:D405N,S:R408S,S:T19I,S:L24-,S:P25-,S:A27S,S:G142D,S:T376A,S:G339H,S:G446S,S:N460K,S:Y144-,S:V21T,S:N50L,S:H69-,S:V70-,S:F157S,S:R158G,S:N211-,S:L212I,S:L216F,S:H245N,S:A264D,S:I332V,S:K356T,S:N450D,S:L455S,S:N481K,S:V483-,S:E484K,S:F486P,S:E554K,S:A570V,S:P621S,S:P681R,S:S939F,S:P1143L,S:V127F,S:R403K,S:F456L,S:R346T,S:T22N,S:Q493E,S:S31P,S:K182R,S:R190S,S:K444R,S:N487D,S:T572I,S:N96D,S:V445P,S:L452R,S:E156D,S:T307I	2026-04-08	2026.267	2026	29701	28	M	38.916963	-98.891372
USA/MN-MDH-48805/2025	2025.963	North America	USA	Minnesota	25C (XFG)	XFG.1.1	XFG.1.1	24A	Homo sapiens	Garfin et al	PX804035	S:D614G,S:S371F,S:S373P,S:S375F,S:K417N,S:N440K,S:S477N,S:T478K,S:Q498R,S:H655Y,S:N679K,S:N764K,S:D796Y,S:P26-,S:D405N,S:R408S,S:T19I,S:L24-,S:P25-,S:A27S,S:G142D,S:T376A,S:G339H,S:G446S,S:N460K,S:Y144-,S:V21T,S:N50L,S:H69-,S:V70-,S:F157S,S:R158G,S:N211-,S:L212I,S:L216F,S:H245N,S:A264D,S:I332V,S:K356T,S:N450D,S:L455S,S:N481K,S:V483-,S:E484K,S:F486P,S:E554K,S:A570V,S:P621S,S:P681R,S:S939F,S:P1143L,S:V127F,S:R403K,S:F456L,S:R346T,S:T22N,S:Q493E,S:S31P,S:K182R,S:R190S,S:K444R,S:N487D,S:T572I,S:N96D,S:V445P,S:L452R	2025-12-18	2025.963	2025	29788	34	NA	38.916963	-98.891372
USA/MN-MDH-50414/2026	2026.267	North America	USA	Minnesota	25C (XFG)	XFG.1.1	XFG.1.1	24A	Homo sapiens	Garfin et al	PZ315881	S:D614G,S:S371F,S:S373P,S:S375F,S:K417N,S:N440K,S:S477N,S:T478K,S:Q498R,S:H655Y,S:N679K,S:N764K,S:D796Y,S:P26-,S:D405N,S:R408S,S:T19I,S:L24-,S:P25-,S:A27S,S:G142D,S:T376A,S:G339H,S:G446S,S:N460K,S:Y144-,S:V21T,S:N50L,S:H69-,S:V70-,S:F157S,S:R158G,S:N211-,S:L212I,S:L216F,S:H245N,S:A264D,S:I332V,S:K356T,S:N450D,S:L455S,S:N481K,S:V483-,S:E484K,S:F486P,S:E554K,S:A570V,S:P621S,S:P681R,S:S939F,S:P1143L,S:V127F,S:R403K,S:F456L,S:R346T,S:T22N,S:Q493E,S:S31P,S:K182R,S:R190S,S:K444R,S:N487D,S:T572I,S:N96D,S:V445P,S:L452R	2026-04-08	2026.267	2026	29817	44	NA	38.916963	-98.891372
IGS-10285-CVDP-88C6EC14-8CA3-4DF3-BE20-3B8ADCC5E361	2026.133	Europe	Germany	NA	25C (XFG)	XFG.5.2	XFG.5.2	24A	NA	?	NA	S:D614G,S:S371F,S:S373P,S:S375F,S:K417N,S:N440K,S:S477N,S:T478K,S:Q498R,S:H655Y,S:N679K,S:N764K,S:D796Y,S:N969K,S:P26-,S:D405N,S:R408S,S:T19I,S:L24-,S:P25-,S:A27S,S:G142D,S:T376A,S:G339H,S:G446S,S:N460K,S:Y144-,S:V21T,S:N50L,S:H69-,S:V70-,S:F157S,S:R158G,S:N211-,S:L212I,S:L216F,S:H245N,S:A264D,S:I332V,S:K356T,S:N450D,S:L452W,S:L455S,S:N481K,S:V483-,S:E484K,S:F486P,S:E554K,S:A570V,S:P621S,S:P681R,S:S939F,S:P1143L,S:V127F,S:R403K,S:F456L,S:R346T,S:T22N,S:Q493E,S:S31P,S:K182R,S:R190S,S:V445R,S:K444R,S:N487D,S:T572I,S:D1084G	2026-02-18	2026.133	2026	29772	NA	M	51.1657	10.4515
USA/CO-CDPHE-45935805/2025	2025.988	North America	USA	Colorado	25C (XFG)	XFY	XFY	24A	Homo sapiens	Matzinger et al	PX952150	S:D614G,S:S371F,S:S373P,S:S375F,S:K417N,S:N440K,S:S477N,S:T478K,S:Q498R,S:H655Y,S:N679K,S:N764K,S:D796Y,S:N969K,S:P26-,S:D405N,S:R408S,S:T19I,S:L24-,S:P25-,S:A27S,S:G142D,S:T376A,S:G339H,S:G446S,S:N460K,S:Y144-,S:V21T,S:N50L,S:H69-,S:V70-,S:F157S,S:R158G,S:N211-,S:L212I,S:L216F,S:H245N,S:A264D,S:I332V,S:K356T,S:N450D,S:L452W,S:L455S,S:N481K,S:V483-,S:E484K,S:F486P,S:E554K,S:A570V,S:P621S,S:P681R,S:S939F,S:P1143L,S:V127F,S:R403K,S:F456L,S:R346T,S:T22N,S:Q493E,S:S31P,S:K182R,S:R190S,S:V445R,S:K444R,S:N487D,S:T572I,S:Q677H	2025-12-27	2025.988	2025	29722	31	F	38.916963	-98.891372
USA/MI-MDHHS-SC45907/2025	2025.878	North America	USA	Michigan	25C (XFG)	XFG.4.1.4	XFG.4.1.4	24A	Homo sapiens	Blankenship et al	PX673600	S:D614G,S:S371F,S:S373P,S:S375F,S:K417N,S:N440K,S:S477N,S:T478K,S:Q498R,S:H655Y,S:N679K,S:N764K,S:D796Y,S:N969K,S:P26-,S:D405N,S:R408S,S:T19I,S:L24-,S:P25-,S:A27S,S:G142D,S:T376A,S:G339H,S:G446S,S:N460K,S:Y144-,S:V21T,S:N50L,S:H69-,S:V70-,S:F157S,S:R158G,S:N211-,S:L212I,S:L216F,S:H245N,S:A264D,S:I332V,S:K356T,S:N450D,S:L452W,S:L455S,S:N481K,S:V483-,S:E484K,S:F486P,S:E554K,S:A570V,S:P621S,S:P681R,S:S939F,S:P1143L,S:V127F,S:R403K,S:F456L,S:R346T,S:T22N,S:Q493E,S:S31P,S:K182R,S:R190S,S:V445R,S:K444R,S:N487D,S:T572I,S:G261V	2025-11-17	2025.878	2025	29863	22	NA	38.916963	-98.891372
IGS-10285-CVDP-47C1F466-599A-4F0E-B8FE-14350C517AA0	2025.881	Europe	Germany	NA	25C (XFG)	XFG.7	XFG.7	24A	NA	?	NA	S:D614G,S:S371F,S:S373P,S:S375F,S:K417N,S:N440K,S:S477N,S:T478K,S:Q498R,S:H655Y,S:N679K,S:N764K,S:D796Y,S:N969K,S:P26-,S:D405N,S:R408S,S:T19I,S:L24-,S:P25-,S:A27S,S:G142D,S:T376A,S:G339H,S:G446S,S:N460K,S:Y144-,S:V21T,S:N50L,S:H69-,S:V70-,S:F157S,S:R158G,S:N211-,S:L212I,S:L216F,S:H245N,S:A264D,S:I332V,S:K356T,S:N450D,S:L452W,S:L455S,S:N481K,S:V483-,S:E484K,S:F486P,S:E554K,S:A570V,S:P621S,S:P681R,S:S939F,S:P1143L,S:V127F,S:R403K,S:F456L,S:R346T,S:T22N,S:Q493E,S:S31P,S:K182R,S:R190S,S:V445R,S:K444R,S:N487D,S:T572I	2025-11-18	2025.881	2025	29700	32	NA	51.1657	10.4515
BRA/ITpS_XaD_001FU_001/2025	2025.878	South America	Brazil	São Paulo	25C (XFG)	XFG	XFG	24A	Homo sapiens	Silva et al	PX929627	S:D614G,S:S371F,S:S373P,S:S375F,S:K417N,S:N440K,S:S477N,S:T478K,S:Q498R,S:H655Y,S:N679K,S:N764K,S:D796Y,S:N969K,S:D405N,S:R408S,S:T19I,S:P25-,S:G142D,S:T376A,S:G339H,S:G446S,S:N460K,S:Y144-,S:V21T,S:N50L,S:H69-,S:V70-,S:F157S,S:R158G,S:N211-,S:L212I,S:L216F,S:I332V,S:K356T,S:N450D,S:L452W,S:L455S,S:N481K,S:V483-,S:E484K,S:F486P,S:E554K,S:A570V,S:P621S,S:P681R,S:S939F,S:P1143L,S:V127F,S:R403K,S:F456L,S:R346T,S:T22N,S:Q493E,S:S31P,S:K182R,S:R190S,S:V445R,S:K444R,S:N487D,S:T572I	2025-11-17	2025.878	2025	29698	45	NA	-10.3333332	-53.1999999
BRA/ITpS_7VE_001JI_001/2026	2026.108	South America	Brazil	São Paulo	25C (XFG)	XFG	XFG	24A	Homo sapiens	Silva et al	PZ155509	S:D614G,S:S371F,S:S373P,S:S375F,S:K417N,S:N440K,S:S477N,S:T478K,S:Q498R,S:H655Y,S:N679K,S:N764K,S:D796Y,S:N969K,S:P26-,S:D405N,S:R408S,S:T19I,S:L24-,S:P25-,S:A27S,S:G142D,S:T376A,S:G339H,S:G446S,S:N460K,S:Y144-,S:V21T,S:N50L,S:H69-,S:V70-,S:F157S,S:R158G,S:N211-,S:L212I,S:L216F,S:H245N,S:A264D,S:I332V,S:K356T,S:N450D,S:L452W,S:L455S,S:N481K,S:V483-,S:E484K,S:F486P,S:E554K,S:A570V,S:P621S,S:P681R,S:S939F,S:P1143L,S:V127F,S:R403K,S:F456L,S:R346T,S:T22N,S:Q493E,S:S31P,S:K182R,S:R190S,S:V445R,S:K444R,S:N487D,S:T572I	2026-02-09	2026.108	2026	29851	27	NA	-10.3333332	-53.1999999
USA/CO-CDPHE-46462168/2026	2026.193	North America	USA	Colorado	25C (XFG)	XFG.4	XFG.4	24A	Homo sapiens	Matzinger et al	PZ270872	S:D614G,S:S371F,S:S373P,S:S375F,S:K417N,S:N440K,S:S477N,S:T478K,S:Q498R,S:H655Y,S:N679K,S:N764K,S:D796Y,S:N969K,S:P26-,S:D405N,S:R408S,S:T19I,S:L24-,S:P25-,S:A27S,S:G142D,S:T376A,S:G339H,S:G446S,S:N460K,S:Y144-,S:V21T,S:N50L,S:H69-,S:V70-,S:F157S,S:R158G,S:N211-,S:L212I,S:L216F,S:H245N,S:A264D,S:I332V,S:K356T,S:N450D,S:L452W,S:L455S,S:N481K,S:V483-,S:E484K,S:F486P,S:E554K,S:A570V,S:P621S,S:P681R,S:S939F,S:P1143L,S:V127F,S:R403K,S:F456L,S:R346T,S:T22N,S:Q493E,S:S31P,S:K182R,S:R190S,S:V445R,S:K444R,S:N487D,S:T572I,S:A958S	2026-03-12	2026.193	2026	29647	NA	NA	38.916963	-98.891372
USA/RISHL26COV041/2025	2025.916	North America	USA	Rhode Island	25C (XFG)	XFG.22.1	XFG.22.1	24A	Homo sapiens	Carpenter-Azevedo et al	PZ105885	S:D614G,S:S371F,S:S373P,S:S375F,S:K417N,S:N440K,S:S477N,S:T478K,S:Q498R,S:H655Y,S:N679K,S:N764K,S:D796Y,S:N969K,S:P26-,S:D405N,S:R408S,S:T19I,S:L24-,S:P25-,S:A27S,S:G142D,S:T376A,S:G339H,S:G446S,S:N460K,S:Y144-,S:V21T,S:N50L,S:H69-,S:V70-,S:F157S,S:R158G,S:N211-,S:L212I,S:L216F,S:H245N,S:A264D,S:I332V,S:K356T,S:N450D,S:L452W,S:L455S,S:N481K,S:V483-,S:E484K,S:F486P,S:E554K,S:A570V,S:P621S,S:P681R,S:S939F,S:P1143L,S:V127F,S:R403K,S:F456L,S:R346T,S:T22N,S:Q493E,S:S31P,S:K182R,S:R190S,S:V445R,S:K444R,S:N487D,S:T572I,S:A958S,S:A263S	2025-12-01	2025.916	2025	29745	NA	NA	38.916963	-98.891372
USA/CA-LACPHL-AY16310/2026	2026.215	North America	USA	California	25C (XFG)	XFG.10.4	XFG.10.4	24A	Homo sapiens	Fox et al	PZ298137	S:D614G,S:S371F,S:S373P,S:S375F,S:K417N,S:N440K,S:S477N,S:T478K,S:Q498R,S:H655Y,S:N679K,S:N764K,S:D796Y,S:N969K,S:P26-,S:D405N,S:R408S,S:T19I,S:L24-,S:P25-,S:A27S,S:G142D,S:T376A,S:G339H,S:G446S,S:N460K,S:Y144-,S:V21T,S:N50L,S:H69-,S:V70-,S:F157S,S:R158G,S:N211-,S:L212I,S:L216F,S:H245N,S:A264D,S:I332V,S:K356T,S:N450D,S:L452W,S:L455S,S:N481K,S:V483-,S:E484K,S:F486P,S:E554K,S:A570V,S:P621S,S:P681R,S:S939F,S:P1143L,S:V127F,S:R403K,S:F456L,S:R346T,S:T22N,S:Q493E,S:S31P,S:K182R,S:R190S,S:V445R,S:K444R,S:N487D,S:T572I,S:A435S	2026-03-20	2026.215	2026	29882	65	NA	38.916963	-98.891372
IGS-10285-CVDP-A57D9C70-9B42-48AD-84C3-5D79EA86439E	2026.04	Europe	Germany	NA	25C (XFG)	XFG.6.2.1	SC.1	24A	NA	?	NA	S:D614G,S:S371F,S:S373P,S:S375F,S:K417N,S:N440K,S:S477N,S:T478K,S:Q498R,S:H655Y,S:N679K,S:N764K,S:D796Y,S:N969K,S:P26-,S:D405N,S:R408S,S:T19I,S:L24-,S:P25-,S:A27S,S:G142D,S:T376A,S:G339H,S:G446S,S:N460K,S:Y144-,S:V21T,S:N50L,S:H69-,S:V70-,S:F157S,S:R158G,S:N211-,S:L212I,S:L216F,S:H245N,S:A264D,S:I332V,S:K356T,S:N450D,S:L452W,S:L455S,S:N481K,S:V483-,S:E484K,S:F486P,S:E554K,S:A570V,S:P621S,S:P681R,S:S939F,S:P1143L,S:V127F,S:R403K,S:F456L,S:R346T,S:T22N,S:Q493E,S:S31P,S:K182R,S:R190S,S:V445R,S:K444R,S:N487D,S:T572I,S:L441I,S:D253G	2026-01-15	2026.04	2026	29704	NA	F	51.1657	10.4515
USA/GKISBBBH59878/2025	2025.944	North America	USA	New York	25C (XFG)	XFG.9	XFG.9	24A	Homo sapiens	Rothstein et al	PX734310	S:D614G,S:S371F,S:S373P,S:S375F,S:K417N,S:N440K,S:S477N,S:T478K,S:Q498R,S:H655Y,S:N679K,S:N764K,S:D796Y,S:N969K,S:P26-,S:D405N,S:R408S,S:T19I,S:L24-,S:P25-,S:A27S,S:G142D,S:T376A,S:G339H,S:G446S,S:N460K,S:Y144-,S:V21T,S:N50L,S:H69-,S:V70-,S:F157S,S:R158G,S:N211-,S:L212I,S:L216F,S:H245N,S:A264D,S:I332V,S:K356T,S:N450D,S:L452W,S:L455S,S:N481K,S:V483-,S:E484K,S:F486P,S:E554K,S:A570V,S:P621S,S:P681R,S:S939F,S:P1143L,S:V127F,S:R403K,S:F456L,S:R346T,S:T22N,S:Q493E,S:S31P,S:K182R,S:R190S,S:V445R,S:K444R,S:N487D,S:T572I	2025-12-11	2025.944	2025	29770	51	M	38.916963	-98.891372
IGS-10285-CVDP-43A184F4-142A-4062-BA85-F8D37101002D	2025.922	Europe	Germany	NA	25C (XFG)	XFG.9.3	XFG.9.3	24A	NA	?	NA	S:D614G,S:S371F,S:S373P,S:S375F,S:K417N,S:N440K,S:S477N,S:T478K,S:Q498R,S:H655Y,S:N679K,S:N764K,S:D796Y,S:N969K,S:P26-,S:D405N,S:R408S,S:T19I,S:L24-,S:P25-,S:A27S,S:G142D,S:T376A,S:G446S,S:N460K,S:Y144-,S:V21T,S:N50L,S:H69-,S:V70-,S:F157S,S:R158G,S:N211-,S:L212I,S:L216F,S:H245N,S:A264D,S:I332V,S:K356T,S:N450D,S:L452W,S:L455S,S:N481K,S:V483-,S:E484K,S:F486P,S:E554K,S:A570V,S:P621S,S:P681R,S:S939F,S:P1143L,S:V127F,S:R403K,S:F456L,S:R346T,S:T22N,S:Q493E,S:S31P,S:K182R,S:R190S,S:V445R,S:K444R,S:N487D,S:T572I,S:G339Q	2025-12-03	2025.922	2025	29733	35	NA	51.1657	10.4515
OZ368866	2025.864	Europe	United Kingdom	England	25C (XFG)	XFG.9.1	XFG.9.1	24A	Homo sapiens	?	OZ368866	S:D614G,S:S371F,S:S373P,S:S375F,S:K417N,S:N440K,S:S477N,S:T478K,S:H655Y,S:N679K,S:N764K,S:D796Y,S:N969K,S:P26-,S:D405N,S:R408S,S:T19I,S:L24-,S:P25-,S:A27S,S:G142D,S:T376A,S:G339H,S:G446S,S:N460K,S:Y144-,S:V21T,S:N50L,S:H69-,S:V70-,S:F157S,S:R158G,S:N211-,S:L212I,S:L216F,S:H245N,S:A264D,S:I332V,S:K356T,S:N450D,S:L452W,S:L455S,S:N481K,S:V483-,S:E484K,S:F486P,S:E554K,S:A570V,S:P621S,S:P681R,S:S939F,S:P1143L,S:V127F,S:R403K,S:F456L,S:R346T,S:T22N,S:Q493E,S:S31P,S:K182R,S:R190S,S:V445R,S:K444R,S:N487D,S:T572I,S:A845S,S:P251T	2025-11-12	2025.864	2025	29900	6	NA	54.242833	-2.088739
IGS-10285-CVDP-CE3F8739-E45C-4CDC-A17C-7465CFAEF1E3	2025.862	Europe	Germany	NA	25C (XFG)	XFG.8.5	XFG.8.5	24A	NA	?	NA	S:D614G,S:S371F,S:S373P,S:S375F,S:K417N,S:N440K,S:S477N,S:T478K,S:Q498R,S:H655Y,S:N679K,S:N764K,S:D796Y,S:N969K,S:P26-,S:D405N,S:R408S,S:T19I,S:L24-,S:P25-,S:A27S,S:G142D,S:T376A,S:G339H,S:G446S,S:N460K,S:Y144-,S:V21T,S:N50L,S:H69-,S:V70-,S:F157S,S:R158G,S:N211-,S:L212I,S:L216F,S:H245N,S:A264D,S:I332V,S:K356T,S:N450D,S:L452W,S:L455S,S:N481K,S:V483-,S:E484K,S:F486P,S:E554K,S:A570V,S:P621S,S:P681R,S:S939F,S:P1143L,S:V127F,S:R403K,S:F456L,S:R346T,S:T22N,S:Q493E,S:S31P,S:K182R,S:R190S,S:V445R,S:K444R,S:N487D,S:T572I,S:R765L	2025-11-11	2025.862	2025	29675	18	NA	51.1657	10.4515
USA/CO-CDPHE-45626439/2025	2025.884	North America	USA	Colorado	25C (XFG)	XFG.2.5.1	XFG.2.5.1	24A	Homo sapiens	Matzinger et al	PX832062	S:D614G,S:S371F,S:S373P,S:S375F,S:N440K,S:S477N,S:T478K,S:Q498R,S:H655Y,S:N679K,S:N764K,S:D796Y,S:N969K,S:P26-,S:D405N,S:R408S,S:T19I,S:L24-,S:P25-,S:A27S,S:G142D,S:T376A,S:G339H,S:G446S,S:N460K,S:Y144-,S:V21T,S:N50L,S:H69-,S:V70-,S:F157S,S:R158G,S:N211-,S:L212I,S:L216F,S:H245N,S:A264D,S:I332V,S:K356T,S:N450D,S:L452W,S:L455S,S:N481K,S:V483-,S:E484K,S:F486P,S:E554K,S:A570V,S:P621S,S:P681R,S:S939F,S:P1143L,S:V127F,S:R403K,S:F456L,S:R346T,S:T22N,S:Q493E,S:S31P,S:K182R,S:R190S,S:V445R,S:K444R,S:N487D,S:T572I,S:L335F,S:K417T	2025-11-19	2025.884	2025	29695	66	M	38.916963	-98.891372
USA/MN-MDH-49835/2026	2026.1	North America	USA	Minnesota	25C (XFG)	XFG.2.5.1	XFG.2.5.1	24A	Homo sapiens	Garfin et al	PZ095262	S:D614G,S:S371F,S:S373P,S:S375F,S:N440K,S:S477N,S:T478K,S:Q498R,S:H655Y,S:N679K,S:N764K,S:D796Y,S:N969K,S:P26-,S:D405N,S:R408S,S:T19I,S:L24-,S:P25-,S:A27S,S:G142D,S:T376A,S:G339H,S:G446S,S:N460K,S:Y144-,S:V21T,S:N50L,S:H69-,S:V70-,S:F157S,S:R158G,S:N211-,S:L212I,S:L216F,S:H245N,S:A264D,S:I332V,S:K356T,S:N450D,S:L452W,S:L455S,S:N481K,S:V483-,S:E484K,S:F486P,S:E554K,S:A570V,S:P621S,S:P681R,S:S939F,S:P1143L,S:V127F,S:R403K,S:F456L,S:R346T,S:T22N,S:Q493E,S:S31P,S:K182R,S:R190S,S:V445R,S:K444R,S:N487D,S:T572I,S:L335F,S:K417T	2026-02-06	2026.1	2026	29788	55	NA	38.916963	-98.891372
USA/CO-CDPHE-45935859/2025	2025.996	North America	USA	Colorado	25C (XFG)	XFG.18.1	XFG.18.1	24A	Homo sapiens	Matzinger et al	PX952232	S:D614G,S:S371F,S:S373P,S:S375F,S:K417N,S:N440K,S:S477N,S:T478K,S:Q498R,S:H655Y,S:N679K,S:N764K,S:D796Y,S:N969K,S:P26-,S:D405N,S:R408S,S:T19I,S:L24-,S:P25-,S:A27S,S:G142D,S:T376A,S:G339H,S:G446S,S:N460K,S:Y144-,S:V21T,S:N50L,S:H69-,S:V70-,S:F157S,S:R158G,S:N211-,S:L212I,S:L216F,S:H245N,S:A264D,S:I332V,S:K356T,S:N450D,S:L452W,S:L455S,S:N481K,S:V483-,S:E484K,S:F486P,S:E554K,S:A570V,S:P621S,S:P681R,S:S939F,S:P1143L,S:V127F,S:R403K,S:F456L,S:R346T,S:T22N,S:Q493E,S:S31P,S:K182R,S:R190S,S:V445R,S:K444R,S:N487D,S:T572I,S:L335F,S:L922F,S:Q1180K	2025-12-30	2025.996	2025	29798	66	F	38.916963	-98.891372
USA/MN-MDH-50082/2026	2026.125	North America	USA	Minnesota	25C (XFG)	XFG.14.1	XFG.14.1	24A	Homo sapiens	Garfin et al	PZ148801	S:D614G,S:S371F,S:S373P,S:S375F,S:K417N,S:N440K,S:S477N,S:T478K,S:Q498R,S:H655Y,S:N679K,S:N764K,S:D796Y,S:N969K,S:P26-,S:D405N,S:R408S,S:T19I,S:L24-,S:P25-,S:A27S,S:G142D,S:T376A,S:G339H,S:G446S,S:N460K,S:Y144-,S:V21T,S:N50L,S:H69-,S:V70-,S:F157S,S:R158G,S:N211-,S:L212I,S:L216F,S:H245N,S:A264D,S:I332V,S:K356T,S:N450D,S:L452W,S:L455S,S:N481K,S:V483-,S:E484K,S:F486P,S:E554K,S:A570V,S:P621S,S:P681R,S:S939F,S:P1143L,S:V127F,S:R403K,S:F456L,S:R346T,S:T22N,S:Q493E,S:S31P,S:K182R,S:R190S,S:V445R,S:K444R,S:N487D,S:T572I,S:K529T,S:V1264L,S:T604I,S:T345S	2026-02-15	2026.125	2026	29769	21	NA	38.916963	-98.891372
USA/IL-RIPHL_22961_G/2026	2026.059	North America	USA	Illinois	25C (XFG)	XFG.14.1	XFG.14.1	24A	Homo sapiens	Green et al	PZ155243	S:D614G,S:S371F,S:S373P,S:S375F,S:K417N,S:N440K,S:S477N,S:T478K,S:Q498R,S:H655Y,S:N679K,S:N764K,S:D796Y,S:N969K,S:P26-,S:D405N,S:R408S,S:T19I,S:L24-,S:P25-,S:A27S,S:G142D,S:T376A,S:G339H,S:G446S,S:N460K,S:Y144-,S:V21T,S:N50L,S:H69-,S:V70-,S:F157S,S:R158G,S:N211-,S:L212I,S:L216F,S:H245N,S:A264D,S:I332V,S:K356T,S:N450D,S:L452W,S:L455S,S:N481K,S:V483-,S:E484K,S:F486P,S:E554K,S:A570V,S:P621S,S:P681R,S:S939F,S:P1143L,S:V127F,S:R403K,S:F456L,S:R346T,S:T22N,S:Q493E,S:S31P,S:K182R,S:R190S,S:V445R,S:K444R,S:N487D,S:T572I,S:K529T,S:V1264L,S:T604I	2026-01-22	2026.059	2026	29626	42	M	38.916963	-98.891372
BRA/ITpS_Elz_001HH_001/2026	2026.012	South America	Brazil	São Paulo	25C (XFG)	XFG.14.1.1	XFG.14.1.1	24A	Homo sapiens	Silva et al	PZ044419	S:D614G,S:S371F,S:S373P,S:S375F,S:K417N,S:N440K,S:S477N,S:T478K,S:Q498R,S:H655Y,S:N679K,S:N764K,S:D796Y,S:N969K,S:P26-,S:D405N,S:R408S,S:T19I,S:L24-,S:P25-,S:A27S,S:G142D,S:T376A,S:G339H,S:G446S,S:N460K,S:Y144-,S:V21T,S:N50L,S:H69-,S:V70-,S:F157S,S:R158G,S:N211-,S:L212I,S:L216F,S:H245N,S:A264D,S:I332V,S:K356T,S:N450D,S:L452W,S:L455S,S:N481K,S:V483-,S:E484K,S:F486P,S:E554K,S:A570V,S:P621S,S:P681R,S:S939F,S:P1143L,S:V127F,S:R403K,S:F456L,S:R346T,S:T22N,S:Q493E,S:S31P,S:K182R,S:R190S,S:V445R,S:K444R,S:N487D,S:T572I,S:K529T,S:V1264L,S:T604I,S:S680F	2026-01-05	2026.012	2026	29688	34	NA	-10.3333332	-53.1999999
IGS-10285-CVDP-12EF7669-0CCE-410B-8AE1-C4B4D6644912	2025.977	Europe	Germany	NA	25C (XFG)	XFG.14.1	XFG.14.1	24A	NA	?	NA	S:D614G,S:S371F,S:S373P,S:S375F,S:K417N,S:N440K,S:S477N,S:T478K,S:Q498R,S:H655Y,S:N679K,S:N764K,S:D796Y,S:N969K,S:P26-,S:D405N,S:R408S,S:T19I,S:L24-,S:P25-,S:A27S,S:G142D,S:T376A,S:G339H,S:G446S,S:N460K,S:Y144-,S:V21T,S:N50L,S:H69-,S:V70-,S:F157S,S:R158G,S:N211-,S:L212I,S:L216F,S:H245N,S:A264D,S:I332V,S:K356T,S:N450D,S:L452W,S:L455S,S:N481K,S:V483-,S:E484K,S:F486P,S:E554K,S:A570V,S:P621S,S:P681R,S:S939F,S:P1143L,S:V127F,S:R403K,S:F456L,S:R346T,S:T22N,S:Q493E,S:S31P,S:K182R,S:R190S,S:V445R,S:K444R,S:N487D,S:T572I,S:K529T,S:V1264L,S:T604I	2025-12-23	2025.977	2025	29811	33	M	51.1657	10.4515
IGS-10285-CVDP-FD896702-328F-4924-B5F2-1A0D5469DE10	2026.092	Europe	Germany	NA	25C (XFG)	XFG.3.1.5	XFG.3.1	24A	NA	?	NA	S:D614G,S:S371F,S:S373P,S:S375F,S:K417N,S:N440K,S:S477N,S:T478K,S:Q498R,S:H655Y,S:N679K,S:N764K,S:D796Y,S:N969K,S:P26-,S:D405N,S:R408S,S:T19I,S:L24-,S:P25-,S:A27S,S:G142D,S:T376A,S:G339H,S:G446S,S:N460K,S:Y144-,S:V21T,S:N50L,S:H69-,S:V70-,S:F157S,S:R158G,S:N211-,S:L212I,S:L216F,S:H245N,S:A264D,S:I332V,S:K356T,S:N450D,S:L452W,S:L455S,S:N481K,S:V483-,S:E484K,S:F486P,S:E554K,S:A570V,S:P621S,S:P681R,S:S939F,S:P1143L,S:V127F,S:R403K,S:F456L,S:R346T,S:T22N,S:Q493E,S:S31P,S:K182R,S:R190S,S:V445R,S:K444R,S:N487D,S:T572I,S:D1084G	2026-02-03	2026.092	2026	29650	NA	M	51.1657	10.4515
IGS-10285-CVDP-25B8BEF2-FF09-485F-8B0C-1F42148EA033	2026.01	Europe	Germany	NA	25C (XFG)	XGJ	XGJ	24A	NA	?	NA	S:D614G,S:S371F,S:S373P,S:S375F,S:K417N,S:N440K,S:S477N,S:T478K,S:Q498R,S:H655Y,S:N764K,S:D796Y,S:N969K,S:P26-,S:D405N,S:R408S,S:T19I,S:L24-,S:P25-,S:A27S,S:G142D,S:T376A,S:G339H,S:G446S,S:N460K,S:Y144-,S:V21T,S:N50L,S:H69-,S:V70-,S:F157S,S:R158G,S:N211-,S:L212I,S:L216F,S:H245N,S:A264D,S:I332V,S:K356T,S:N450D,S:L452W,S:L455S,S:N481K,S:V483-,S:E484K,S:F486P,S:E554K,S:A570V,S:P621S,S:P681R,S:S939F,S:P1143L,S:V127F,S:R403K,S:F456L,S:R346T,S:T22N,S:Q493E,S:S31P,S:K182R,S:R190S,S:V445R,S:K444R,S:N487D,S:T572I,S:G219S,S:N679R	2026-01-04	2026.01	2026	29636	70	NA	51.1657	10.4515
USA/MN-MDH-49872/2026	2026.127	North America	USA	Minnesota	25C (XFG)	XFG.17.2.1	XFG.17.2.1	24A	Homo sapiens	Garfin et al	PZ095299	S:D614G,S:S371F,S:S373P,S:S375F,S:K417N,S:N440K,S:S477N,S:T478K,S:Q498R,S:H655Y,S:N764K,S:D796Y,S:N969K,S:P26-,S:D405N,S:R408S,S:T19I,S:L24-,S:P25-,S:A27S,S:G142D,S:T376A,S:G339H,S:G446S,S:N460K,S:Y144-,S:V21T,S:N50L,S:H69-,S:V70-,S:F157S,S:R158G,S:N211-,S:L212I,S:L216F,S:H245N,S:A264D,S:I332V,S:K356T,S:N450D,S:L452W,S:L455S,S:N481K,S:V483-,S:E484K,S:F486P,S:E554K,S:A570V,S:P621S,S:P681R,S:S939F,S:P1143L,S:V127F,S:R403K,S:F456L,S:R346T,S:T22N,S:Q493E,S:S31P,S:K182R,S:R190S,S:V445R,S:K444R,S:N487D,S:T572I,S:N679R,S:G219S	2026-02-16	2026.127	2026	29846	19	NA	38.916963	-98.891372
OZ375503	2025.875	Europe	United Kingdom	Scotland	25C (XFG)	XFG.3.12.1	XFG.3.12.1	24A	Homo sapiens	?	OZ375503	S:D614G,S:S371F,S:S373P,S:S375F,S:K417N,S:N440K,S:S477N,S:T478K,S:Q498R,S:H655Y,S:N679K,S:N764K,S:D796Y,S:N969K,S:P26-,S:D405N,S:R408S,S:T19I,S:L24-,S:P25-,S:A27S,S:G142D,S:G339H,S:G446S,S:N460K,S:Y144-,S:V21T,S:N50L,S:H69-,S:V70-,S:F157S,S:R158G,S:N211-,S:L212I,S:L216F,S:H245N,S:A264D,S:I332V,S:K356T,S:N450D,S:L452W,S:L455S,S:N481K,S:V483-,S:E484K,S:F486P,S:E554K,S:A570V,S:P621S,S:P681R,S:S939F,S:P1143L,S:V127F,S:R403K,S:F456L,S:R346T,S:T22N,S:Q493E,S:S31P,S:K182R,S:R190S,S:V445R,S:K444R,S:N487D,S:T572I,S:T376S,S:K1245N	2025-11-16	2025.875	2025	29715	NA	M	54.242833	-2.088739
IGS-10285-CVDP-D91AC4C7-7341-405D-B14E-3FC2439D7B20	2025.851	Europe	Germany	NA	25C (XFG)	XFG.3.33	XFG.3.33	24A	NA	?	NA	S:D614G,S:S371F,S:S373P,S:S375F,S:K417N,S:N440K,S:S477N,S:T478K,S:Q498R,S:H655Y,S:N679K,S:N764K,S:D796Y,S:N969K,S:P26-,S:D405N,S:R408S,S:T19I,S:L24-,S:P25-,S:A27S,S:G142D,S:T376A,S:G339H,S:G446S,S:N460K,S:Y144-,S:V21T,S:N50L,S:H69-,S:V70-,S:F157S,S:R158G,S:N211-,S:L212I,S:L216F,S:H245N,S:A264D,S:I332V,S:K356T,S:N450D,S:L452W,S:L455S,S:N481K,S:V483-,S:E484K,S:F486P,S:E554K,S:A570V,S:P621S,S:P681R,S:S939F,S:P1143L,S:V127F,S:R403K,S:F456L,S:R346T,S:T22N,S:Q493E,S:S31P,S:K182R,S:R190S,S:V445R,S:K444R,S:N487D,S:T572I	2025-11-07	2025.851	2025	29691	37	NA	51.1657	10.4515
USA/RISHL26COV016/2025	2025.862	North America	USA	Rhode Island	25C (XFG)	XFV	XFV	24A	Homo sapiens	Carpenter-Azevedo et al	PZ105867	S:D614G,S:S371F,S:S373P,S:S375F,S:K417N,S:N440K,S:S477N,S:T478K,S:Q498R,S:H655Y,S:N679K,S:N764K,S:D796Y,S:N969K,S:P26-,S:D405N,S:R408S,S:T19I,S:L24-,S:P25-,S:A27S,S:G142D,S:T376A,S:G339H,S:G446S,S:N460K,S:Y144-,S:V21T,S:N50L,S:H69-,S:V70-,S:F157S,S:R158G,S:N211-,S:L212I,S:L216F,S:H245N,S:A264D,S:I332V,S:K356T,S:N450D,S:L452W,S:L455S,S:N481K,S:V483-,S:E484K,S:F486P,S:E554K,S:A570V,S:P621S,S:P681R,S:S939F,S:P1143L,S:V127F,S:R403K,S:F456L,S:R346T,S:T22N,S:Q493E,S:S31P,S:K182R,S:R190S,S:V445R,S:K444R,S:N487D,S:T572I,S:S680F	2025-11-11	2025.862	2025	29672	30	F	38.916963	-98.891372
BRA/ITpS_1uj_001KZ_001/2026	2026.174	South America	Brazil	São Paulo	25C (XFG)	QT.3	QT.3	24A	Homo sapiens	Fatima et al	PZ279751	S:D614G,S:S371F,S:S373P,S:S375F,S:K417N,S:N440K,S:S477N,S:T478K,S:Q498R,S:H655Y,S:N764K,S:D796Y,S:N969K,S:P26-,S:D405N,S:R408S,S:T19I,S:L24-,S:P25-,S:G142D,S:T376A,S:G339H,S:G446S,S:N460K,S:Y144-,S:V21T,S:N50L,S:H69-,S:V70-,S:F157S,S:R158G,S:N211-,S:L212I,S:L216F,S:H245N,S:A264D,S:I332V,S:K356T,S:N450D,S:L452W,S:L455S,S:N481K,S:V483-,S:E484K,S:F486P,S:E554K,S:A570V,S:P621S,S:P681R,S:S939F,S:P1143L,S:V127F,S:R403K,S:F456L,S:R346T,S:T22N,S:Q493E,S:S31P,S:K182R,S:R190S,S:V445R,S:K444R,S:N487D,S:T572I,S:N679R	2026-03-05	2026.174	2026	29672	46	NA	-10.3333332	-53.1999999
USA/MD-MDH-12684/2026	2026.034	North America	USA	Maryland	25C (XFG)	XFG.3.4	QS.3	24A	Homo sapiens	Stegman et al	PX945522	S:D614G,S:S371F,S:S373P,S:S375F,S:K417N,S:N440K,S:S477N,S:T478K,S:Q498R,S:H655Y,S:N679K,S:N764K,S:D796Y,S:N969K,S:P26-,S:D405N,S:R408S,S:T19I,S:L24-,S:P25-,S:A27S,S:G142D,S:T376A,S:G339H,S:G446S,S:N460K,S:Y144-,S:V21T,S:N50L,S:H69-,S:V70-,S:F157S,S:R158G,S:N211-,S:L212I,S:L216F,S:H245N,S:A264D,S:I332V,S:K356T,S:N450D,S:L452W,S:L455S,S:N481K,S:V483-,S:E484K,S:F486P,S:E554K,S:A570V,S:P621S,S:P681R,S:S939F,S:P1143L,S:V127F,S:F456L,S:R346T,S:T22N,S:Q493E,S:S31P,S:K182R,S:R190S,S:V445R,S:K444R,S:N487D,S:T572I	2026-01-13	2026.034	2026	29850	55	NA	38.916963	-98.891372
USA/MN-MDH-48593/2025	2025.886	North America	USA	Minnesota	25C (XFG)	QF.3	QF.3	24A	Homo sapiens	Garfin et al	PX673555	S:D614G,S:S371F,S:S373P,S:S375F,S:K417N,S:N440K,S:S477N,S:T478K,S:Q498R,S:H655Y,S:N679K,S:N764K,S:D796Y,S:N969K,S:P26-,S:D405N,S:R408S,S:T19I,S:L24-,S:P25-,S:A27S,S:G142D,S:T376A,S:G339H,S:G446S,S:N460K,S:Y144-,S:V21T,S:N50L,S:H69-,S:V70-,S:F157S,S:R158G,S:N211-,S:L212I,S:L216F,S:H245N,S:A264D,S:I332V,S:K356T,S:N450D,S:L452W,S:L455S,S:N481K,S:V483-,S:E484K,S:F486P,S:E554K,S:A570V,S:P621S,S:P681R,S:S939F,S:P1143L,S:V127F,S:R403K,S:F456L,S:R346T,S:T22N,S:Q493E,S:S31P,S:K182R,S:R190S,S:V445R,S:K444R,S:N487D,S:T572I,S:S680P	2025-11-20	2025.886	2025	29621	NA	F	38.916963	-98.891372
IRL/GIRL00080770/2025	2025.848	Europe	Ireland	Dublin	25C (XFG)	QF.4	QF.4	24A	Homo sapiens	Fahey et al	PX634597	S:D614G,S:S371F,S:S373P,S:S375F,S:K417N,S:N440K,S:S477N,S:T478K,S:Q498R,S:H655Y,S:N679K,S:N764K,S:D796Y,S:N969K,S:P26-,S:D405N,S:R408S,S:T19I,S:L24-,S:P25-,S:A27S,S:G142D,S:T376A,S:G339H,S:G446S,S:N460K,S:Y144-,S:V21T,S:N50L,S:H69-,S:V70-,S:F157S,S:R158G,S:N211-,S:L212I,S:L216F,S:H245N,S:A264D,S:I332V,S:K356T,S:N450D,S:L452W,S:L455S,S:N481K,S:V483-,S:E484K,S:F486P,S:E554K,S:A570V,S:P621S,S:P681R,S:S939F,S:P1143L,S:V127F,S:R403K,S:F456L,S:R346T,S:T22N,S:Q493E,S:S31P,S:K182R,S:R190S,S:V445R,S:K444R,S:N487D,S:T572I,S:S680P	2025-11-06	2025.848	2025	29775	54	NA	52.865	-7.979
IGS-10285-CVDP-4FDFEE00-2257-4AB1-B13C-41190BE3FEF7	2026.056	Europe	Germany	NA	25C (XFG)	XFG.3.4.1	XFG.3.4.1	24A	NA	?	NA	S:D614G,S:S371F,S:S373P,S:S375F,S:K417N,S:N440K,S:S477N,S:T478K,S:Q498R,S:H655Y,S:N679K,S:N764K,S:D796Y,S:N969K,S:P26-,S:D405N,S:R408S,S:T19I,S:L24-,S:P25-,S:A27S,S:G142D,S:T376A,S:G339H,S:G446S,S:N460K,S:Y144-,S:V21T,S:N50L,S:H69-,S:V70-,S:F157S,S:R158G,S:N211-,S:L212I,S:L216F,S:H245N,S:A264D,S:I332V,S:K356T,S:N450D,S:L452W,S:L455S,S:N481K,S:V483-,S:E484K,S:F486P,S:E554K,S:A570V,S:P621S,S:P681R,S:S939F,S:P1143L,S:V127F,S:R403K,S:F456L,S:R346T,S:T22N,S:Q493E,S:S31P,S:K182R,S:R190S,S:V445R,S:K444R,S:N487D,S:T572I,S:S680P	2026-01-21	2026.056	2026	29799	NA	F	51.1657	10.4515
USA/2025CV00001/2025	2025.988	North America	USA	Arizona	25C (XFG)	XFG.3.4.1	XFG.3.4.1	24A	Homo sapiens	Zidek et al	PX873012	S:D614G,S:S371F,S:S373P,S:S375F,S:K417N,S:N440K,S:S477N,S:T478K,S:Q498R,S:H655Y,S:N679K,S:N764K,S:D796Y,S:N969K,S:P26-,S:D405N,S:R408S,S:T19I,S:L24-,S:P25-,S:A27S,S:G142D,S:T376A,S:G339H,S:G446S,S:N460K,S:Y144-,S:V21T,S:N50L,S:H69-,S:V70-,S:F157S,S:R158G,S:N211-,S:L212I,S:L216F,S:H245N,S:A264D,S:I332V,S:K356T,S:N450D,S:L452W,S:L455S,S:N481K,S:V483-,S:E484K,S:F486P,S:E554K,S:A570V,S:P621S,S:P681R,S:S939F,S:P1143L,S:V127F,S:R403K,S:F456L,S:R346T,S:T22N,S:Q493E,S:S31P,S:K182R,S:R190S,S:V445R,S:K444R,S:N487D,S:T572I,S:S680P	2025-12-27	2025.988	2025	29623	NA	F	38.916963	-98.891372
OZ372103	2025.862	Europe	United Kingdom	England	25C (XFG)	XFG.3.4.1	XFG.3.4.1	24A	Homo sapiens	?	OZ372103	S:D614G,S:S371F,S:S373P,S:S375F,S:K417N,S:N440K,S:S477N,S:T478K,S:Q498R,S:H655Y,S:N679K,S:N764K,S:D796Y,S:N969K,S:P26-,S:D405N,S:R408S,S:T19I,S:L24-,S:P25-,S:A27S,S:G142D,S:T376A,S:G339H,S:G446S,S:N460K,S:Y144-,S:V21T,S:N50L,S:H69-,S:V70-,S:F157S,S:R158G,S:N211-,S:L212I,S:L216F,S:H245N,S:A264D,S:I332V,S:K356T,S:N450D,S:L452W,S:L455S,S:N481K,S:V483-,S:E484K,S:F486P,S:E554K,S:A570V,S:P621S,S:P681R,S:S939F,S:P1143L,S:V127F,S:R403K,S:F456L,S:R346T,S:T22N,S:Q493E,S:S31P,S:K182R,S:R190S,S:V445R,S:K444R,S:N487D,S:T572I,S:S680P	2025-11-11	2025.862	2025	29750	NA	NA	54.242833	-2.088739
IGS-10285-CVDP-4E053D3B-3AC2-49CE-AF7A-1B99E998714D	2026.062	Europe	Germany	NA	25C (XFG)	XFG.3.4.1	XFG.3.4.1	24A	NA	?	NA	S:D614G,S:S371F,S:S373P,S:S375F,S:K417N,S:N440K,S:S477N,S:T478K,S:Q498R,S:H655Y,S:N679K,S:N764K,S:D796Y,S:N969K,S:P26-,S:D405N,S:R408S,S:T19I,S:L24-,S:P25-,S:A27S,S:G142D,S:T376A,S:G339H,S:G446S,S:N460K,S:Y144-,S:V21T,S:N50L,S:H69-,S:V70-,S:F157S,S:R158G,S:N211-,S:L212I,S:L216F,S:H245N,S:A264D,S:I332V,S:K356T,S:N450D,S:L452W,S:L455S,S:N481K,S:V483-,S:E484K,S:F486P,S:E554K,S:A570V,S:P621S,S:P681R,S:S939F,S:P1143L,S:V127F,S:R403K,S:F456L,S:R346T,S:T22N,S:Q493E,S:S31P,S:K182R,S:R190S,S:V445R,S:K444R,S:N487D,S:T572I,S:S680P	2026-01-23	2026.062	2026	29782	34	NA	51.1657	10.4515
OZ389883	2025.919	Europe	United Kingdom	Scotland	25C (XFG)	QF.5	QF.5	24A	Homo sapiens	?	OZ389883	S:D614G,S:S371F,S:S373P,S:S375F,S:K417N,S:N440K,S:S477N,S:T478K,S:Q498R,S:H655Y,S:N679K,S:N764K,S:D796Y,S:N969K,S:P26-,S:D405N,S:R408S,S:T19I,S:L24-,S:P25-,S:A27S,S:G142D,S:T376A,S:G339H,S:G446S,S:N460K,S:Y144-,S:V21T,S:N50L,S:H69-,S:V70-,S:F157S,S:R158G,S:N211-,S:L212I,S:L216F,S:H245N,S:A264D,S:I332V,S:K356T,S:N450D,S:L452W,S:L455S,S:N481K,S:V483-,S:E484K,S:F486P,S:E554K,S:A570V,S:P621S,S:P681R,S:S939F,S:P1143L,S:V127F,S:R403K,S:F456L,S:R346T,S:T22N,S:Q493E,S:S31P,S:K182R,S:R190S,S:V445R,S:K444R,S:N487D,S:T572I,S:S680P	2025-12-02	2025.919	2025	29829	50	NA	54.242833	-2.088739
BRA/ITpS_XV6_001JP_001/2026	2026.136	South America	Brazil	São Paulo	25C (XFG)	QF.2	QF.2	24A	Homo sapiens	Silva et al	PZ155516	S:D614G,S:S371F,S:S373P,S:S375F,S:K417N,S:N440K,S:S477N,S:T478K,S:Q498R,S:H655Y,S:N679K,S:N764K,S:D796Y,S:N969K,S:D405N,S:R408S,S:T19I,S:L24-,S:P25-,S:G142D,S:T376A,S:G339H,S:G446S,S:N460K,S:Y144-,S:V21T,S:N50L,S:H69-,S:V70-,S:F157S,S:R158G,S:N211-,S:L212I,S:L216F,S:H245N,S:I332V,S:K356T,S:N450D,S:L452W,S:L455S,S:N481K,S:V483-,S:E484K,S:F486P,S:E554K,S:A570V,S:P621S,S:P681R,S:S939F,S:P1143L,S:V127F,S:R403K,S:F456L,S:R346T,S:T22N,S:Q493E,S:S31P,S:K182R,S:R190S,S:V445R,S:K444R,S:N487D,S:T572I,S:S680P	2026-02-19	2026.136	2026	29767	49	F	-10.3333332	-53.1999999
BRA/ITpS_xxP_001II_001/2026	2026.136	South America	Brazil	São Paulo	25C (XFG)	QF.2.2.1	QF.2.2.1	24A	Homo sapiens	Silva et al	PZ155447	S:D614G,S:S371F,S:S373P,S:S375F,S:K417N,S:N440K,S:S477N,S:T478K,S:Q498R,S:H655Y,S:N679K,S:N764K,S:D796Y,S:N969K,S:P26-,S:D405N,S:R408S,S:T19I,S:L24-,S:P25-,S:A27S,S:G142D,S:T376A,S:G339H,S:G446S,S:N460K,S:Y144-,S:V21T,S:N50L,S:H69-,S:V70-,S:F157S,S:R158G,S:N211-,S:L212I,S:L216F,S:H245N,S:A264D,S:I332V,S:K356T,S:N450D,S:L452W,S:L455S,S:N481K,S:V483-,S:E484K,S:F486P,S:E554K,S:A570V,S:P621S,S:P681R,S:S939F,S:P1143L,S:V127F,S:R403K,S:F456L,S:R346T,S:T22N,S:Q493E,S:S31P,S:K182R,S:R190S,S:V445R,S:K444R,S:N487D,S:T572I,S:S680P,S:I326V	2026-02-19	2026.136	2026	29805	33	M	-10.3333332	-53.1999999
