strain,mutation
AUS/VIC-VIDRL-00001820/2022,S:A27S
AUS/VIC-VIDRL-00001820/2022,S:D1199N
AUS/VIC-VIDRL-00001820/2022,S:D405N
AUS/VIC-VIDRL-00001820/2022,S:D614G
AUS/VIC-VIDRL-00001820/2022,S:D796Y
AUS/VIC-VIDRL-00001820/2022,S:E484A
AUS/VIC-VIDRL-00001820/2022,S:F157L
AUS/VIC-VIDRL-00001820/2022,S:F486S
AUS/VIC-VIDRL-00001820/2022,S:G142D
AUS/VIC-VIDRL-00001820/2022,S:G257S
AUS/VIC-VIDRL-00001820/2022,S:G339H
AUS/VIC-VIDRL-00001820/2022,S:G446S
AUS/VIC-VIDRL-00001820/2022,S:H655Y
AUS/VIC-VIDRL-00001820/2022,S:I210V
AUS/VIC-VIDRL-00001820/2022,S:K147E
AUS/VIC-VIDRL-00001820/2022,S:K417N
AUS/VIC-VIDRL-00001820/2022,S:L24-
AUS/VIC-VIDRL-00001820/2022,S:N440K
AUS/VIC-VIDRL-00001820/2022,S:N460K
AUS/VIC-VIDRL-00001820/2022,S:N501Y
AUS/VIC-VIDRL-00001820/2022,S:N679K
AUS/VIC-VIDRL-00001820/2022,S:N764K
AUS/VIC-VIDRL-00001820/2022,S:N969K
AUS/VIC-VIDRL-00001820/2022,S:P25-
AUS/VIC-VIDRL-00001820/2022,S:P26-
AUS/VIC-VIDRL-00001820/2022,S:P681H
AUS/VIC-VIDRL-00001820/2022,S:Q498R
AUS/VIC-VIDRL-00001820/2022,S:R346T
AUS/VIC-VIDRL-00001820/2022,S:R408S
AUS/VIC-VIDRL-00001820/2022,S:S371F
AUS/VIC-VIDRL-00001820/2022,S:S373P
AUS/VIC-VIDRL-00001820/2022,S:S375F
AUS/VIC-VIDRL-00001820/2022,S:S477N
AUS/VIC-VIDRL-00001820/2022,S:T19I
AUS/VIC-VIDRL-00001820/2022,S:T376A
AUS/VIC-VIDRL-00001820/2022,S:T478K
AUS/VIC-VIDRL-00001820/2022,S:V213G
AUS/VIC-VIDRL-00001820/2022,S:W152R
AUS/VIC-VIDRL-00001820/2022,S:Y505H
AUS/VIC2065/2020,S:D614G
AUS/VIC2065/2020,S:N501Y
AUS/VIC9592/2020,S:D614G
AUS/VIC9592/2020,S:S477N
AUT/SKV-185/2021,S:A570D
AUT/SKV-185/2021,S:D1118H
AUT/SKV-185/2021,S:D614G
AUT/SKV-185/2021,S:H69-
AUT/SKV-185/2021,S:N501Y
AUT/SKV-185/2021,S:P681H
AUT/SKV-185/2021,S:S155G
AUT/SKV-185/2021,S:S982A
AUT/SKV-185/2021,S:T716I
AUT/SKV-185/2021,S:V70-
AUT/SKV-185/2021,S:Y144-
AUT/SKV-232/2021,S:D614G
AUT/SKV-232/2021,S:D95T
AUT/SKV-232/2021,S:E156-
AUT/SKV-232/2021,S:F157-
AUT/SKV-232/2021,S:G142D
AUT/SKV-232/2021,S:L452R
AUT/SKV-232/2021,S:P681R
AUT/SKV-232/2021,S:R158G
AUT/SKV-232/2021,S:T19R
AUT/SKV-232/2021,S:T478K
BGD/BCSIR_NILMRC_021/2020,S:D614G
BGD/BCSIR_NILMRC_021/2020,S:F140-
BGD/BD_B_220613_41/2022,S:A27S
BGD/BD_B_220613_41/2022,S:D405N
BGD/BD_B_220613_41/2022,S:D614G
BGD/BD_B_220613_41/2022,S:D796Y
BGD/BD_B_220613_41/2022,S:E484A
BGD/BD_B_220613_41/2022,S:F486V
BGD/BD_B_220613_41/2022,S:G142D
BGD/BD_B_220613_41/2022,S:G339D
BGD/BD_B_220613_41/2022,S:H655Y
BGD/BD_B_220613_41/2022,S:H69-
BGD/BD_B_220613_41/2022,S:K417N
BGD/BD_B_220613_41/2022,S:L24-
BGD/BD_B_220613_41/2022,S:L452R
BGD/BD_B_220613_41/2022,S:N440K
BGD/BD_B_220613_41/2022,S:N501Y
BGD/BD_B_220613_41/2022,S:N679K
BGD/BD_B_220613_41/2022,S:N764K
BGD/BD_B_220613_41/2022,S:N969K
BGD/BD_B_220613_41/2022,S:P25-
BGD/BD_B_220613_41/2022,S:P26-
BGD/BD_B_220613_41/2022,S:P681H
BGD/BD_B_220613_41/2022,S:Q498R
BGD/BD_B_220613_41/2022,S:R408S
BGD/BD_B_220613_41/2022,S:S371F
BGD/BD_B_220613_41/2022,S:S373P
BGD/BD_B_220613_41/2022,S:S375F
BGD/BD_B_220613_41/2022,S:S477N
BGD/BD_B_220613_41/2022,S:T19I
BGD/BD_B_220613_41/2022,S:T376A
BGD/BD_B_220613_41/2022,S:T478K
BGD/BD_B_220613_41/2022,S:V213G
BGD/BD_B_220613_41/2022,S:V70-
BGD/BD_B_220613_41/2022,S:Y505H
BGD/Laila_416/2021,S:D614G
BGD/Laila_416/2021,S:E156-
BGD/Laila_416/2021,S:F157-
BGD/Laila_416/2021,S:L452R
BGD/Laila_416/2021,S:P681R
BGD/Laila_416/2021,S:R158G
BGD/Laila_416/2021,S:T1117I
BGD/Laila_416/2021,S:T19R
BGD/Laila_416/2021,S:T478K
BGD/Laila_514/2021,S:D614G
BGD/Laila_514/2021,S:E156-
BGD/Laila_514/2021,S:F157-
BGD/Laila_514/2021,S:G181V
BGD/Laila_514/2021,S:L452R
BGD/Laila_514/2021,S:P681R
BGD/Laila_514/2021,S:R158G
BGD/Laila_514/2021,S:T19R
BGD/Laila_514/2021,S:T478K
BGD/SIRS_EPI_ISL_16528802/2023,S:A27S
BGD/SIRS_EPI_ISL_16528802/2023,S:D405N
BGD/SIRS_EPI_ISL_16528802/2023,S:D614G
BGD/SIRS_EPI_ISL_16528802/2023,S:D796Y
BGD/SIRS_EPI_ISL_16528802/2023,S:E484A
BGD/SIRS_EPI_ISL_16528802/2023,S:F486P
BGD/SIRS_EPI_ISL_16528802/2023,S:F490S
BGD/SIRS_EPI_ISL_16528802/2023,S:G142D
BGD/SIRS_EPI_ISL_16528802/2023,S:G252V
BGD/SIRS_EPI_ISL_16528802/2023,S:G339H
BGD/SIRS_EPI_ISL_16528802/2023,S:G446S
BGD/SIRS_EPI_ISL_16528802/2023,S:H146Q
BGD/SIRS_EPI_ISL_16528802/2023,S:H655Y
BGD/SIRS_EPI_ISL_16528802/2023,S:K417N
BGD/SIRS_EPI_ISL_16528802/2023,S:L24-
BGD/SIRS_EPI_ISL_16528802/2023,S:L368I
BGD/SIRS_EPI_ISL_16528802/2023,S:N440K
BGD/SIRS_EPI_ISL_16528802/2023,S:N460K
BGD/SIRS_EPI_ISL_16528802/2023,S:N501Y
BGD/SIRS_EPI_ISL_16528802/2023,S:N679K
BGD/SIRS_EPI_ISL_16528802/2023,S:N764K
BGD/SIRS_EPI_ISL_16528802/2023,S:N969K
BGD/SIRS_EPI_ISL_16528802/2023,S:P25-
BGD/SIRS_EPI_ISL_16528802/2023,S:P26-
BGD/SIRS_EPI_ISL_16528802/2023,S:P681H
BGD/SIRS_EPI_ISL_16528802/2023,S:Q183E
BGD/SIRS_EPI_ISL_16528802/2023,S:Q498R
BGD/SIRS_EPI_ISL_16528802/2023,S:R346T
BGD/SIRS_EPI_ISL_16528802/2023,S:R408S
BGD/SIRS_EPI_ISL_16528802/2023,S:S371F
BGD/SIRS_EPI_ISL_16528802/2023,S:S373P
BGD/SIRS_EPI_ISL_16528802/2023,S:S375F
BGD/SIRS_EPI_ISL_16528802/2023,S:S477N
BGD/SIRS_EPI_ISL_16528802/2023,S:T19I
BGD/SIRS_EPI_ISL_16528802/2023,S:T376A
BGD/SIRS_EPI_ISL_16528802/2023,S:T478K
BGD/SIRS_EPI_ISL_16528802/2023,S:V213E
BGD/SIRS_EPI_ISL_16528802/2023,S:V445P
BGD/SIRS_EPI_ISL_16528802/2023,S:V83A
BGD/SIRS_EPI_ISL_16528802/2023,S:Y144-
BGD/SIRS_EPI_ISL_16528802/2023,S:Y505H
BGR/226-Day10/2023,S:A27S
BGR/226-Day10/2023,S:D253G
BGR/226-Day10/2023,S:D405N
BGR/226-Day10/2023,S:D614G
BGR/226-Day10/2023,S:D796Y
BGR/226-Day10/2023,S:E484A
BGR/226-Day10/2023,S:F486P
BGR/226-Day10/2023,S:F490S
BGR/226-Day10/2023,S:G142D
BGR/226-Day10/2023,S:G339H
BGR/226-Day10/2023,S:G446S
BGR/226-Day10/2023,S:H146Q
BGR/226-Day10/2023,S:H655Y
BGR/226-Day10/2023,S:K182N
BGR/226-Day10/2023,S:K417N
BGR/226-Day10/2023,S:L24-
BGR/226-Day10/2023,S:L368I
BGR/226-Day10/2023,S:N440K
BGR/226-Day10/2023,S:N460K
BGR/226-Day10/2023,S:N501Y
BGR/226-Day10/2023,S:N679K
BGR/226-Day10/2023,S:N764K
BGR/226-Day10/2023,S:N969K
BGR/226-Day10/2023,S:P25-
BGR/226-Day10/2023,S:P26-
BGR/226-Day10/2023,S:P521S
BGR/226-Day10/2023,S:P681H
BGR/226-Day10/2023,S:Q183E
BGR/226-Day10/2023,S:Q498R
BGR/226-Day10/2023,S:R346T
BGR/226-Day10/2023,S:R408S
BGR/226-Day10/2023,S:S371F
BGR/226-Day10/2023,S:S373P
BGR/226-Day10/2023,S:S375F
BGR/226-Day10/2023,S:S477N
BGR/226-Day10/2023,S:T19I
BGR/226-Day10/2023,S:T376A
BGR/226-Day10/2023,S:T478R
BGR/226-Day10/2023,S:V213E
BGR/226-Day10/2023,S:V445P
BGR/226-Day10/2023,S:V83A
BGR/226-Day10/2023,S:Y144-
BGR/226-Day10/2023,S:Y505H
BOL/BOL0050/2022,S:A27S
BOL/BOL0050/2022,S:D405N
BOL/BOL0050/2022,S:D614G
BOL/BOL0050/2022,S:D796Y
BOL/BOL0050/2022,S:E484A
BOL/BOL0050/2022,S:F486S
BOL/BOL0050/2022,S:F490S
BOL/BOL0050/2022,S:G142D
BOL/BOL0050/2022,S:G339H
BOL/BOL0050/2022,S:G446S
BOL/BOL0050/2022,S:H146Q
BOL/BOL0050/2022,S:H655Y
BOL/BOL0050/2022,S:K417N
BOL/BOL0050/2022,S:L24-
BOL/BOL0050/2022,S:L368I
BOL/BOL0050/2022,S:N440K
BOL/BOL0050/2022,S:N460K
BOL/BOL0050/2022,S:N501Y
BOL/BOL0050/2022,S:N679K
BOL/BOL0050/2022,S:N764K
BOL/BOL0050/2022,S:N969K
BOL/BOL0050/2022,S:P25-
BOL/BOL0050/2022,S:P26-
BOL/BOL0050/2022,S:P681H
BOL/BOL0050/2022,S:Q183E
BOL/BOL0050/2022,S:Q498R
BOL/BOL0050/2022,S:R346T
BOL/BOL0050/2022,S:R408S
BOL/BOL0050/2022,S:S371F
BOL/BOL0050/2022,S:S373P
BOL/BOL0050/2022,S:S375F
BOL/BOL0050/2022,S:S477N
BOL/BOL0050/2022,S:T19I
BOL/BOL0050/2022,S:T376A
BOL/BOL0050/2022,S:T478K
BOL/BOL0050/2022,S:V213E
BOL/BOL0050/2022,S:V445P
BOL/BOL0050/2022,S:V83A
BOL/BOL0050/2022,S:Y144-
BOL/BOL0050/2022,S:Y505H
BOL/BOL0155/2023,S:A27S
BOL/BOL0155/2023,S:D405N
BOL/BOL0155/2023,S:D614G
BOL/BOL0155/2023,S:D796Y
BOL/BOL0155/2023,S:E484A
BOL/BOL0155/2023,S:F486S
BOL/BOL0155/2023,S:F490S
BOL/BOL0155/2023,S:G142D
BOL/BOL0155/2023,S:G339H
BOL/BOL0155/2023,S:G446S
BOL/BOL0155/2023,S:H146Q
BOL/BOL0155/2023,S:H655Y
BOL/BOL0155/2023,S:K417N
BOL/BOL0155/2023,S:L24-
BOL/BOL0155/2023,S:L368I
BOL/BOL0155/2023,S:N440K
BOL/BOL0155/2023,S:N460K
BOL/BOL0155/2023,S:N5F
BOL/BOL0155/2023,S:N679K
BOL/BOL0155/2023,S:N764K
BOL/BOL0155/2023,S:N969K
BOL/BOL0155/2023,S:P25-
BOL/BOL0155/2023,S:P26-
BOL/BOL0155/2023,S:P681H
BOL/BOL0155/2023,S:Q183E
BOL/BOL0155/2023,S:Q498R
BOL/BOL0155/2023,S:R346T
BOL/BOL0155/2023,S:R408S
BOL/BOL0155/2023,S:S371F
BOL/BOL0155/2023,S:S373P
BOL/BOL0155/2023,S:S375F
BOL/BOL0155/2023,S:S477N
BOL/BOL0155/2023,S:T19I
BOL/BOL0155/2023,S:T376A
BOL/BOL0155/2023,S:T478K
BOL/BOL0155/2023,S:V213E
BOL/BOL0155/2023,S:V445P
BOL/BOL0155/2023,S:V83A
BOL/BOL0155/2023,S:Y144-
BRA/205-Day1/2023,S:A27S
BRA/205-Day1/2023,S:D405N
BRA/205-Day1/2023,S:D614G
BRA/205-Day1/2023,S:D796Y
BRA/205-Day1/2023,S:E484A
BRA/205-Day1/2023,S:F456L
BRA/205-Day1/2023,S:F486P
BRA/205-Day1/2023,S:F490P
BRA/205-Day1/2023,S:G142D
BRA/205-Day1/2023,S:G252V
BRA/205-Day1/2023,S:G339H
BRA/205-Day1/2023,S:G446S
BRA/205-Day1/2023,S:H146K
BRA/205-Day1/2023,S:H655Y
BRA/205-Day1/2023,S:K417N
BRA/205-Day1/2023,S:L24-
BRA/205-Day1/2023,S:L368I
BRA/205-Day1/2023,S:N440K
BRA/205-Day1/2023,S:N460K
BRA/205-Day1/2023,S:N501Y
BRA/205-Day1/2023,S:N679K
BRA/205-Day1/2023,S:N764K
BRA/205-Day1/2023,S:N969K
BRA/205-Day1/2023,S:P25-
BRA/205-Day1/2023,S:P26-
BRA/205-Day1/2023,S:P681H
BRA/205-Day1/2023,S:Q183E
BRA/205-Day1/2023,S:Q498R
BRA/205-Day1/2023,S:R346T
BRA/205-Day1/2023,S:R408S
BRA/205-Day1/2023,S:S371F
BRA/205-Day1/2023,S:S373P
BRA/205-Day1/2023,S:S375F
BRA/205-Day1/2023,S:S477N
BRA/205-Day1/2023,S:T19I
BRA/205-Day1/2023,S:T376A
BRA/205-Day1/2023,S:T478K
BRA/205-Day1/2023,S:V213E
BRA/205-Day1/2023,S:V445P
BRA/205-Day1/2023,S:V83A
BRA/205-Day1/2023,S:Y144-
BRA/205-Day1/2023,S:Y505H
BRA/AL-LACENAL-270291209/2025,S:A264D
BRA/AL-LACENAL-270291209/2025,S:A27S
BRA/AL-LACENAL-270291209/2025,S:A570V
BRA/AL-LACENAL-270291209/2025,S:D405N
BRA/AL-LACENAL-270291209/2025,S:D614G
BRA/AL-LACENAL-270291209/2025,S:D796Y
BRA/AL-LACENAL-270291209/2025,S:E484K
BRA/AL-LACENAL-270291209/2025,S:E554K
BRA/AL-LACENAL-270291209/2025,S:F157S
BRA/AL-LACENAL-270291209/2025,S:F186L
BRA/AL-LACENAL-270291209/2025,S:F456L
BRA/AL-LACENAL-270291209/2025,S:F486P
BRA/AL-LACENAL-270291209/2025,S:G142D
BRA/AL-LACENAL-270291209/2025,S:G339H
BRA/AL-LACENAL-270291209/2025,S:G446S
BRA/AL-LACENAL-270291209/2025,S:H245N
BRA/AL-LACENAL-270291209/2025,S:H655Y
BRA/AL-LACENAL-270291209/2025,S:H69-
BRA/AL-LACENAL-270291209/2025,S:I332V
BRA/AL-LACENAL-270291209/2025,S:K1086R
BRA/AL-LACENAL-270291209/2025,S:K356T
BRA/AL-LACENAL-270291209/2025,S:K417N
BRA/AL-LACENAL-270291209/2025,S:L212I
BRA/AL-LACENAL-270291209/2025,S:L216F
BRA/AL-LACENAL-270291209/2025,S:L24-
BRA/AL-LACENAL-270291209/2025,S:L452W
BRA/AL-LACENAL-270291209/2025,S:L455S
BRA/AL-LACENAL-270291209/2025,S:N211-
BRA/AL-LACENAL-270291209/2025,S:N440K
BRA/AL-LACENAL-270291209/2025,S:N450D
BRA/AL-LACENAL-270291209/2025,S:N460K
BRA/AL-LACENAL-270291209/2025,S:N481K
BRA/AL-LACENAL-270291209/2025,S:N50L
BRA/AL-LACENAL-270291209/2025,S:N679K
BRA/AL-LACENAL-270291209/2025,S:N764K
BRA/AL-LACENAL-270291209/2025,S:N969K
BRA/AL-LACENAL-270291209/2025,S:P1143L
BRA/AL-LACENAL-270291209/2025,S:P25-
BRA/AL-LACENAL-270291209/2025,S:P26-
BRA/AL-LACENAL-270291209/2025,S:P621S
BRA/AL-LACENAL-270291209/2025,S:P681R
BRA/AL-LACENAL-270291209/2025,S:Q493E
BRA/AL-LACENAL-270291209/2025,S:Q498R
BRA/AL-LACENAL-270291209/2025,S:R158G
BRA/AL-LACENAL-270291209/2025,S:R190S
BRA/AL-LACENAL-270291209/2025,S:R346T
BRA/AL-LACENAL-270291209/2025,S:R403K
BRA/AL-LACENAL-270291209/2025,S:R408S
BRA/AL-LACENAL-270291209/2025,S:S31-
BRA/AL-LACENAL-270291209/2025,S:S371F
BRA/AL-LACENAL-270291209/2025,S:S373P
BRA/AL-LACENAL-270291209/2025,S:S375F
BRA/AL-LACENAL-270291209/2025,S:S477N
BRA/AL-LACENAL-270291209/2025,S:S939F
BRA/AL-LACENAL-270291209/2025,S:T19I
BRA/AL-LACENAL-270291209/2025,S:T376A
BRA/AL-LACENAL-270291209/2025,S:T478K
BRA/AL-LACENAL-270291209/2025,S:V1104L
BRA/AL-LACENAL-270291209/2025,S:V127F
BRA/AL-LACENAL-270291209/2025,S:V21T
BRA/AL-LACENAL-270291209/2025,S:V445R
BRA/AL-LACENAL-270291209/2025,S:V483-
BRA/AL-LACENAL-270291209/2025,S:V70-
BRA/AL-LACENAL-270291209/2025,S:Y144-
BRA/ITpS_1uj_001KZ_001/2026,S:A264D
BRA/ITpS_1uj_001KZ_001/2026,S:A570V
BRA/ITpS_1uj_001KZ_001/2026,S:D405N
BRA/ITpS_1uj_001KZ_001/2026,S:D614G
BRA/ITpS_1uj_001KZ_001/2026,S:D796Y
BRA/ITpS_1uj_001KZ_001/2026,S:E484K
BRA/ITpS_1uj_001KZ_001/2026,S:E554K
BRA/ITpS_1uj_001KZ_001/2026,S:F157S
BRA/ITpS_1uj_001KZ_001/2026,S:F456L
BRA/ITpS_1uj_001KZ_001/2026,S:F486P
BRA/ITpS_1uj_001KZ_001/2026,S:G142D
BRA/ITpS_1uj_001KZ_001/2026,S:G339H
BRA/ITpS_1uj_001KZ_001/2026,S:G446S
BRA/ITpS_1uj_001KZ_001/2026,S:H245N
BRA/ITpS_1uj_001KZ_001/2026,S:H655Y
BRA/ITpS_1uj_001KZ_001/2026,S:H69-
BRA/ITpS_1uj_001KZ_001/2026,S:I332V
BRA/ITpS_1uj_001KZ_001/2026,S:K182R
BRA/ITpS_1uj_001KZ_001/2026,S:K356T
BRA/ITpS_1uj_001KZ_001/2026,S:K417N
BRA/ITpS_1uj_001KZ_001/2026,S:K444R
BRA/ITpS_1uj_001KZ_001/2026,S:L212I
BRA/ITpS_1uj_001KZ_001/2026,S:L216F
BRA/ITpS_1uj_001KZ_001/2026,S:L24-
BRA/ITpS_1uj_001KZ_001/2026,S:L452W
BRA/ITpS_1uj_001KZ_001/2026,S:L455S
BRA/ITpS_1uj_001KZ_001/2026,S:N211-
BRA/ITpS_1uj_001KZ_001/2026,S:N440K
BRA/ITpS_1uj_001KZ_001/2026,S:N450D
BRA/ITpS_1uj_001KZ_001/2026,S:N460K
BRA/ITpS_1uj_001KZ_001/2026,S:N481K
BRA/ITpS_1uj_001KZ_001/2026,S:N487D
BRA/ITpS_1uj_001KZ_001/2026,S:N50L
BRA/ITpS_1uj_001KZ_001/2026,S:N679R
BRA/ITpS_1uj_001KZ_001/2026,S:N764K
BRA/ITpS_1uj_001KZ_001/2026,S:N969K
BRA/ITpS_1uj_001KZ_001/2026,S:P1143L
BRA/ITpS_1uj_001KZ_001/2026,S:P25-
BRA/ITpS_1uj_001KZ_001/2026,S:P26-
BRA/ITpS_1uj_001KZ_001/2026,S:P621S
BRA/ITpS_1uj_001KZ_001/2026,S:P681R
BRA/ITpS_1uj_001KZ_001/2026,S:Q493E
BRA/ITpS_1uj_001KZ_001/2026,S:Q498R
BRA/ITpS_1uj_001KZ_001/2026,S:R158G
BRA/ITpS_1uj_001KZ_001/2026,S:R190S
BRA/ITpS_1uj_001KZ_001/2026,S:R346T
BRA/ITpS_1uj_001KZ_001/2026,S:R403K
BRA/ITpS_1uj_001KZ_001/2026,S:R408S
BRA/ITpS_1uj_001KZ_001/2026,S:S31P
BRA/ITpS_1uj_001KZ_001/2026,S:S371F
BRA/ITpS_1uj_001KZ_001/2026,S:S373P
BRA/ITpS_1uj_001KZ_001/2026,S:S375F
BRA/ITpS_1uj_001KZ_001/2026,S:S477N
BRA/ITpS_1uj_001KZ_001/2026,S:S939F
BRA/ITpS_1uj_001KZ_001/2026,S:T19I
BRA/ITpS_1uj_001KZ_001/2026,S:T22N
BRA/ITpS_1uj_001KZ_001/2026,S:T376A
BRA/ITpS_1uj_001KZ_001/2026,S:T478K
BRA/ITpS_1uj_001KZ_001/2026,S:T572I
BRA/ITpS_1uj_001KZ_001/2026,S:V127F
BRA/ITpS_1uj_001KZ_001/2026,S:V21T
BRA/ITpS_1uj_001KZ_001/2026,S:V445R
BRA/ITpS_1uj_001KZ_001/2026,S:V483-
BRA/ITpS_1uj_001KZ_001/2026,S:V70-
BRA/ITpS_1uj_001KZ_001/2026,S:Y144-
BRA/ITpS_7VE_001JI_001/2026,S:A264D
BRA/ITpS_7VE_001JI_001/2026,S:A27S
BRA/ITpS_7VE_001JI_001/2026,S:A570V
BRA/ITpS_7VE_001JI_001/2026,S:D405N
BRA/ITpS_7VE_001JI_001/2026,S:D614G
BRA/ITpS_7VE_001JI_001/2026,S:D796Y
BRA/ITpS_7VE_001JI_001/2026,S:E484K
BRA/ITpS_7VE_001JI_001/2026,S:E554K
BRA/ITpS_7VE_001JI_001/2026,S:F157S
BRA/ITpS_7VE_001JI_001/2026,S:F456L
BRA/ITpS_7VE_001JI_001/2026,S:F486P
BRA/ITpS_7VE_001JI_001/2026,S:G142D
BRA/ITpS_7VE_001JI_001/2026,S:G339H
BRA/ITpS_7VE_001JI_001/2026,S:G446S
BRA/ITpS_7VE_001JI_001/2026,S:H245N
BRA/ITpS_7VE_001JI_001/2026,S:H655Y
BRA/ITpS_7VE_001JI_001/2026,S:H69-
BRA/ITpS_7VE_001JI_001/2026,S:I332V
BRA/ITpS_7VE_001JI_001/2026,S:K182R
BRA/ITpS_7VE_001JI_001/2026,S:K356T
BRA/ITpS_7VE_001JI_001/2026,S:K417N
BRA/ITpS_7VE_001JI_001/2026,S:K444R
BRA/ITpS_7VE_001JI_001/2026,S:L212I
BRA/ITpS_7VE_001JI_001/2026,S:L216F
BRA/ITpS_7VE_001JI_001/2026,S:L24-
BRA/ITpS_7VE_001JI_001/2026,S:L452W
BRA/ITpS_7VE_001JI_001/2026,S:L455S
BRA/ITpS_7VE_001JI_001/2026,S:N211-
BRA/ITpS_7VE_001JI_001/2026,S:N440K
BRA/ITpS_7VE_001JI_001/2026,S:N450D
BRA/ITpS_7VE_001JI_001/2026,S:N460K
BRA/ITpS_7VE_001JI_001/2026,S:N481K
BRA/ITpS_7VE_001JI_001/2026,S:N487D
BRA/ITpS_7VE_001JI_001/2026,S:N50L
BRA/ITpS_7VE_001JI_001/2026,S:N679K
BRA/ITpS_7VE_001JI_001/2026,S:N764K
BRA/ITpS_7VE_001JI_001/2026,S:N969K
BRA/ITpS_7VE_001JI_001/2026,S:P1143L
BRA/ITpS_7VE_001JI_001/2026,S:P25-
BRA/ITpS_7VE_001JI_001/2026,S:P26-
BRA/ITpS_7VE_001JI_001/2026,S:P621S
BRA/ITpS_7VE_001JI_001/2026,S:P681R
BRA/ITpS_7VE_001JI_001/2026,S:Q493E
BRA/ITpS_7VE_001JI_001/2026,S:Q498R
BRA/ITpS_7VE_001JI_001/2026,S:R158G
BRA/ITpS_7VE_001JI_001/2026,S:R190S
BRA/ITpS_7VE_001JI_001/2026,S:R346T
BRA/ITpS_7VE_001JI_001/2026,S:R403K
BRA/ITpS_7VE_001JI_001/2026,S:R408S
BRA/ITpS_7VE_001JI_001/2026,S:S31P
BRA/ITpS_7VE_001JI_001/2026,S:S371F
BRA/ITpS_7VE_001JI_001/2026,S:S373P
BRA/ITpS_7VE_001JI_001/2026,S:S375F
BRA/ITpS_7VE_001JI_001/2026,S:S477N
BRA/ITpS_7VE_001JI_001/2026,S:S939F
BRA/ITpS_7VE_001JI_001/2026,S:T19I
BRA/ITpS_7VE_001JI_001/2026,S:T22N
BRA/ITpS_7VE_001JI_001/2026,S:T376A
BRA/ITpS_7VE_001JI_001/2026,S:T478K
BRA/ITpS_7VE_001JI_001/2026,S:T572I
BRA/ITpS_7VE_001JI_001/2026,S:V127F
BRA/ITpS_7VE_001JI_001/2026,S:V21T
BRA/ITpS_7VE_001JI_001/2026,S:V445R
BRA/ITpS_7VE_001JI_001/2026,S:V483-
BRA/ITpS_7VE_001JI_001/2026,S:V70-
BRA/ITpS_7VE_001JI_001/2026,S:Y144-
BRA/ITpS_Elz_001HH_001/2026,S:A264D
BRA/ITpS_Elz_001HH_001/2026,S:A27S
BRA/ITpS_Elz_001HH_001/2026,S:A570V
BRA/ITpS_Elz_001HH_001/2026,S:D405N
BRA/ITpS_Elz_001HH_001/2026,S:D614G
BRA/ITpS_Elz_001HH_001/2026,S:D796Y
BRA/ITpS_Elz_001HH_001/2026,S:E484K
BRA/ITpS_Elz_001HH_001/2026,S:E554K
BRA/ITpS_Elz_001HH_001/2026,S:F157S
BRA/ITpS_Elz_001HH_001/2026,S:F456L
BRA/ITpS_Elz_001HH_001/2026,S:F486P
BRA/ITpS_Elz_001HH_001/2026,S:G142D
BRA/ITpS_Elz_001HH_001/2026,S:G339H
BRA/ITpS_Elz_001HH_001/2026,S:G446S
BRA/ITpS_Elz_001HH_001/2026,S:H245N
BRA/ITpS_Elz_001HH_001/2026,S:H655Y
BRA/ITpS_Elz_001HH_001/2026,S:H69-
BRA/ITpS_Elz_001HH_001/2026,S:I332V
BRA/ITpS_Elz_001HH_001/2026,S:K182R
BRA/ITpS_Elz_001HH_001/2026,S:K356T
BRA/ITpS_Elz_001HH_001/2026,S:K417N
BRA/ITpS_Elz_001HH_001/2026,S:K444R
BRA/ITpS_Elz_001HH_001/2026,S:K529T
BRA/ITpS_Elz_001HH_001/2026,S:L212I
BRA/ITpS_Elz_001HH_001/2026,S:L216F
BRA/ITpS_Elz_001HH_001/2026,S:L24-
BRA/ITpS_Elz_001HH_001/2026,S:L452W
BRA/ITpS_Elz_001HH_001/2026,S:L455S
BRA/ITpS_Elz_001HH_001/2026,S:N211-
BRA/ITpS_Elz_001HH_001/2026,S:N440K
BRA/ITpS_Elz_001HH_001/2026,S:N450D
BRA/ITpS_Elz_001HH_001/2026,S:N460K
BRA/ITpS_Elz_001HH_001/2026,S:N481K
BRA/ITpS_Elz_001HH_001/2026,S:N487D
BRA/ITpS_Elz_001HH_001/2026,S:N50L
BRA/ITpS_Elz_001HH_001/2026,S:N679K
BRA/ITpS_Elz_001HH_001/2026,S:N764K
BRA/ITpS_Elz_001HH_001/2026,S:N969K
BRA/ITpS_Elz_001HH_001/2026,S:P1143L
BRA/ITpS_Elz_001HH_001/2026,S:P25-
BRA/ITpS_Elz_001HH_001/2026,S:P26-
BRA/ITpS_Elz_001HH_001/2026,S:P621S
BRA/ITpS_Elz_001HH_001/2026,S:P681R
BRA/ITpS_Elz_001HH_001/2026,S:Q493E
BRA/ITpS_Elz_001HH_001/2026,S:Q498R
BRA/ITpS_Elz_001HH_001/2026,S:R158G
BRA/ITpS_Elz_001HH_001/2026,S:R190S
BRA/ITpS_Elz_001HH_001/2026,S:R346T
BRA/ITpS_Elz_001HH_001/2026,S:R403K
BRA/ITpS_Elz_001HH_001/2026,S:R408S
BRA/ITpS_Elz_001HH_001/2026,S:S31P
BRA/ITpS_Elz_001HH_001/2026,S:S371F
BRA/ITpS_Elz_001HH_001/2026,S:S373P
BRA/ITpS_Elz_001HH_001/2026,S:S375F
BRA/ITpS_Elz_001HH_001/2026,S:S477N
BRA/ITpS_Elz_001HH_001/2026,S:S680F
BRA/ITpS_Elz_001HH_001/2026,S:S939F
BRA/ITpS_Elz_001HH_001/2026,S:T19I
BRA/ITpS_Elz_001HH_001/2026,S:T22N
BRA/ITpS_Elz_001HH_001/2026,S:T376A
BRA/ITpS_Elz_001HH_001/2026,S:T478K
BRA/ITpS_Elz_001HH_001/2026,S:T572I
BRA/ITpS_Elz_001HH_001/2026,S:T604I
BRA/ITpS_Elz_001HH_001/2026,S:V1264L
BRA/ITpS_Elz_001HH_001/2026,S:V127F
BRA/ITpS_Elz_001HH_001/2026,S:V21T
BRA/ITpS_Elz_001HH_001/2026,S:V445R
BRA/ITpS_Elz_001HH_001/2026,S:V483-
BRA/ITpS_Elz_001HH_001/2026,S:V70-
BRA/ITpS_Elz_001HH_001/2026,S:Y144-
BRA/ITpS_XV6_001JP_001/2026,S:A570V
BRA/ITpS_XV6_001JP_001/2026,S:D405N
BRA/ITpS_XV6_001JP_001/2026,S:D614G
BRA/ITpS_XV6_001JP_001/2026,S:D796Y
BRA/ITpS_XV6_001JP_001/2026,S:E484K
BRA/ITpS_XV6_001JP_001/2026,S:E554K
BRA/ITpS_XV6_001JP_001/2026,S:F157S
BRA/ITpS_XV6_001JP_001/2026,S:F456L
BRA/ITpS_XV6_001JP_001/2026,S:F486P
BRA/ITpS_XV6_001JP_001/2026,S:G142D
BRA/ITpS_XV6_001JP_001/2026,S:G339H
BRA/ITpS_XV6_001JP_001/2026,S:G446S
BRA/ITpS_XV6_001JP_001/2026,S:H245N
BRA/ITpS_XV6_001JP_001/2026,S:H655Y
BRA/ITpS_XV6_001JP_001/2026,S:H69-
BRA/ITpS_XV6_001JP_001/2026,S:I332V
BRA/ITpS_XV6_001JP_001/2026,S:K182R
BRA/ITpS_XV6_001JP_001/2026,S:K356T
BRA/ITpS_XV6_001JP_001/2026,S:K417N
BRA/ITpS_XV6_001JP_001/2026,S:K444R
BRA/ITpS_XV6_001JP_001/2026,S:L212I
BRA/ITpS_XV6_001JP_001/2026,S:L216F
BRA/ITpS_XV6_001JP_001/2026,S:L24-
BRA/ITpS_XV6_001JP_001/2026,S:L452W
BRA/ITpS_XV6_001JP_001/2026,S:L455S
BRA/ITpS_XV6_001JP_001/2026,S:N211-
BRA/ITpS_XV6_001JP_001/2026,S:N440K
BRA/ITpS_XV6_001JP_001/2026,S:N450D
BRA/ITpS_XV6_001JP_001/2026,S:N460K
BRA/ITpS_XV6_001JP_001/2026,S:N481K
BRA/ITpS_XV6_001JP_001/2026,S:N487D
BRA/ITpS_XV6_001JP_001/2026,S:N50L
BRA/ITpS_XV6_001JP_001/2026,S:N679K
BRA/ITpS_XV6_001JP_001/2026,S:N764K
BRA/ITpS_XV6_001JP_001/2026,S:N969K
BRA/ITpS_XV6_001JP_001/2026,S:P1143L
BRA/ITpS_XV6_001JP_001/2026,S:P25-
BRA/ITpS_XV6_001JP_001/2026,S:P621S
BRA/ITpS_XV6_001JP_001/2026,S:P681R
BRA/ITpS_XV6_001JP_001/2026,S:Q493E
BRA/ITpS_XV6_001JP_001/2026,S:Q498R
BRA/ITpS_XV6_001JP_001/2026,S:R158G
BRA/ITpS_XV6_001JP_001/2026,S:R190S
BRA/ITpS_XV6_001JP_001/2026,S:R346T
BRA/ITpS_XV6_001JP_001/2026,S:R403K
BRA/ITpS_XV6_001JP_001/2026,S:R408S
BRA/ITpS_XV6_001JP_001/2026,S:S31P
BRA/ITpS_XV6_001JP_001/2026,S:S371F
BRA/ITpS_XV6_001JP_001/2026,S:S373P
BRA/ITpS_XV6_001JP_001/2026,S:S375F
BRA/ITpS_XV6_001JP_001/2026,S:S477N
BRA/ITpS_XV6_001JP_001/2026,S:S680P
BRA/ITpS_XV6_001JP_001/2026,S:S939F
BRA/ITpS_XV6_001JP_001/2026,S:T19I
BRA/ITpS_XV6_001JP_001/2026,S:T22N
BRA/ITpS_XV6_001JP_001/2026,S:T376A
BRA/ITpS_XV6_001JP_001/2026,S:T478K
BRA/ITpS_XV6_001JP_001/2026,S:T572I
BRA/ITpS_XV6_001JP_001/2026,S:V127F
BRA/ITpS_XV6_001JP_001/2026,S:V21T
BRA/ITpS_XV6_001JP_001/2026,S:V445R
BRA/ITpS_XV6_001JP_001/2026,S:V483-
BRA/ITpS_XV6_001JP_001/2026,S:V70-
BRA/ITpS_XV6_001JP_001/2026,S:Y144-
BRA/ITpS_XaD_001FU_001/2025,S:A570V
BRA/ITpS_XaD_001FU_001/2025,S:D405N
BRA/ITpS_XaD_001FU_001/2025,S:D614G
BRA/ITpS_XaD_001FU_001/2025,S:D796Y
BRA/ITpS_XaD_001FU_001/2025,S:E484K
BRA/ITpS_XaD_001FU_001/2025,S:E554K
BRA/ITpS_XaD_001FU_001/2025,S:F157S
BRA/ITpS_XaD_001FU_001/2025,S:F456L
BRA/ITpS_XaD_001FU_001/2025,S:F486P
BRA/ITpS_XaD_001FU_001/2025,S:G142D
BRA/ITpS_XaD_001FU_001/2025,S:G339H
BRA/ITpS_XaD_001FU_001/2025,S:G446S
BRA/ITpS_XaD_001FU_001/2025,S:H655Y
BRA/ITpS_XaD_001FU_001/2025,S:H69-
BRA/ITpS_XaD_001FU_001/2025,S:I332V
BRA/ITpS_XaD_001FU_001/2025,S:K182R
BRA/ITpS_XaD_001FU_001/2025,S:K356T
BRA/ITpS_XaD_001FU_001/2025,S:K417N
BRA/ITpS_XaD_001FU_001/2025,S:K444R
BRA/ITpS_XaD_001FU_001/2025,S:L212I
BRA/ITpS_XaD_001FU_001/2025,S:L216F
BRA/ITpS_XaD_001FU_001/2025,S:L452W
BRA/ITpS_XaD_001FU_001/2025,S:L455S
BRA/ITpS_XaD_001FU_001/2025,S:N211-
BRA/ITpS_XaD_001FU_001/2025,S:N440K
BRA/ITpS_XaD_001FU_001/2025,S:N450D
BRA/ITpS_XaD_001FU_001/2025,S:N460K
BRA/ITpS_XaD_001FU_001/2025,S:N481K
BRA/ITpS_XaD_001FU_001/2025,S:N487D
BRA/ITpS_XaD_001FU_001/2025,S:N50L
BRA/ITpS_XaD_001FU_001/2025,S:N679K
BRA/ITpS_XaD_001FU_001/2025,S:N764K
BRA/ITpS_XaD_001FU_001/2025,S:N969K
BRA/ITpS_XaD_001FU_001/2025,S:P1143L
BRA/ITpS_XaD_001FU_001/2025,S:P25-
BRA/ITpS_XaD_001FU_001/2025,S:P621S
BRA/ITpS_XaD_001FU_001/2025,S:P681R
BRA/ITpS_XaD_001FU_001/2025,S:Q493E
BRA/ITpS_XaD_001FU_001/2025,S:Q498R
BRA/ITpS_XaD_001FU_001/2025,S:R158G
BRA/ITpS_XaD_001FU_001/2025,S:R190S
BRA/ITpS_XaD_001FU_001/2025,S:R346T
BRA/ITpS_XaD_001FU_001/2025,S:R403K
BRA/ITpS_XaD_001FU_001/2025,S:R408S
BRA/ITpS_XaD_001FU_001/2025,S:S31P
BRA/ITpS_XaD_001FU_001/2025,S:S371F
BRA/ITpS_XaD_001FU_001/2025,S:S373P
BRA/ITpS_XaD_001FU_001/2025,S:S375F
BRA/ITpS_XaD_001FU_001/2025,S:S477N
BRA/ITpS_XaD_001FU_001/2025,S:S939F
BRA/ITpS_XaD_001FU_001/2025,S:T19I
BRA/ITpS_XaD_001FU_001/2025,S:T22N
BRA/ITpS_XaD_001FU_001/2025,S:T376A
BRA/ITpS_XaD_001FU_001/2025,S:T478K
BRA/ITpS_XaD_001FU_001/2025,S:T572I
BRA/ITpS_XaD_001FU_001/2025,S:V127F
BRA/ITpS_XaD_001FU_001/2025,S:V21T
BRA/ITpS_XaD_001FU_001/2025,S:V445R
BRA/ITpS_XaD_001FU_001/2025,S:V483-
BRA/ITpS_XaD_001FU_001/2025,S:V70-
BRA/ITpS_XaD_001FU_001/2025,S:Y144-
BRA/ITpS_kYe_001IZ_001/2026,S:A435S
BRA/ITpS_kYe_001IZ_001/2026,S:A475V
BRA/ITpS_kYe_001IZ_001/2026,S:A570V
BRA/ITpS_kYe_001IZ_001/2026,S:D405N
BRA/ITpS_kYe_001IZ_001/2026,S:D614G
BRA/ITpS_kYe_001IZ_001/2026,S:D796Y
BRA/ITpS_kYe_001IZ_001/2026,S:E484K
BRA/ITpS_kYe_001IZ_001/2026,S:E554K
BRA/ITpS_kYe_001IZ_001/2026,S:F157S
BRA/ITpS_kYe_001IZ_001/2026,S:F456L
BRA/ITpS_kYe_001IZ_001/2026,S:F486P
BRA/ITpS_kYe_001IZ_001/2026,S:G142D
BRA/ITpS_kYe_001IZ_001/2026,S:G339H
BRA/ITpS_kYe_001IZ_001/2026,S:G446S
BRA/ITpS_kYe_001IZ_001/2026,S:H655Y
BRA/ITpS_kYe_001IZ_001/2026,S:H69-
BRA/ITpS_kYe_001IZ_001/2026,S:I332V
BRA/ITpS_kYe_001IZ_001/2026,S:K182R
BRA/ITpS_kYe_001IZ_001/2026,S:K356T
BRA/ITpS_kYe_001IZ_001/2026,S:K417N
BRA/ITpS_kYe_001IZ_001/2026,S:K444R
BRA/ITpS_kYe_001IZ_001/2026,S:L212I
BRA/ITpS_kYe_001IZ_001/2026,S:L216F
BRA/ITpS_kYe_001IZ_001/2026,S:L441R
BRA/ITpS_kYe_001IZ_001/2026,S:L452W
BRA/ITpS_kYe_001IZ_001/2026,S:L455S
BRA/ITpS_kYe_001IZ_001/2026,S:M153I
BRA/ITpS_kYe_001IZ_001/2026,S:N211-
BRA/ITpS_kYe_001IZ_001/2026,S:N440K
BRA/ITpS_kYe_001IZ_001/2026,S:N450D
BRA/ITpS_kYe_001IZ_001/2026,S:N460K
BRA/ITpS_kYe_001IZ_001/2026,S:N481K
BRA/ITpS_kYe_001IZ_001/2026,S:N50L
BRA/ITpS_kYe_001IZ_001/2026,S:N679R
BRA/ITpS_kYe_001IZ_001/2026,S:N764K
BRA/ITpS_kYe_001IZ_001/2026,S:N969K
BRA/ITpS_kYe_001IZ_001/2026,S:P1143L
BRA/ITpS_kYe_001IZ_001/2026,S:P25-
BRA/ITpS_kYe_001IZ_001/2026,S:P621S
BRA/ITpS_kYe_001IZ_001/2026,S:P681R
BRA/ITpS_kYe_001IZ_001/2026,S:Q498R
BRA/ITpS_kYe_001IZ_001/2026,S:R158G
BRA/ITpS_kYe_001IZ_001/2026,S:R190S
BRA/ITpS_kYe_001IZ_001/2026,S:R346T
BRA/ITpS_kYe_001IZ_001/2026,S:R403K
BRA/ITpS_kYe_001IZ_001/2026,S:R408S
BRA/ITpS_kYe_001IZ_001/2026,S:S31P
BRA/ITpS_kYe_001IZ_001/2026,S:S371F
BRA/ITpS_kYe_001IZ_001/2026,S:S373P
BRA/ITpS_kYe_001IZ_001/2026,S:S375F
BRA/ITpS_kYe_001IZ_001/2026,S:S477N
BRA/ITpS_kYe_001IZ_001/2026,S:S939F
BRA/ITpS_kYe_001IZ_001/2026,S:T19I
BRA/ITpS_kYe_001IZ_001/2026,S:T22N
BRA/ITpS_kYe_001IZ_001/2026,S:T376A
BRA/ITpS_kYe_001IZ_001/2026,S:V127F
BRA/ITpS_kYe_001IZ_001/2026,S:V21T
BRA/ITpS_kYe_001IZ_001/2026,S:V445P
BRA/ITpS_kYe_001IZ_001/2026,S:V483-
BRA/ITpS_kYe_001IZ_001/2026,S:V70-
BRA/ITpS_kYe_001IZ_001/2026,S:Y144-
BRA/ITpS_sTV_001Ft_001/2025,S:A1174V
BRA/ITpS_sTV_001Ft_001/2025,S:A264D
BRA/ITpS_sTV_001Ft_001/2025,S:A27S
BRA/ITpS_sTV_001Ft_001/2025,S:A570V
BRA/ITpS_sTV_001Ft_001/2025,S:D405N
BRA/ITpS_sTV_001Ft_001/2025,S:D614G
BRA/ITpS_sTV_001Ft_001/2025,S:D796Y
BRA/ITpS_sTV_001Ft_001/2025,S:E484K
BRA/ITpS_sTV_001Ft_001/2025,S:E554K
BRA/ITpS_sTV_001Ft_001/2025,S:F186L
BRA/ITpS_sTV_001Ft_001/2025,S:F456L
BRA/ITpS_sTV_001Ft_001/2025,S:F486P
BRA/ITpS_sTV_001Ft_001/2025,S:G142D
BRA/ITpS_sTV_001Ft_001/2025,S:G339H
BRA/ITpS_sTV_001Ft_001/2025,S:G446S
BRA/ITpS_sTV_001Ft_001/2025,S:H245N
BRA/ITpS_sTV_001Ft_001/2025,S:H655Y
BRA/ITpS_sTV_001Ft_001/2025,S:H69-
BRA/ITpS_sTV_001Ft_001/2025,S:I332V
BRA/ITpS_sTV_001Ft_001/2025,S:K1086R
BRA/ITpS_sTV_001Ft_001/2025,S:K356T
BRA/ITpS_sTV_001Ft_001/2025,S:K417N
BRA/ITpS_sTV_001Ft_001/2025,S:K986R
BRA/ITpS_sTV_001Ft_001/2025,S:L212I
BRA/ITpS_sTV_001Ft_001/2025,S:L216F
BRA/ITpS_sTV_001Ft_001/2025,S:L24-
BRA/ITpS_sTV_001Ft_001/2025,S:L452W
BRA/ITpS_sTV_001Ft_001/2025,S:L455S
BRA/ITpS_sTV_001Ft_001/2025,S:N211-
BRA/ITpS_sTV_001Ft_001/2025,S:N440K
BRA/ITpS_sTV_001Ft_001/2025,S:N450D
BRA/ITpS_sTV_001Ft_001/2025,S:N460K
BRA/ITpS_sTV_001Ft_001/2025,S:N481K
BRA/ITpS_sTV_001Ft_001/2025,S:N487D
BRA/ITpS_sTV_001Ft_001/2025,S:N50L
BRA/ITpS_sTV_001Ft_001/2025,S:N679R
BRA/ITpS_sTV_001Ft_001/2025,S:N764K
BRA/ITpS_sTV_001Ft_001/2025,S:N969K
BRA/ITpS_sTV_001Ft_001/2025,S:P1143L
BRA/ITpS_sTV_001Ft_001/2025,S:P25-
BRA/ITpS_sTV_001Ft_001/2025,S:P26-
BRA/ITpS_sTV_001Ft_001/2025,S:P621S
BRA/ITpS_sTV_001Ft_001/2025,S:P681R
BRA/ITpS_sTV_001Ft_001/2025,S:Q493E
BRA/ITpS_sTV_001Ft_001/2025,S:Q498R
BRA/ITpS_sTV_001Ft_001/2025,S:R190S
BRA/ITpS_sTV_001Ft_001/2025,S:R346T
BRA/ITpS_sTV_001Ft_001/2025,S:R403K
BRA/ITpS_sTV_001Ft_001/2025,S:R408S
BRA/ITpS_sTV_001Ft_001/2025,S:S31-
BRA/ITpS_sTV_001Ft_001/2025,S:S371F
BRA/ITpS_sTV_001Ft_001/2025,S:S373P
BRA/ITpS_sTV_001Ft_001/2025,S:S375F
BRA/ITpS_sTV_001Ft_001/2025,S:S477N
BRA/ITpS_sTV_001Ft_001/2025,S:S680A
BRA/ITpS_sTV_001Ft_001/2025,S:S939F
BRA/ITpS_sTV_001Ft_001/2025,S:T19I
BRA/ITpS_sTV_001Ft_001/2025,S:T22N
BRA/ITpS_sTV_001Ft_001/2025,S:T376A
BRA/ITpS_sTV_001Ft_001/2025,S:T478K
BRA/ITpS_sTV_001Ft_001/2025,S:V1104L
BRA/ITpS_sTV_001Ft_001/2025,S:V127F
BRA/ITpS_sTV_001Ft_001/2025,S:V21T
BRA/ITpS_sTV_001Ft_001/2025,S:V445R
BRA/ITpS_sTV_001Ft_001/2025,S:V483-
BRA/ITpS_sTV_001Ft_001/2025,S:V70-
BRA/ITpS_sTV_001Ft_001/2025,S:Y144-
BRA/ITpS_xxP_001II_001/2026,S:A264D
BRA/ITpS_xxP_001II_001/2026,S:A27S
BRA/ITpS_xxP_001II_001/2026,S:A570V
BRA/ITpS_xxP_001II_001/2026,S:D405N
BRA/ITpS_xxP_001II_001/2026,S:D614G
BRA/ITpS_xxP_001II_001/2026,S:D796Y
BRA/ITpS_xxP_001II_001/2026,S:E484K
BRA/ITpS_xxP_001II_001/2026,S:E554K
BRA/ITpS_xxP_001II_001/2026,S:F157S
BRA/ITpS_xxP_001II_001/2026,S:F456L
BRA/ITpS_xxP_001II_001/2026,S:F486P
BRA/ITpS_xxP_001II_001/2026,S:G142D
BRA/ITpS_xxP_001II_001/2026,S:G339H
BRA/ITpS_xxP_001II_001/2026,S:G446S
BRA/ITpS_xxP_001II_001/2026,S:H245N
BRA/ITpS_xxP_001II_001/2026,S:H655Y
BRA/ITpS_xxP_001II_001/2026,S:H69-
BRA/ITpS_xxP_001II_001/2026,S:I326V
BRA/ITpS_xxP_001II_001/2026,S:I332V
BRA/ITpS_xxP_001II_001/2026,S:K182R
BRA/ITpS_xxP_001II_001/2026,S:K356T
BRA/ITpS_xxP_001II_001/2026,S:K417N
BRA/ITpS_xxP_001II_001/2026,S:K444R
BRA/ITpS_xxP_001II_001/2026,S:L212I
BRA/ITpS_xxP_001II_001/2026,S:L216F
BRA/ITpS_xxP_001II_001/2026,S:L24-
BRA/ITpS_xxP_001II_001/2026,S:L452W
BRA/ITpS_xxP_001II_001/2026,S:L455S
BRA/ITpS_xxP_001II_001/2026,S:N211-
BRA/ITpS_xxP_001II_001/2026,S:N440K
BRA/ITpS_xxP_001II_001/2026,S:N450D
BRA/ITpS_xxP_001II_001/2026,S:N460K
BRA/ITpS_xxP_001II_001/2026,S:N481K
BRA/ITpS_xxP_001II_001/2026,S:N487D
BRA/ITpS_xxP_001II_001/2026,S:N50L
BRA/ITpS_xxP_001II_001/2026,S:N679K
BRA/ITpS_xxP_001II_001/2026,S:N764K
BRA/ITpS_xxP_001II_001/2026,S:N969K
BRA/ITpS_xxP_001II_001/2026,S:P1143L
BRA/ITpS_xxP_001II_001/2026,S:P25-
BRA/ITpS_xxP_001II_001/2026,S:P26-
BRA/ITpS_xxP_001II_001/2026,S:P621S
BRA/ITpS_xxP_001II_001/2026,S:P681R
BRA/ITpS_xxP_001II_001/2026,S:Q493E
BRA/ITpS_xxP_001II_001/2026,S:Q498R
BRA/ITpS_xxP_001II_001/2026,S:R158G
BRA/ITpS_xxP_001II_001/2026,S:R190S
BRA/ITpS_xxP_001II_001/2026,S:R346T
BRA/ITpS_xxP_001II_001/2026,S:R403K
BRA/ITpS_xxP_001II_001/2026,S:R408S
BRA/ITpS_xxP_001II_001/2026,S:S31P
BRA/ITpS_xxP_001II_001/2026,S:S371F
BRA/ITpS_xxP_001II_001/2026,S:S373P
BRA/ITpS_xxP_001II_001/2026,S:S375F
BRA/ITpS_xxP_001II_001/2026,S:S477N
BRA/ITpS_xxP_001II_001/2026,S:S680P
BRA/ITpS_xxP_001II_001/2026,S:S939F
BRA/ITpS_xxP_001II_001/2026,S:T19I
BRA/ITpS_xxP_001II_001/2026,S:T22N
BRA/ITpS_xxP_001II_001/2026,S:T376A
BRA/ITpS_xxP_001II_001/2026,S:T478K
BRA/ITpS_xxP_001II_001/2026,S:T572I
BRA/ITpS_xxP_001II_001/2026,S:V127F
BRA/ITpS_xxP_001II_001/2026,S:V21T
BRA/ITpS_xxP_001II_001/2026,S:V445R
BRA/ITpS_xxP_001II_001/2026,S:V483-
BRA/ITpS_xxP_001II_001/2026,S:V70-
BRA/ITpS_xxP_001II_001/2026,S:Y144-
BRA/LACENAL-270221404/2022,S:D614G
BRA/LACENAL-270221404/2022,S:D796Y
BRA/LACENAL-270221404/2022,S:E484A
BRA/LACENAL-270221404/2022,S:G142-
BRA/LACENAL-270221404/2022,S:G339D
BRA/LACENAL-270221404/2022,S:G446S
BRA/LACENAL-270221404/2022,S:G496S
BRA/LACENAL-270221404/2022,S:H655Y
BRA/LACENAL-270221404/2022,S:H69-
BRA/LACENAL-270221404/2022,S:K417N
BRA/LACENAL-270221404/2022,S:L212I
BRA/LACENAL-270221404/2022,S:L981F
BRA/LACENAL-270221404/2022,S:N211-
BRA/LACENAL-270221404/2022,S:N440K
BRA/LACENAL-270221404/2022,S:N501Y
BRA/LACENAL-270221404/2022,S:N67V
BRA/LACENAL-270221404/2022,S:N764K
BRA/LACENAL-270221404/2022,S:N856K
BRA/LACENAL-270221404/2022,S:N969K
BRA/LACENAL-270221404/2022,S:P681H
BRA/LACENAL-270221404/2022,S:Q493R
BRA/LACENAL-270221404/2022,S:Q498R
BRA/LACENAL-270221404/2022,S:Q954H
BRA/LACENAL-270221404/2022,S:R346K
BRA/LACENAL-270221404/2022,S:S477N
BRA/LACENAL-270221404/2022,S:T478K
BRA/LACENAL-270221404/2022,S:T547K
BRA/LACENAL-270221404/2022,S:T95I
BRA/LACENAL-270221404/2022,S:V143-
BRA/LACENAL-270221404/2022,S:V70-
BRA/LACENAL-270221404/2022,S:Y144-
BRA/LACENAL-270221404/2022,S:Y145D
BRA/LACENAL-270221404/2022,S:Y505H
BRA/LACENAL-270246335/2023,S:A27S
BRA/LACENAL-270246335/2023,S:D405N
BRA/LACENAL-270246335/2023,S:D614G
BRA/LACENAL-270246335/2023,S:D796Y
BRA/LACENAL-270246335/2023,S:E484A
BRA/LACENAL-270246335/2023,S:F486P
BRA/LACENAL-270246335/2023,S:F490S
BRA/LACENAL-270246335/2023,S:G142D
BRA/LACENAL-270246335/2023,S:G252V
BRA/LACENAL-270246335/2023,S:G339H
BRA/LACENAL-270246335/2023,S:G446S
BRA/LACENAL-270246335/2023,S:H146Q
BRA/LACENAL-270246335/2023,S:H655Y
BRA/LACENAL-270246335/2023,S:K417N
BRA/LACENAL-270246335/2023,S:L24-
BRA/LACENAL-270246335/2023,S:L368I
BRA/LACENAL-270246335/2023,S:N440K
BRA/LACENAL-270246335/2023,S:N460K
BRA/LACENAL-270246335/2023,S:N501Y
BRA/LACENAL-270246335/2023,S:N679K
BRA/LACENAL-270246335/2023,S:N764K
BRA/LACENAL-270246335/2023,S:N969K
BRA/LACENAL-270246335/2023,S:P25-
BRA/LACENAL-270246335/2023,S:P26-
BRA/LACENAL-270246335/2023,S:P681H
BRA/LACENAL-270246335/2023,S:Q183E
BRA/LACENAL-270246335/2023,S:Q498R
BRA/LACENAL-270246335/2023,S:R408S
BRA/LACENAL-270246335/2023,S:S371F
BRA/LACENAL-270246335/2023,S:S373P
BRA/LACENAL-270246335/2023,S:S375F
BRA/LACENAL-270246335/2023,S:S477N
BRA/LACENAL-270246335/2023,S:T19I
BRA/LACENAL-270246335/2023,S:T376A
BRA/LACENAL-270246335/2023,S:T478K
BRA/LACENAL-270246335/2023,S:V213E
BRA/LACENAL-270246335/2023,S:V445P
BRA/LACENAL-270246335/2023,S:V83A
BRA/LACENAL-270246335/2023,S:Y144-
BRA/LACENAL-270246335/2023,S:Y505H
BRA/RJ-NXBS21GENOV807548576673/2021,S:D138Y
BRA/RJ-NXBS21GENOV807548576673/2021,S:D614G
BRA/RJ-NXBS21GENOV807548576673/2021,S:E484K
BRA/RJ-NXBS21GENOV807548576673/2021,S:H655Y
BRA/RJ-NXBS21GENOV807548576673/2021,S:K417T
BRA/RJ-NXBS21GENOV807548576673/2021,S:L18F
BRA/RJ-NXBS21GENOV807548576673/2021,S:N501Y
BRA/RJ-NXBS21GENOV807548576673/2021,S:P26S
BRA/RJ-NXBS21GENOV807548576673/2021,S:R190S
BRA/RJ-NXBS21GENOV807548576673/2021,S:T1027I
BRA/RJ-NXBS21GENOV807548576673/2021,S:T20N
BRA/RJ-NXBS21GENOV807548576673/2021,S:V1176F
CAN/165-Day5/2023,S:A27S
CAN/165-Day5/2023,S:D405N
CAN/165-Day5/2023,S:D614G
CAN/165-Day5/2023,S:D796Y
CAN/165-Day5/2023,S:E484A
CAN/165-Day5/2023,S:F456L
CAN/165-Day5/2023,S:F486P
CAN/165-Day5/2023,S:F490S
CAN/165-Day5/2023,S:G142D
CAN/165-Day5/2023,S:G252V
CAN/165-Day5/2023,S:G339H
CAN/165-Day5/2023,S:G446S
CAN/165-Day5/2023,S:H146Q
CAN/165-Day5/2023,S:H655Y
CAN/165-Day5/2023,S:K417N
CAN/165-Day5/2023,S:L24-
CAN/165-Day5/2023,S:L368I
CAN/165-Day5/2023,S:N440K
CAN/165-Day5/2023,S:N460K
CAN/165-Day5/2023,S:N501Y
CAN/165-Day5/2023,S:N679K
CAN/165-Day5/2023,S:N764K
CAN/165-Day5/2023,S:N969K
CAN/165-Day5/2023,S:P25-
CAN/165-Day5/2023,S:P26-
CAN/165-Day5/2023,S:P681H
CAN/165-Day5/2023,S:Q183E
CAN/165-Day5/2023,S:Q498R
CAN/165-Day5/2023,S:Q52H
CAN/165-Day5/2023,S:R346T
CAN/165-Day5/2023,S:R408S
CAN/165-Day5/2023,S:S371F
CAN/165-Day5/2023,S:S373P
CAN/165-Day5/2023,S:S375F
CAN/165-Day5/2023,S:S477N
CAN/165-Day5/2023,S:T19I
CAN/165-Day5/2023,S:T376A
CAN/165-Day5/2023,S:T478K
CAN/165-Day5/2023,S:V213E
CAN/165-Day5/2023,S:V445P
CAN/165-Day5/2023,S:V83A
CAN/165-Day5/2023,S:Y144-
CAN/165-Day5/2023,S:Y505H
CAN/4-Day1/2022,S:A27S
CAN/4-Day1/2022,S:D405N
CAN/4-Day1/2022,S:D614G
CAN/4-Day1/2022,S:D796Y
CAN/4-Day1/2022,S:E484A
CAN/4-Day1/2022,S:F486V
CAN/4-Day1/2022,S:G142D
CAN/4-Day1/2022,S:G339D
CAN/4-Day1/2022,S:H655Y
CAN/4-Day1/2022,S:H69-
CAN/4-Day1/2022,S:K417N
CAN/4-Day1/2022,S:K444T
CAN/4-Day1/2022,S:L24-
CAN/4-Day1/2022,S:L452R
CAN/4-Day1/2022,S:N440K
CAN/4-Day1/2022,S:N460K
CAN/4-Day1/2022,S:N501Y
CAN/4-Day1/2022,S:N679K
CAN/4-Day1/2022,S:N764K
CAN/4-Day1/2022,S:N969K
CAN/4-Day1/2022,S:P25-
CAN/4-Day1/2022,S:P26-
CAN/4-Day1/2022,S:P681H
CAN/4-Day1/2022,S:Q498R
CAN/4-Day1/2022,S:R346T
CAN/4-Day1/2022,S:R408S
CAN/4-Day1/2022,S:S371F
CAN/4-Day1/2022,S:S373P
CAN/4-Day1/2022,S:S375F
CAN/4-Day1/2022,S:S477N
CAN/4-Day1/2022,S:T19I
CAN/4-Day1/2022,S:T376A
CAN/4-Day1/2022,S:T478K
CAN/4-Day1/2022,S:V213G
CAN/4-Day1/2022,S:V70-
CAN/4-Day1/2022,S:Y505H
CAN/COVID_CRCHUM_Post_Freeze_3/2020,S:D614G
CAN/KB-D-002/2021,S:A222V
CAN/KB-D-002/2021,S:D614G
CAN/KB-D-002/2021,S:D950N
CAN/KB-D-002/2021,S:E156-
CAN/KB-D-002/2021,S:F157-
CAN/KB-D-002/2021,S:G142D
CAN/KB-D-002/2021,S:L452R
CAN/KB-D-002/2021,S:P681R
CAN/KB-D-002/2021,S:R158G
CAN/KB-D-002/2021,S:T19R
CAN/KB-D-002/2021,S:T478K
CHN/14-2024/2024,S:A264D
CHN/14-2024/2024,S:A27S
CHN/14-2024/2024,S:A570V
CHN/14-2024/2024,S:D405N
CHN/14-2024/2024,S:D614G
CHN/14-2024/2024,S:D796Y
CHN/14-2024/2024,S:E484K
CHN/14-2024/2024,S:E554K
CHN/14-2024/2024,S:F157S
CHN/14-2024/2024,S:F486P
CHN/14-2024/2024,S:G142D
CHN/14-2024/2024,S:G339H
CHN/14-2024/2024,S:G446S
CHN/14-2024/2024,S:H245N
CHN/14-2024/2024,S:H655Y
CHN/14-2024/2024,S:H69-
CHN/14-2024/2024,S:I332V
CHN/14-2024/2024,S:K356T
CHN/14-2024/2024,S:K417N
CHN/14-2024/2024,S:L212I
CHN/14-2024/2024,S:L216F
CHN/14-2024/2024,S:L24-
CHN/14-2024/2024,S:L452W
CHN/14-2024/2024,S:L455S
CHN/14-2024/2024,S:N211-
CHN/14-2024/2024,S:N440K
CHN/14-2024/2024,S:N450D
CHN/14-2024/2024,S:N460K
CHN/14-2024/2024,S:N481K
CHN/14-2024/2024,S:N50L
CHN/14-2024/2024,S:N679K
CHN/14-2024/2024,S:N764K
CHN/14-2024/2024,S:N969K
CHN/14-2024/2024,S:P1143L
CHN/14-2024/2024,S:P25-
CHN/14-2024/2024,S:P26-
CHN/14-2024/2024,S:P621S
CHN/14-2024/2024,S:P681R
CHN/14-2024/2024,S:Q498R
CHN/14-2024/2024,S:R158G
CHN/14-2024/2024,S:R408S
CHN/14-2024/2024,S:S31F
CHN/14-2024/2024,S:S371F
CHN/14-2024/2024,S:S373P
CHN/14-2024/2024,S:S375F
CHN/14-2024/2024,S:S477N
CHN/14-2024/2024,S:S939F
CHN/14-2024/2024,S:T19I
CHN/14-2024/2024,S:T376A
CHN/14-2024/2024,S:T478K
CHN/14-2024/2024,S:V127F
CHN/14-2024/2024,S:V21T
CHN/14-2024/2024,S:V445H
CHN/14-2024/2024,S:V483-
CHN/14-2024/2024,S:V70-
CHN/14-2024/2024,S:Y144-
CHN/2022A_XG40230/2022,S:A27S
CHN/2022A_XG40230/2022,S:D405N
CHN/2022A_XG40230/2022,S:D614G
CHN/2022A_XG40230/2022,S:D796Y
CHN/2022A_XG40230/2022,S:E484A
CHN/2022A_XG40230/2022,S:F486V
CHN/2022A_XG40230/2022,S:G142D
CHN/2022A_XG40230/2022,S:G339D
CHN/2022A_XG40230/2022,S:H655Y
CHN/2022A_XG40230/2022,S:H69-
CHN/2022A_XG40230/2022,S:K417N
CHN/2022A_XG40230/2022,S:L24-
CHN/2022A_XG40230/2022,S:L452R
CHN/2022A_XG40230/2022,S:N440K
CHN/2022A_XG40230/2022,S:N501Y
CHN/2022A_XG40230/2022,S:N679K
CHN/2022A_XG40230/2022,S:N764K
CHN/2022A_XG40230/2022,S:N969K
CHN/2022A_XG40230/2022,S:P25-
CHN/2022A_XG40230/2022,S:P26-
CHN/2022A_XG40230/2022,S:P681H
CHN/2022A_XG40230/2022,S:Q498R
CHN/2022A_XG40230/2022,S:R408S
CHN/2022A_XG40230/2022,S:S371F
CHN/2022A_XG40230/2022,S:S373P
CHN/2022A_XG40230/2022,S:S375F
CHN/2022A_XG40230/2022,S:S477N
CHN/2022A_XG40230/2022,S:T19I
CHN/2022A_XG40230/2022,S:T376A
CHN/2022A_XG40230/2022,S:T478K
CHN/2022A_XG40230/2022,S:V213G
CHN/2022A_XG40230/2022,S:V70-
CHN/2022A_XG40230/2022,S:Y505H
CHN/2025016/2025,S:A264D
CHN/2025016/2025,S:A27S
CHN/2025016/2025,S:A344-
CHN/2025016/2025,S:A570V
CHN/2025016/2025,S:D405N
CHN/2025016/2025,S:D614G
CHN/2025016/2025,S:D796Y
CHN/2025016/2025,S:E484K
CHN/2025016/2025,S:E554K
CHN/2025016/2025,S:F157S
CHN/2025016/2025,S:F456L
CHN/2025016/2025,S:F486P
CHN/2025016/2025,S:F59S
CHN/2025016/2025,S:G142D
CHN/2025016/2025,S:G184S
CHN/2025016/2025,S:G339H
CHN/2025016/2025,S:G446S
CHN/2025016/2025,S:H245N
CHN/2025016/2025,S:H655Y
CHN/2025016/2025,S:H69-
CHN/2025016/2025,S:I332V
CHN/2025016/2025,S:K356T
CHN/2025016/2025,S:K417N
CHN/2025016/2025,S:L176F
CHN/2025016/2025,S:L212I
CHN/2025016/2025,S:L216F
CHN/2025016/2025,S:L24-
CHN/2025016/2025,S:L452W
CHN/2025016/2025,S:L455S
CHN/2025016/2025,S:N211-
CHN/2025016/2025,S:N440K
CHN/2025016/2025,S:N450D
CHN/2025016/2025,S:N460K
CHN/2025016/2025,S:N481K
CHN/2025016/2025,S:N50S
CHN/2025016/2025,S:N679K
CHN/2025016/2025,S:N764K
CHN/2025016/2025,S:N969K
CHN/2025016/2025,S:P1143L
CHN/2025016/2025,S:P25-
CHN/2025016/2025,S:P26-
CHN/2025016/2025,S:P621S
CHN/2025016/2025,S:P681R
CHN/2025016/2025,S:Q498R
CHN/2025016/2025,S:R158G
CHN/2025016/2025,S:R403K
CHN/2025016/2025,S:R408S
CHN/2025016/2025,S:S371F
CHN/2025016/2025,S:S373P
CHN/2025016/2025,S:S375F
CHN/2025016/2025,S:S477N
CHN/2025016/2025,S:S939F
CHN/2025016/2025,S:T19I
CHN/2025016/2025,S:T22N
CHN/2025016/2025,S:T376A
CHN/2025016/2025,S:T478I
CHN/2025016/2025,S:V1104L
CHN/2025016/2025,S:V126-
CHN/2025016/2025,S:V21T
CHN/2025016/2025,S:V445P
CHN/2025016/2025,S:V483-
CHN/2025016/2025,S:V70-
CHN/2025016/2025,S:Y144-
CHN/2025327/2025,S:A264D
CHN/2025327/2025,S:A27S
CHN/2025327/2025,S:A570V
CHN/2025327/2025,S:D405N
CHN/2025327/2025,S:D614G
CHN/2025327/2025,S:D796Y
CHN/2025327/2025,S:E484K
CHN/2025327/2025,S:E554K
CHN/2025327/2025,S:F157S
CHN/2025327/2025,S:F456L
CHN/2025327/2025,S:F486P
CHN/2025327/2025,S:F59S
CHN/2025327/2025,S:G142D
CHN/2025327/2025,S:G184S
CHN/2025327/2025,S:G339H
CHN/2025327/2025,S:G446S
CHN/2025327/2025,S:H245N
CHN/2025327/2025,S:H655Y
CHN/2025327/2025,S:H69-
CHN/2025327/2025,S:I332V
CHN/2025327/2025,S:K356T
CHN/2025327/2025,S:K417N
CHN/2025327/2025,S:L176F
CHN/2025327/2025,S:L212I
CHN/2025327/2025,S:L216F
CHN/2025327/2025,S:L24-
CHN/2025327/2025,S:L452W
CHN/2025327/2025,S:L455S
CHN/2025327/2025,S:N211-
CHN/2025327/2025,S:N440K
CHN/2025327/2025,S:N450D
CHN/2025327/2025,S:N460K
CHN/2025327/2025,S:N481K
CHN/2025327/2025,S:N50S
CHN/2025327/2025,S:N679K
CHN/2025327/2025,S:N764K
CHN/2025327/2025,S:N969K
CHN/2025327/2025,S:P1143L
CHN/2025327/2025,S:P25-
CHN/2025327/2025,S:P26-
CHN/2025327/2025,S:P621S
CHN/2025327/2025,S:P681R
CHN/2025327/2025,S:Q498R
CHN/2025327/2025,S:R158G
CHN/2025327/2025,S:R408S
CHN/2025327/2025,S:S371F
CHN/2025327/2025,S:S373P
CHN/2025327/2025,S:S375F
CHN/2025327/2025,S:S477N
CHN/2025327/2025,S:S939F
CHN/2025327/2025,S:T19I
CHN/2025327/2025,S:T22N
CHN/2025327/2025,S:T376A
CHN/2025327/2025,S:T478I
CHN/2025327/2025,S:V127F
CHN/2025327/2025,S:V21T
CHN/2025327/2025,S:V445P
CHN/2025327/2025,S:V483-
CHN/2025327/2025,S:V70-
CHN/2025327/2025,S:Y144-
CHN/372-202407/2024,S:A264D
CHN/372-202407/2024,S:A27S
CHN/372-202407/2024,S:A570V
CHN/372-202407/2024,S:D405N
CHN/372-202407/2024,S:D614G
CHN/372-202407/2024,S:D796Y
CHN/372-202407/2024,S:E484K
CHN/372-202407/2024,S:E554K
CHN/372-202407/2024,S:F157S
CHN/372-202407/2024,S:F456L
CHN/372-202407/2024,S:F486P
CHN/372-202407/2024,S:G142D
CHN/372-202407/2024,S:G339H
CHN/372-202407/2024,S:G446S
CHN/372-202407/2024,S:H245N
CHN/372-202407/2024,S:H655Y
CHN/372-202407/2024,S:H69-
CHN/372-202407/2024,S:I332V
CHN/372-202407/2024,S:K356T
CHN/372-202407/2024,S:K417N
CHN/372-202407/2024,S:L212I
CHN/372-202407/2024,S:L216F
CHN/372-202407/2024,S:L24-
CHN/372-202407/2024,S:L452W
CHN/372-202407/2024,S:L455S
CHN/372-202407/2024,S:N211-
CHN/372-202407/2024,S:N440K
CHN/372-202407/2024,S:N450D
CHN/372-202407/2024,S:N460K
CHN/372-202407/2024,S:N481K
CHN/372-202407/2024,S:N50L
CHN/372-202407/2024,S:N679K
CHN/372-202407/2024,S:N764K
CHN/372-202407/2024,S:N969K
CHN/372-202407/2024,S:P1143L
CHN/372-202407/2024,S:P25-
CHN/372-202407/2024,S:P26-
CHN/372-202407/2024,S:P621S
CHN/372-202407/2024,S:P681R
CHN/372-202407/2024,S:Q498R
CHN/372-202407/2024,S:R158G
CHN/372-202407/2024,S:R408S
CHN/372-202407/2024,S:S371F
CHN/372-202407/2024,S:S373P
CHN/372-202407/2024,S:S375F
CHN/372-202407/2024,S:S477N
CHN/372-202407/2024,S:S939F
CHN/372-202407/2024,S:T19I
CHN/372-202407/2024,S:T376A
CHN/372-202407/2024,S:T478K
CHN/372-202407/2024,S:V21T
CHN/372-202407/2024,S:V445H
CHN/372-202407/2024,S:V483-
CHN/372-202407/2024,S:V70-
CHN/372-202407/2024,S:Y144-
CHN/419-2024/2024,S:A264D
CHN/419-2024/2024,S:A27S
CHN/419-2024/2024,S:A570V
CHN/419-2024/2024,S:D405N
CHN/419-2024/2024,S:D614G
CHN/419-2024/2024,S:D796Y
CHN/419-2024/2024,S:E484K
CHN/419-2024/2024,S:E554K
CHN/419-2024/2024,S:F157S
CHN/419-2024/2024,S:F456L
CHN/419-2024/2024,S:F486P
CHN/419-2024/2024,S:F59S
CHN/419-2024/2024,S:G142D
CHN/419-2024/2024,S:G339H
CHN/419-2024/2024,S:G446S
CHN/419-2024/2024,S:H245N
CHN/419-2024/2024,S:H655Y
CHN/419-2024/2024,S:H69-
CHN/419-2024/2024,S:I332V
CHN/419-2024/2024,S:K356T
CHN/419-2024/2024,S:K417N
CHN/419-2024/2024,S:L212I
CHN/419-2024/2024,S:L216F
CHN/419-2024/2024,S:L24-
CHN/419-2024/2024,S:L452W
CHN/419-2024/2024,S:L455S
CHN/419-2024/2024,S:N211-
CHN/419-2024/2024,S:N440K
CHN/419-2024/2024,S:N450D
CHN/419-2024/2024,S:N460K
CHN/419-2024/2024,S:N481K
CHN/419-2024/2024,S:N50L
CHN/419-2024/2024,S:N679K
CHN/419-2024/2024,S:N764K
CHN/419-2024/2024,S:N969K
CHN/419-2024/2024,S:P1143L
CHN/419-2024/2024,S:P25-
CHN/419-2024/2024,S:P26-
CHN/419-2024/2024,S:P621S
CHN/419-2024/2024,S:P681R
CHN/419-2024/2024,S:Q498R
CHN/419-2024/2024,S:R158G
CHN/419-2024/2024,S:R346T
CHN/419-2024/2024,S:R403K
CHN/419-2024/2024,S:R408S
CHN/419-2024/2024,S:S371F
CHN/419-2024/2024,S:S373P
CHN/419-2024/2024,S:S375F
CHN/419-2024/2024,S:S477N
CHN/419-2024/2024,S:S939F
CHN/419-2024/2024,S:T19I
CHN/419-2024/2024,S:T376A
CHN/419-2024/2024,S:T478K
CHN/419-2024/2024,S:T572I
CHN/419-2024/2024,S:V1104L
CHN/419-2024/2024,S:V127F
CHN/419-2024/2024,S:V21T
CHN/419-2024/2024,S:V445H
CHN/419-2024/2024,S:V483-
CHN/419-2024/2024,S:V70-
CHN/419-2024/2024,S:Y144-
CHN/514-2024/2024,S:A264D
CHN/514-2024/2024,S:A27S
CHN/514-2024/2024,S:A570V
CHN/514-2024/2024,S:D405N
CHN/514-2024/2024,S:D614G
CHN/514-2024/2024,S:D796Y
CHN/514-2024/2024,S:E484K
CHN/514-2024/2024,S:E554K
CHN/514-2024/2024,S:F157S
CHN/514-2024/2024,S:F456L
CHN/514-2024/2024,S:F486P
CHN/514-2024/2024,S:G142D
CHN/514-2024/2024,S:G339H
CHN/514-2024/2024,S:G446S
CHN/514-2024/2024,S:H245N
CHN/514-2024/2024,S:H655Y
CHN/514-2024/2024,S:H69-
CHN/514-2024/2024,S:I332V
CHN/514-2024/2024,S:K356T
CHN/514-2024/2024,S:K417N
CHN/514-2024/2024,S:L212I
CHN/514-2024/2024,S:L216F
CHN/514-2024/2024,S:L24-
CHN/514-2024/2024,S:L452W
CHN/514-2024/2024,S:L455S
CHN/514-2024/2024,S:N211-
CHN/514-2024/2024,S:N440K
CHN/514-2024/2024,S:N450D
CHN/514-2024/2024,S:N460K
CHN/514-2024/2024,S:N481K
CHN/514-2024/2024,S:N50L
CHN/514-2024/2024,S:N679K
CHN/514-2024/2024,S:N764K
CHN/514-2024/2024,S:N969K
CHN/514-2024/2024,S:P1143L
CHN/514-2024/2024,S:P25-
CHN/514-2024/2024,S:P26-
CHN/514-2024/2024,S:P621S
CHN/514-2024/2024,S:P681R
CHN/514-2024/2024,S:Q498R
CHN/514-2024/2024,S:R158G
CHN/514-2024/2024,S:R408S
CHN/514-2024/2024,S:S371F
CHN/514-2024/2024,S:S373P
CHN/514-2024/2024,S:S375F
CHN/514-2024/2024,S:S477N
CHN/514-2024/2024,S:S939F
CHN/514-2024/2024,S:T19I
CHN/514-2024/2024,S:T376A
CHN/514-2024/2024,S:T478K
CHN/514-2024/2024,S:V21T
CHN/514-2024/2024,S:V445H
CHN/514-2024/2024,S:V483-
CHN/514-2024/2024,S:V70-
CHN/514-2024/2024,S:Y144-
CHN/517-2024/2024,S:A264D
CHN/517-2024/2024,S:A27S
CHN/517-2024/2024,S:A570V
CHN/517-2024/2024,S:D405N
CHN/517-2024/2024,S:D614G
CHN/517-2024/2024,S:D796Y
CHN/517-2024/2024,S:E484K
CHN/517-2024/2024,S:E554K
CHN/517-2024/2024,S:F157S
CHN/517-2024/2024,S:F456L
CHN/517-2024/2024,S:F486P
CHN/517-2024/2024,S:G142D
CHN/517-2024/2024,S:G339H
CHN/517-2024/2024,S:G446S
CHN/517-2024/2024,S:H245N
CHN/517-2024/2024,S:H655Y
CHN/517-2024/2024,S:H69-
CHN/517-2024/2024,S:I332V
CHN/517-2024/2024,S:K356T
CHN/517-2024/2024,S:K417N
CHN/517-2024/2024,S:L212I
CHN/517-2024/2024,S:L216F
CHN/517-2024/2024,S:L24-
CHN/517-2024/2024,S:L452W
CHN/517-2024/2024,S:L455S
CHN/517-2024/2024,S:N211-
CHN/517-2024/2024,S:N440K
CHN/517-2024/2024,S:N450D
CHN/517-2024/2024,S:N460K
CHN/517-2024/2024,S:N481K
CHN/517-2024/2024,S:N50L
CHN/517-2024/2024,S:N679K
CHN/517-2024/2024,S:N764K
CHN/517-2024/2024,S:N969K
CHN/517-2024/2024,S:P1143L
CHN/517-2024/2024,S:P25-
CHN/517-2024/2024,S:P26-
CHN/517-2024/2024,S:P621S
CHN/517-2024/2024,S:P681R
CHN/517-2024/2024,S:Q498R
CHN/517-2024/2024,S:R158G
CHN/517-2024/2024,S:R408S
CHN/517-2024/2024,S:S371F
CHN/517-2024/2024,S:S373P
CHN/517-2024/2024,S:S375F
CHN/517-2024/2024,S:S477N
CHN/517-2024/2024,S:S939F
CHN/517-2024/2024,S:T19I
CHN/517-2024/2024,S:T376A
CHN/517-2024/2024,S:T478K
CHN/517-2024/2024,S:V21T
CHN/517-2024/2024,S:V445H
CHN/517-2024/2024,S:V483-
CHN/517-2024/2024,S:V70-
CHN/517-2024/2024,S:Y144-
CHN/5571/2021,S:D614G
CHN/5571/2021,S:D950N
CHN/5571/2021,S:E156-
CHN/5571/2021,S:F157-
CHN/5571/2021,S:G142D
CHN/5571/2021,S:L452R
CHN/5571/2021,S:P681R
CHN/5571/2021,S:R158G
CHN/5571/2021,S:T19R
CHN/5571/2021,S:T478K
CHN/5571/2021,S:V1176F
CHN/5976/2021,S:D614G
CHN/5976/2021,S:D950N
CHN/5976/2021,S:E156-
CHN/5976/2021,S:F157-
CHN/5976/2021,S:G142D
CHN/5976/2021,S:L452R
CHN/5976/2021,S:P681R
CHN/5976/2021,S:R158G
CHN/5976/2021,S:T19R
CHN/5976/2021,S:T478K
CHN/5976/2021,S:V1176F
CHN/BJ-NVSI-20230028/2023,S:A27S
CHN/BJ-NVSI-20230028/2023,S:D405N
CHN/BJ-NVSI-20230028/2023,S:D614G
CHN/BJ-NVSI-20230028/2023,S:D796Y
CHN/BJ-NVSI-20230028/2023,S:E484A
CHN/BJ-NVSI-20230028/2023,S:F456L
CHN/BJ-NVSI-20230028/2023,S:F486P
CHN/BJ-NVSI-20230028/2023,S:F490S
CHN/BJ-NVSI-20230028/2023,S:F59S
CHN/BJ-NVSI-20230028/2023,S:G142D
CHN/BJ-NVSI-20230028/2023,S:G252V
CHN/BJ-NVSI-20230028/2023,S:G339H
CHN/BJ-NVSI-20230028/2023,S:G446S
CHN/BJ-NVSI-20230028/2023,S:H146Q
CHN/BJ-NVSI-20230028/2023,S:H655Y
CHN/BJ-NVSI-20230028/2023,S:K417N
CHN/BJ-NVSI-20230028/2023,S:L24-
CHN/BJ-NVSI-20230028/2023,S:L368I
CHN/BJ-NVSI-20230028/2023,S:N440K
CHN/BJ-NVSI-20230028/2023,S:N460K
CHN/BJ-NVSI-20230028/2023,S:N501Y
CHN/BJ-NVSI-20230028/2023,S:N679K
CHN/BJ-NVSI-20230028/2023,S:N764K
CHN/BJ-NVSI-20230028/2023,S:N969K
CHN/BJ-NVSI-20230028/2023,S:P25-
CHN/BJ-NVSI-20230028/2023,S:P26-
CHN/BJ-NVSI-20230028/2023,S:P681H
CHN/BJ-NVSI-20230028/2023,S:Q183E
CHN/BJ-NVSI-20230028/2023,S:Q498R
CHN/BJ-NVSI-20230028/2023,S:Q52H
CHN/BJ-NVSI-20230028/2023,S:R346T
CHN/BJ-NVSI-20230028/2023,S:R408S
CHN/BJ-NVSI-20230028/2023,S:S371F
CHN/BJ-NVSI-20230028/2023,S:S373P
CHN/BJ-NVSI-20230028/2023,S:S375F
CHN/BJ-NVSI-20230028/2023,S:S477N
CHN/BJ-NVSI-20230028/2023,S:T19I
CHN/BJ-NVSI-20230028/2023,S:T376A
CHN/BJ-NVSI-20230028/2023,S:T478K
CHN/BJ-NVSI-20230028/2023,S:V213E
CHN/BJ-NVSI-20230028/2023,S:V445P
CHN/BJ-NVSI-20230028/2023,S:V83A
CHN/BJ-NVSI-20230028/2023,S:Y144-
CHN/BJ-NVSI-20230028/2023,S:Y505H
CHN/GCDC-DG010508/2022,S:A27S
CHN/GCDC-DG010508/2022,S:D405N
CHN/GCDC-DG010508/2022,S:D614G
CHN/GCDC-DG010508/2022,S:D796Y
CHN/GCDC-DG010508/2022,S:E484A
CHN/GCDC-DG010508/2022,S:F486V
CHN/GCDC-DG010508/2022,S:G142D
CHN/GCDC-DG010508/2022,S:G339D
CHN/GCDC-DG010508/2022,S:H655Y
CHN/GCDC-DG010508/2022,S:H69-
CHN/GCDC-DG010508/2022,S:K417N
CHN/GCDC-DG010508/2022,S:L24-
CHN/GCDC-DG010508/2022,S:L452R
CHN/GCDC-DG010508/2022,S:N440K
CHN/GCDC-DG010508/2022,S:N501Y
CHN/GCDC-DG010508/2022,S:N679K
CHN/GCDC-DG010508/2022,S:N764K
CHN/GCDC-DG010508/2022,S:N969K
CHN/GCDC-DG010508/2022,S:P25-
CHN/GCDC-DG010508/2022,S:P26-
CHN/GCDC-DG010508/2022,S:P681H
CHN/GCDC-DG010508/2022,S:Q498R
CHN/GCDC-DG010508/2022,S:R408S
CHN/GCDC-DG010508/2022,S:S371F
CHN/GCDC-DG010508/2022,S:S373P
CHN/GCDC-DG010508/2022,S:S375F
CHN/GCDC-DG010508/2022,S:S477N
CHN/GCDC-DG010508/2022,S:T19I
CHN/GCDC-DG010508/2022,S:T376A
CHN/GCDC-DG010508/2022,S:T478K
CHN/GCDC-DG010508/2022,S:V213G
CHN/GCDC-DG010508/2022,S:V70-
CHN/GCDC-DG010508/2022,S:Y505H
CHN/GD-2-12/2022,S:A27S
CHN/GD-2-12/2022,S:D405N
CHN/GD-2-12/2022,S:D614G
CHN/GD-2-12/2022,S:D796Y
CHN/GD-2-12/2022,S:E484A
CHN/GD-2-12/2022,S:G142D
CHN/GD-2-12/2022,S:G339D
CHN/GD-2-12/2022,S:H655Y
CHN/GD-2-12/2022,S:K417N
CHN/GD-2-12/2022,S:L24-
CHN/GD-2-12/2022,S:L452Q
CHN/GD-2-12/2022,S:N440K
CHN/GD-2-12/2022,S:N501Y
CHN/GD-2-12/2022,S:N679K
CHN/GD-2-12/2022,S:N764K
CHN/GD-2-12/2022,S:N969K
CHN/GD-2-12/2022,S:P25-
CHN/GD-2-12/2022,S:P26-
CHN/GD-2-12/2022,S:P681H
CHN/GD-2-12/2022,S:Q493R
CHN/GD-2-12/2022,S:Q498R
CHN/GD-2-12/2022,S:R408S
CHN/GD-2-12/2022,S:R682G
CHN/GD-2-12/2022,S:S371F
CHN/GD-2-12/2022,S:S373P
CHN/GD-2-12/2022,S:S375F
CHN/GD-2-12/2022,S:S477N
CHN/GD-2-12/2022,S:S704L
CHN/GD-2-12/2022,S:T19I
CHN/GD-2-12/2022,S:T376A
CHN/GD-2-12/2022,S:T478K
CHN/GD-2-12/2022,S:V213G
CHN/GD-2-12/2022,S:Y505H
CHN/GD-4/2022,S:A27S
CHN/GD-4/2022,S:D405N
CHN/GD-4/2022,S:D614G
CHN/GD-4/2022,S:D796Y
CHN/GD-4/2022,S:E484A
CHN/GD-4/2022,S:F486V
CHN/GD-4/2022,S:G142D
CHN/GD-4/2022,S:G339D
CHN/GD-4/2022,S:H655Y
CHN/GD-4/2022,S:H69-
CHN/GD-4/2022,S:K417N
CHN/GD-4/2022,S:L24-
CHN/GD-4/2022,S:L452R
CHN/GD-4/2022,S:N440K
CHN/GD-4/2022,S:N501Y
CHN/GD-4/2022,S:N658S
CHN/GD-4/2022,S:N679K
CHN/GD-4/2022,S:N764K
CHN/GD-4/2022,S:N969K
CHN/GD-4/2022,S:P25-
CHN/GD-4/2022,S:P26-
CHN/GD-4/2022,S:P681H
CHN/GD-4/2022,S:Q498R
CHN/GD-4/2022,S:R408S
CHN/GD-4/2022,S:R682W
CHN/GD-4/2022,S:S371F
CHN/GD-4/2022,S:S373P
CHN/GD-4/2022,S:S375F
CHN/GD-4/2022,S:S477N
CHN/GD-4/2022,S:T19I
CHN/GD-4/2022,S:T376A
CHN/GD-4/2022,S:T478K
CHN/GD-4/2022,S:V213G
CHN/GD-4/2022,S:V70-
CHN/GD-4/2022,S:Y505H
CHN/GDCDC-00829/2023,S:A27S
CHN/GDCDC-00829/2023,S:D405N
CHN/GDCDC-00829/2023,S:D614G
CHN/GDCDC-00829/2023,S:D796Y
CHN/GDCDC-00829/2023,S:E484A
CHN/GDCDC-00829/2023,S:F486V
CHN/GDCDC-00829/2023,S:G142D
CHN/GDCDC-00829/2023,S:G339D
CHN/GDCDC-00829/2023,S:H655Y
CHN/GDCDC-00829/2023,S:H69-
CHN/GDCDC-00829/2023,S:K417N
CHN/GDCDC-00829/2023,S:L24-
CHN/GDCDC-00829/2023,S:L452R
CHN/GDCDC-00829/2023,S:L585F
CHN/GDCDC-00829/2023,S:N440K
CHN/GDCDC-00829/2023,S:N501Y
CHN/GDCDC-00829/2023,S:N679K
CHN/GDCDC-00829/2023,S:N764K
CHN/GDCDC-00829/2023,S:N969K
CHN/GDCDC-00829/2023,S:P25-
CHN/GDCDC-00829/2023,S:P26-
CHN/GDCDC-00829/2023,S:P681H
CHN/GDCDC-00829/2023,S:Q498R
CHN/GDCDC-00829/2023,S:R408S
CHN/GDCDC-00829/2023,S:S371F
CHN/GDCDC-00829/2023,S:S373P
CHN/GDCDC-00829/2023,S:S375F
CHN/GDCDC-00829/2023,S:S477N
CHN/GDCDC-00829/2023,S:T19I
CHN/GDCDC-00829/2023,S:T376A
CHN/GDCDC-00829/2023,S:T478K
CHN/GDCDC-00829/2023,S:V213G
CHN/GDCDC-00829/2023,S:V70-
CHN/GDCDC-00829/2023,S:Y505H
CHN/GDCDC-CZ-0067/2023,S:A27S
CHN/GDCDC-CZ-0067/2023,S:C1243F
CHN/GDCDC-CZ-0067/2023,S:D405N
CHN/GDCDC-CZ-0067/2023,S:D614G
CHN/GDCDC-CZ-0067/2023,S:D796Y
CHN/GDCDC-CZ-0067/2023,S:E484A
CHN/GDCDC-CZ-0067/2023,S:F486V
CHN/GDCDC-CZ-0067/2023,S:G142D
CHN/GDCDC-CZ-0067/2023,S:G339D
CHN/GDCDC-CZ-0067/2023,S:H655Y
CHN/GDCDC-CZ-0067/2023,S:H69-
CHN/GDCDC-CZ-0067/2023,S:K417N
CHN/GDCDC-CZ-0067/2023,S:L24-
CHN/GDCDC-CZ-0067/2023,S:L452R
CHN/GDCDC-CZ-0067/2023,S:N440K
CHN/GDCDC-CZ-0067/2023,S:N501Y
CHN/GDCDC-CZ-0067/2023,S:N679K
CHN/GDCDC-CZ-0067/2023,S:N764K
CHN/GDCDC-CZ-0067/2023,S:N969K
CHN/GDCDC-CZ-0067/2023,S:P25-
CHN/GDCDC-CZ-0067/2023,S:P26-
CHN/GDCDC-CZ-0067/2023,S:P681H
CHN/GDCDC-CZ-0067/2023,S:Q498R
CHN/GDCDC-CZ-0067/2023,S:R346T
CHN/GDCDC-CZ-0067/2023,S:R408S
CHN/GDCDC-CZ-0067/2023,S:S371F
CHN/GDCDC-CZ-0067/2023,S:S373P
CHN/GDCDC-CZ-0067/2023,S:S375F
CHN/GDCDC-CZ-0067/2023,S:S477N
CHN/GDCDC-CZ-0067/2023,S:T19I
CHN/GDCDC-CZ-0067/2023,S:T376A
CHN/GDCDC-CZ-0067/2023,S:T478K
CHN/GDCDC-CZ-0067/2023,S:V213G
CHN/GDCDC-CZ-0067/2023,S:V70-
CHN/GDCDC-CZ-0067/2023,S:Y505H
CHN/GDCDC_GZHG_1207/2023,S:A27S
CHN/GDCDC_GZHG_1207/2023,S:D405N
CHN/GDCDC_GZHG_1207/2023,S:D614G
CHN/GDCDC_GZHG_1207/2023,S:D796Y
CHN/GDCDC_GZHG_1207/2023,S:E180V
CHN/GDCDC_GZHG_1207/2023,S:E484A
CHN/GDCDC_GZHG_1207/2023,S:F486P
CHN/GDCDC_GZHG_1207/2023,S:F490S
CHN/GDCDC_GZHG_1207/2023,S:G142D
CHN/GDCDC_GZHG_1207/2023,S:G252V
CHN/GDCDC_GZHG_1207/2023,S:G339H
CHN/GDCDC_GZHG_1207/2023,S:G446S
CHN/GDCDC_GZHG_1207/2023,S:H146Q
CHN/GDCDC_GZHG_1207/2023,S:H655Y
CHN/GDCDC_GZHG_1207/2023,S:K417N
CHN/GDCDC_GZHG_1207/2023,S:L24-
CHN/GDCDC_GZHG_1207/2023,S:L368I
CHN/GDCDC_GZHG_1207/2023,S:N440K
CHN/GDCDC_GZHG_1207/2023,S:N460K
CHN/GDCDC_GZHG_1207/2023,S:N501Y
CHN/GDCDC_GZHG_1207/2023,S:N679K
CHN/GDCDC_GZHG_1207/2023,S:N764K
CHN/GDCDC_GZHG_1207/2023,S:N969K
CHN/GDCDC_GZHG_1207/2023,S:P25-
CHN/GDCDC_GZHG_1207/2023,S:P26-
CHN/GDCDC_GZHG_1207/2023,S:P681H
CHN/GDCDC_GZHG_1207/2023,S:Q183E
CHN/GDCDC_GZHG_1207/2023,S:Q498R
CHN/GDCDC_GZHG_1207/2023,S:R346T
CHN/GDCDC_GZHG_1207/2023,S:R408S
CHN/GDCDC_GZHG_1207/2023,S:S371F
CHN/GDCDC_GZHG_1207/2023,S:S373P
CHN/GDCDC_GZHG_1207/2023,S:S375F
CHN/GDCDC_GZHG_1207/2023,S:S477N
CHN/GDCDC_GZHG_1207/2023,S:T19I
CHN/GDCDC_GZHG_1207/2023,S:T376A
CHN/GDCDC_GZHG_1207/2023,S:T478R
CHN/GDCDC_GZHG_1207/2023,S:V213E
CHN/GDCDC_GZHG_1207/2023,S:V445P
CHN/GDCDC_GZHG_1207/2023,S:V83A
CHN/GDCDC_GZHG_1207/2023,S:Y144-
CHN/GDCDC_GZHG_1207/2023,S:Y505H
CHN/GDCDC_QY_0061/2023,S:A27S
CHN/GDCDC_QY_0061/2023,S:D405N
CHN/GDCDC_QY_0061/2023,S:D614G
CHN/GDCDC_QY_0061/2023,S:D796Y
CHN/GDCDC_QY_0061/2023,S:E484A
CHN/GDCDC_QY_0061/2023,S:F486P
CHN/GDCDC_QY_0061/2023,S:F490S
CHN/GDCDC_QY_0061/2023,S:G142D
CHN/GDCDC_QY_0061/2023,S:G252V
CHN/GDCDC_QY_0061/2023,S:G339H
CHN/GDCDC_QY_0061/2023,S:G446S
CHN/GDCDC_QY_0061/2023,S:H146Q
CHN/GDCDC_QY_0061/2023,S:H655Y
CHN/GDCDC_QY_0061/2023,S:K417N
CHN/GDCDC_QY_0061/2023,S:L24-
CHN/GDCDC_QY_0061/2023,S:L368I
CHN/GDCDC_QY_0061/2023,S:N440K
CHN/GDCDC_QY_0061/2023,S:N460K
CHN/GDCDC_QY_0061/2023,S:N501Y
CHN/GDCDC_QY_0061/2023,S:N679K
CHN/GDCDC_QY_0061/2023,S:N764K
CHN/GDCDC_QY_0061/2023,S:N969K
CHN/GDCDC_QY_0061/2023,S:P25-
CHN/GDCDC_QY_0061/2023,S:P26-
CHN/GDCDC_QY_0061/2023,S:P681H
CHN/GDCDC_QY_0061/2023,S:Q183E
CHN/GDCDC_QY_0061/2023,S:Q498R
CHN/GDCDC_QY_0061/2023,S:R346T
CHN/GDCDC_QY_0061/2023,S:R408S
CHN/GDCDC_QY_0061/2023,S:S371F
CHN/GDCDC_QY_0061/2023,S:S373P
CHN/GDCDC_QY_0061/2023,S:S375F
CHN/GDCDC_QY_0061/2023,S:S477N
CHN/GDCDC_QY_0061/2023,S:T19I
CHN/GDCDC_QY_0061/2023,S:T376A
CHN/GDCDC_QY_0061/2023,S:T478K
CHN/GDCDC_QY_0061/2023,S:V213E
CHN/GDCDC_QY_0061/2023,S:V289I
CHN/GDCDC_QY_0061/2023,S:V445P
CHN/GDCDC_QY_0061/2023,S:V83A
CHN/GDCDC_QY_0061/2023,S:Y144-
CHN/GDCDC_QY_0061/2023,S:Y505H
CHN/GDCDC_ST_0253/2023,S:A27S
CHN/GDCDC_ST_0253/2023,S:D405N
CHN/GDCDC_ST_0253/2023,S:D614G
CHN/GDCDC_ST_0253/2023,S:D796Y
CHN/GDCDC_ST_0253/2023,S:E484A
CHN/GDCDC_ST_0253/2023,S:F486P
CHN/GDCDC_ST_0253/2023,S:F490S
CHN/GDCDC_ST_0253/2023,S:G142D
CHN/GDCDC_ST_0253/2023,S:G252V
CHN/GDCDC_ST_0253/2023,S:G339H
CHN/GDCDC_ST_0253/2023,S:G446S
CHN/GDCDC_ST_0253/2023,S:H146K
CHN/GDCDC_ST_0253/2023,S:H655Y
CHN/GDCDC_ST_0253/2023,S:K417N
CHN/GDCDC_ST_0253/2023,S:L24-
CHN/GDCDC_ST_0253/2023,S:L368I
CHN/GDCDC_ST_0253/2023,S:N440K
CHN/GDCDC_ST_0253/2023,S:N460K
CHN/GDCDC_ST_0253/2023,S:N501Y
CHN/GDCDC_ST_0253/2023,S:N679K
CHN/GDCDC_ST_0253/2023,S:N764K
CHN/GDCDC_ST_0253/2023,S:N969K
CHN/GDCDC_ST_0253/2023,S:P25-
CHN/GDCDC_ST_0253/2023,S:P26-
CHN/GDCDC_ST_0253/2023,S:P681H
CHN/GDCDC_ST_0253/2023,S:Q183E
CHN/GDCDC_ST_0253/2023,S:Q498R
CHN/GDCDC_ST_0253/2023,S:R346T
CHN/GDCDC_ST_0253/2023,S:R408S
CHN/GDCDC_ST_0253/2023,S:S371F
CHN/GDCDC_ST_0253/2023,S:S373P
CHN/GDCDC_ST_0253/2023,S:S375F
CHN/GDCDC_ST_0253/2023,S:S477N
CHN/GDCDC_ST_0253/2023,S:T19I
CHN/GDCDC_ST_0253/2023,S:T376A
CHN/GDCDC_ST_0253/2023,S:T478K
CHN/GDCDC_ST_0253/2023,S:V213E
CHN/GDCDC_ST_0253/2023,S:V445P
CHN/GDCDC_ST_0253/2023,S:V83A
CHN/GDCDC_ST_0253/2023,S:Y144-
CHN/GDCDC_ST_0253/2023,S:Y505H
CHN/GDCDC_SZHG_1095/2023,S:A27S
CHN/GDCDC_SZHG_1095/2023,S:D1259Y
CHN/GDCDC_SZHG_1095/2023,S:D405N
CHN/GDCDC_SZHG_1095/2023,S:D614G
CHN/GDCDC_SZHG_1095/2023,S:D796Y
CHN/GDCDC_SZHG_1095/2023,S:E484A
CHN/GDCDC_SZHG_1095/2023,S:F486P
CHN/GDCDC_SZHG_1095/2023,S:F490S
CHN/GDCDC_SZHG_1095/2023,S:G142D
CHN/GDCDC_SZHG_1095/2023,S:G252V
CHN/GDCDC_SZHG_1095/2023,S:G339H
CHN/GDCDC_SZHG_1095/2023,S:G446S
CHN/GDCDC_SZHG_1095/2023,S:H146Q
CHN/GDCDC_SZHG_1095/2023,S:H655Y
CHN/GDCDC_SZHG_1095/2023,S:K417N
CHN/GDCDC_SZHG_1095/2023,S:L24-
CHN/GDCDC_SZHG_1095/2023,S:L368I
CHN/GDCDC_SZHG_1095/2023,S:N440K
CHN/GDCDC_SZHG_1095/2023,S:N460K
CHN/GDCDC_SZHG_1095/2023,S:N501Y
CHN/GDCDC_SZHG_1095/2023,S:N679K
CHN/GDCDC_SZHG_1095/2023,S:N764K
CHN/GDCDC_SZHG_1095/2023,S:N969K
CHN/GDCDC_SZHG_1095/2023,S:P25-
CHN/GDCDC_SZHG_1095/2023,S:P26-
CHN/GDCDC_SZHG_1095/2023,S:P681H
CHN/GDCDC_SZHG_1095/2023,S:Q183E
CHN/GDCDC_SZHG_1095/2023,S:Q498R
CHN/GDCDC_SZHG_1095/2023,S:R346T
CHN/GDCDC_SZHG_1095/2023,S:R408S
CHN/GDCDC_SZHG_1095/2023,S:S371F
CHN/GDCDC_SZHG_1095/2023,S:S373P
CHN/GDCDC_SZHG_1095/2023,S:S375F
CHN/GDCDC_SZHG_1095/2023,S:S477N
CHN/GDCDC_SZHG_1095/2023,S:T19I
CHN/GDCDC_SZHG_1095/2023,S:T376A
CHN/GDCDC_SZHG_1095/2023,S:T478K
CHN/GDCDC_SZHG_1095/2023,S:V213E
CHN/GDCDC_SZHG_1095/2023,S:V445P
CHN/GDCDC_SZHG_1095/2023,S:V83A
CHN/GDCDC_SZHG_1095/2023,S:Y144-
CHN/GDCDC_SZHG_1095/2023,S:Y505H
CHN/GDCDC_SZHG_1939/2023,S:A27S
CHN/GDCDC_SZHG_1939/2023,S:D405N
CHN/GDCDC_SZHG_1939/2023,S:D614G
CHN/GDCDC_SZHG_1939/2023,S:D796Y
CHN/GDCDC_SZHG_1939/2023,S:E484A
CHN/GDCDC_SZHG_1939/2023,S:F456L
CHN/GDCDC_SZHG_1939/2023,S:F486P
CHN/GDCDC_SZHG_1939/2023,S:F490S
CHN/GDCDC_SZHG_1939/2023,S:G142D
CHN/GDCDC_SZHG_1939/2023,S:G252V
CHN/GDCDC_SZHG_1939/2023,S:G339H
CHN/GDCDC_SZHG_1939/2023,S:G446S
CHN/GDCDC_SZHG_1939/2023,S:H146Q
CHN/GDCDC_SZHG_1939/2023,S:H655Y
CHN/GDCDC_SZHG_1939/2023,S:K417N
CHN/GDCDC_SZHG_1939/2023,S:L24-
CHN/GDCDC_SZHG_1939/2023,S:L368I
CHN/GDCDC_SZHG_1939/2023,S:N440K
CHN/GDCDC_SZHG_1939/2023,S:N460K
CHN/GDCDC_SZHG_1939/2023,S:N501Y
CHN/GDCDC_SZHG_1939/2023,S:N679K
CHN/GDCDC_SZHG_1939/2023,S:N764K
CHN/GDCDC_SZHG_1939/2023,S:N969K
CHN/GDCDC_SZHG_1939/2023,S:P25-
CHN/GDCDC_SZHG_1939/2023,S:P26-
CHN/GDCDC_SZHG_1939/2023,S:P681H
CHN/GDCDC_SZHG_1939/2023,S:Q183E
CHN/GDCDC_SZHG_1939/2023,S:Q498R
CHN/GDCDC_SZHG_1939/2023,S:Q52H
CHN/GDCDC_SZHG_1939/2023,S:R346T
CHN/GDCDC_SZHG_1939/2023,S:R408S
CHN/GDCDC_SZHG_1939/2023,S:S371F
CHN/GDCDC_SZHG_1939/2023,S:S373P
CHN/GDCDC_SZHG_1939/2023,S:S375F
CHN/GDCDC_SZHG_1939/2023,S:S477N
CHN/GDCDC_SZHG_1939/2023,S:T19I
CHN/GDCDC_SZHG_1939/2023,S:T376A
CHN/GDCDC_SZHG_1939/2023,S:T478K
CHN/GDCDC_SZHG_1939/2023,S:V213E
CHN/GDCDC_SZHG_1939/2023,S:V445P
CHN/GDCDC_SZHG_1939/2023,S:V83A
CHN/GDCDC_SZHG_1939/2023,S:Y144-
CHN/GDCDC_SZHG_1939/2023,S:Y505H
CHN/GDCDC_SZ_1710/2023,S:A27S
CHN/GDCDC_SZ_1710/2023,S:D405N
CHN/GDCDC_SZ_1710/2023,S:D614G
CHN/GDCDC_SZ_1710/2023,S:D796Y
CHN/GDCDC_SZ_1710/2023,S:E484A
CHN/GDCDC_SZ_1710/2023,S:F486P
CHN/GDCDC_SZ_1710/2023,S:F490S
CHN/GDCDC_SZ_1710/2023,S:G142D
CHN/GDCDC_SZ_1710/2023,S:G252V
CHN/GDCDC_SZ_1710/2023,S:G339H
CHN/GDCDC_SZ_1710/2023,S:G446S
CHN/GDCDC_SZ_1710/2023,S:H146Q
CHN/GDCDC_SZ_1710/2023,S:H655Y
CHN/GDCDC_SZ_1710/2023,S:K417N
CHN/GDCDC_SZ_1710/2023,S:L24-
CHN/GDCDC_SZ_1710/2023,S:L368I
CHN/GDCDC_SZ_1710/2023,S:N440K
CHN/GDCDC_SZ_1710/2023,S:N460K
CHN/GDCDC_SZ_1710/2023,S:N501Y
CHN/GDCDC_SZ_1710/2023,S:N679K
CHN/GDCDC_SZ_1710/2023,S:N764K
CHN/GDCDC_SZ_1710/2023,S:N969K
CHN/GDCDC_SZ_1710/2023,S:P25-
CHN/GDCDC_SZ_1710/2023,S:P26-
CHN/GDCDC_SZ_1710/2023,S:P681H
CHN/GDCDC_SZ_1710/2023,S:P809Q
CHN/GDCDC_SZ_1710/2023,S:Q183E
CHN/GDCDC_SZ_1710/2023,S:Q498R
CHN/GDCDC_SZ_1710/2023,S:R346T
CHN/GDCDC_SZ_1710/2023,S:R408S
CHN/GDCDC_SZ_1710/2023,S:S371F
CHN/GDCDC_SZ_1710/2023,S:S373P
CHN/GDCDC_SZ_1710/2023,S:S375F
CHN/GDCDC_SZ_1710/2023,S:S477N
CHN/GDCDC_SZ_1710/2023,S:T19I
CHN/GDCDC_SZ_1710/2023,S:T376A
CHN/GDCDC_SZ_1710/2023,S:T478K
CHN/GDCDC_SZ_1710/2023,S:V213E
CHN/GDCDC_SZ_1710/2023,S:V445P
CHN/GDCDC_SZ_1710/2023,S:V83A
CHN/GDCDC_SZ_1710/2023,S:Y144-
CHN/GDCDC_SZ_1710/2023,S:Y505H
CHN/GDCDC_ZHHG_0220/2023,S:D405N
CHN/GDCDC_ZHHG_0220/2023,S:D614G
CHN/GDCDC_ZHHG_0220/2023,S:D796Y
CHN/GDCDC_ZHHG_0220/2023,S:E484A
CHN/GDCDC_ZHHG_0220/2023,S:F456L
CHN/GDCDC_ZHHG_0220/2023,S:F486P
CHN/GDCDC_ZHHG_0220/2023,S:F490S
CHN/GDCDC_ZHHG_0220/2023,S:G142D
CHN/GDCDC_ZHHG_0220/2023,S:G252V
CHN/GDCDC_ZHHG_0220/2023,S:G339H
CHN/GDCDC_ZHHG_0220/2023,S:G446S
CHN/GDCDC_ZHHG_0220/2023,S:H146Q
CHN/GDCDC_ZHHG_0220/2023,S:H655Y
CHN/GDCDC_ZHHG_0220/2023,S:K417N
CHN/GDCDC_ZHHG_0220/2023,S:L368I
CHN/GDCDC_ZHHG_0220/2023,S:N440K
CHN/GDCDC_ZHHG_0220/2023,S:N460K
CHN/GDCDC_ZHHG_0220/2023,S:N501Y
CHN/GDCDC_ZHHG_0220/2023,S:N679K
CHN/GDCDC_ZHHG_0220/2023,S:N764K
CHN/GDCDC_ZHHG_0220/2023,S:N969K
CHN/GDCDC_ZHHG_0220/2023,S:P25-
CHN/GDCDC_ZHHG_0220/2023,S:P681H
CHN/GDCDC_ZHHG_0220/2023,S:Q183E
CHN/GDCDC_ZHHG_0220/2023,S:Q498R
CHN/GDCDC_ZHHG_0220/2023,S:Q52H
CHN/GDCDC_ZHHG_0220/2023,S:R346T
CHN/GDCDC_ZHHG_0220/2023,S:R408S
CHN/GDCDC_ZHHG_0220/2023,S:S371F
CHN/GDCDC_ZHHG_0220/2023,S:S373P
CHN/GDCDC_ZHHG_0220/2023,S:S375F
CHN/GDCDC_ZHHG_0220/2023,S:S477N
CHN/GDCDC_ZHHG_0220/2023,S:T19I
CHN/GDCDC_ZHHG_0220/2023,S:T376A
CHN/GDCDC_ZHHG_0220/2023,S:T478K
CHN/GDCDC_ZHHG_0220/2023,S:V213E
CHN/GDCDC_ZHHG_0220/2023,S:V445P
CHN/GDCDC_ZHHG_0220/2023,S:V83A
CHN/GDCDC_ZHHG_0220/2023,S:Y144-
CHN/GDCDC_ZHHG_0220/2023,S:Y505H
CHN/GDIPH-GDPCC-04/2021,S:A243P
CHN/GDIPH-GDPCC-04/2021,S:A701V
CHN/GDIPH-GDPCC-04/2021,S:D215G
CHN/GDIPH-GDPCC-04/2021,S:D614G
CHN/GDIPH-GDPCC-04/2021,S:D80A
CHN/GDIPH-GDPCC-04/2021,S:E484K
CHN/GDIPH-GDPCC-04/2021,S:K417N
CHN/GDIPH-GDPCC-04/2021,S:L18F
CHN/GDIPH-GDPCC-04/2021,S:L241-
CHN/GDIPH-GDPCC-04/2021,S:N501Y
CHN/GDIPH-GDPCC-05/2021,S:A243P
CHN/GDIPH-GDPCC-05/2021,S:A701V
CHN/GDIPH-GDPCC-05/2021,S:D215G
CHN/GDIPH-GDPCC-05/2021,S:D614G
CHN/GDIPH-GDPCC-05/2021,S:D80A
CHN/GDIPH-GDPCC-05/2021,S:E484K
CHN/GDIPH-GDPCC-05/2021,S:K417N
CHN/GDIPH-GDPCC-05/2021,S:L18F
CHN/GDIPH-GDPCC-05/2021,S:L241-
CHN/GDIPH-GDPCC-05/2021,S:N501Y
CHN/KMU-24372/2024,S:A264D
CHN/KMU-24372/2024,S:A27S
CHN/KMU-24372/2024,S:A570V
CHN/KMU-24372/2024,S:D405N
CHN/KMU-24372/2024,S:D614G
CHN/KMU-24372/2024,S:D796Y
CHN/KMU-24372/2024,S:E484K
CHN/KMU-24372/2024,S:E554K
CHN/KMU-24372/2024,S:F157S
CHN/KMU-24372/2024,S:F456L
CHN/KMU-24372/2024,S:F486P
CHN/KMU-24372/2024,S:G142D
CHN/KMU-24372/2024,S:G339H
CHN/KMU-24372/2024,S:G446S
CHN/KMU-24372/2024,S:H245N
CHN/KMU-24372/2024,S:H655Y
CHN/KMU-24372/2024,S:H69-
CHN/KMU-24372/2024,S:I332V
CHN/KMU-24372/2024,S:K356T
CHN/KMU-24372/2024,S:K417N
CHN/KMU-24372/2024,S:L212I
CHN/KMU-24372/2024,S:L216F
CHN/KMU-24372/2024,S:L24-
CHN/KMU-24372/2024,S:L452W
CHN/KMU-24372/2024,S:L455S
CHN/KMU-24372/2024,S:N211-
CHN/KMU-24372/2024,S:N440K
CHN/KMU-24372/2024,S:N450D
CHN/KMU-24372/2024,S:N460K
CHN/KMU-24372/2024,S:N481K
CHN/KMU-24372/2024,S:N50L
CHN/KMU-24372/2024,S:N679K
CHN/KMU-24372/2024,S:N764K
CHN/KMU-24372/2024,S:N969K
CHN/KMU-24372/2024,S:P1143L
CHN/KMU-24372/2024,S:P25-
CHN/KMU-24372/2024,S:P26-
CHN/KMU-24372/2024,S:P621S
CHN/KMU-24372/2024,S:P681R
CHN/KMU-24372/2024,S:Q498R
CHN/KMU-24372/2024,S:R158G
CHN/KMU-24372/2024,S:R408S
CHN/KMU-24372/2024,S:S371F
CHN/KMU-24372/2024,S:S373P
CHN/KMU-24372/2024,S:S375F
CHN/KMU-24372/2024,S:S477N
CHN/KMU-24372/2024,S:S939F
CHN/KMU-24372/2024,S:T19I
CHN/KMU-24372/2024,S:T376A
CHN/KMU-24372/2024,S:T478K
CHN/KMU-24372/2024,S:V21T
CHN/KMU-24372/2024,S:V445H
CHN/KMU-24372/2024,S:V483-
CHN/KMU-24372/2024,S:V70-
CHN/KMU-24372/2024,S:Y144-
CHN/NJ_08/2022,S:A27S
CHN/NJ_08/2022,S:D405N
CHN/NJ_08/2022,S:D614G
CHN/NJ_08/2022,S:D796Y
CHN/NJ_08/2022,S:E484A
CHN/NJ_08/2022,S:G142D
CHN/NJ_08/2022,S:G339D
CHN/NJ_08/2022,S:H655Y
CHN/NJ_08/2022,S:K417N
CHN/NJ_08/2022,S:L24-
CHN/NJ_08/2022,S:N440K
CHN/NJ_08/2022,S:N501Y
CHN/NJ_08/2022,S:N679K
CHN/NJ_08/2022,S:N764K
CHN/NJ_08/2022,S:N969K
CHN/NJ_08/2022,S:P25-
CHN/NJ_08/2022,S:P26-
CHN/NJ_08/2022,S:P681H
CHN/NJ_08/2022,S:Q493R
CHN/NJ_08/2022,S:Q498R
CHN/NJ_08/2022,S:R408S
CHN/NJ_08/2022,S:S371F
CHN/NJ_08/2022,S:S373P
CHN/NJ_08/2022,S:S375F
CHN/NJ_08/2022,S:S477N
CHN/NJ_08/2022,S:T19I
CHN/NJ_08/2022,S:T376A
CHN/NJ_08/2022,S:T478K
CHN/NJ_08/2022,S:V213G
CHN/NJ_08/2022,S:Y505H
CHN/O-changhai-2-51-S34/2022,S:A27S
CHN/O-changhai-2-51-S34/2022,S:D405N
CHN/O-changhai-2-51-S34/2022,S:D614G
CHN/O-changhai-2-51-S34/2022,S:D796Y
CHN/O-changhai-2-51-S34/2022,S:E484A
CHN/O-changhai-2-51-S34/2022,S:G142D
CHN/O-changhai-2-51-S34/2022,S:G339D
CHN/O-changhai-2-51-S34/2022,S:H655Y
CHN/O-changhai-2-51-S34/2022,S:I1221T
CHN/O-changhai-2-51-S34/2022,S:L24-
CHN/O-changhai-2-51-S34/2022,S:N440K
CHN/O-changhai-2-51-S34/2022,S:N501Y
CHN/O-changhai-2-51-S34/2022,S:N679K
CHN/O-changhai-2-51-S34/2022,S:N764K
CHN/O-changhai-2-51-S34/2022,S:N969K
CHN/O-changhai-2-51-S34/2022,S:P25-
CHN/O-changhai-2-51-S34/2022,S:P26-
CHN/O-changhai-2-51-S34/2022,S:P681H
CHN/O-changhai-2-51-S34/2022,S:Q493R
CHN/O-changhai-2-51-S34/2022,S:Q498R
CHN/O-changhai-2-51-S34/2022,S:R408S
CHN/O-changhai-2-51-S34/2022,S:S371F
CHN/O-changhai-2-51-S34/2022,S:S373P
CHN/O-changhai-2-51-S34/2022,S:S375F
CHN/O-changhai-2-51-S34/2022,S:S477N
CHN/O-changhai-2-51-S34/2022,S:T19I
CHN/O-changhai-2-51-S34/2022,S:T376A
CHN/O-changhai-2-51-S34/2022,S:T478K
CHN/O-changhai-2-51-S34/2022,S:V213G
CHN/O-changhai-2-51-S34/2022,S:Y505H
CHN/Qingdao_20426/2020,S:D614G
CHN/Qingdao_20426/2020,S:M731I
CHN/Qingdao_306/2020,S:D614G
CHN/Qingdao_306/2020,S:M731I
CHN/S147-1288-245897/2021,S:D614G
CHN/S147-1288-245897/2021,S:N439K
CHN/S147-1288-245897/2021,S:P681R
CHN/S151-1422-257759/2021,S:A222V
CHN/S151-1422-257759/2021,S:D614G
CHN/S151-1422-257759/2021,S:T1009I
CHN/S169-1748-317361/2021,S:D614G
CHN/S169-1748-317361/2021,S:D950N
CHN/S169-1748-317361/2021,S:E156-
CHN/S169-1748-317361/2021,S:F157-
CHN/S169-1748-317361/2021,S:L452R
CHN/S169-1748-317361/2021,S:P681R
CHN/S169-1748-317361/2021,S:R158G
CHN/S169-1748-317361/2021,S:S640P
CHN/S169-1748-317361/2021,S:T19R
CHN/S169-1748-317361/2021,S:T478K
CHN/S169-1748-317361/2021,S:V1104L
CHN/S210-2686-375465/2021,S:D614G
CHN/S210-2686-375465/2021,S:D95T
CHN/S210-2686-375465/2021,S:E156-
CHN/S210-2686-375465/2021,S:F157-
CHN/S210-2686-375465/2021,S:L452R
CHN/S210-2686-375465/2021,S:P681R
CHN/S210-2686-375465/2021,S:R158G
CHN/S210-2686-375465/2021,S:T19R
CHN/S210-2686-375465/2021,S:T478K
CHN/S256-3919-059256/2021,S:D614G
CHN/S256-3919-059256/2021,S:D95T
CHN/S256-3919-059256/2021,S:E156-
CHN/S256-3919-059256/2021,S:F157-
CHN/S256-3919-059256/2021,S:G142D
CHN/S256-3919-059256/2021,S:L452R
CHN/S256-3919-059256/2021,S:P1263L
CHN/S256-3919-059256/2021,S:P681R
CHN/S256-3919-059256/2021,S:R158G
CHN/S256-3919-059256/2021,S:T19R
CHN/S256-3919-059256/2021,S:T478K
CHN/S453-1402-531028/2022,S:A27S
CHN/S453-1402-531028/2022,S:D405N
CHN/S453-1402-531028/2022,S:D614G
CHN/S453-1402-531028/2022,S:D796Y
CHN/S453-1402-531028/2022,S:E484A
CHN/S453-1402-531028/2022,S:G142D
CHN/S453-1402-531028/2022,S:G339D
CHN/S453-1402-531028/2022,S:H655Y
CHN/S453-1402-531028/2022,S:K417N
CHN/S453-1402-531028/2022,S:L24-
CHN/S453-1402-531028/2022,S:N440K
CHN/S453-1402-531028/2022,S:N501Y
CHN/S453-1402-531028/2022,S:N679K
CHN/S453-1402-531028/2022,S:N764K
CHN/S453-1402-531028/2022,S:N969K
CHN/S453-1402-531028/2022,S:P25-
CHN/S453-1402-531028/2022,S:P26-
CHN/S453-1402-531028/2022,S:P681H
CHN/S453-1402-531028/2022,S:Q493R
CHN/S453-1402-531028/2022,S:Q498R
CHN/S453-1402-531028/2022,S:R408S
CHN/S453-1402-531028/2022,S:S371F
CHN/S453-1402-531028/2022,S:S373P
CHN/S453-1402-531028/2022,S:S375F
CHN/S453-1402-531028/2022,S:S477N
CHN/S453-1402-531028/2022,S:T19I
CHN/S453-1402-531028/2022,S:T376A
CHN/S453-1402-531028/2022,S:T478K
CHN/S453-1402-531028/2022,S:V213G
CHN/S453-1402-531028/2022,S:Y505H
CHN/SARS-CoV-2_XBB/2023,S:A27S
CHN/SARS-CoV-2_XBB/2023,S:D405N
CHN/SARS-CoV-2_XBB/2023,S:D614G
CHN/SARS-CoV-2_XBB/2023,S:D796Y
CHN/SARS-CoV-2_XBB/2023,S:E484A
CHN/SARS-CoV-2_XBB/2023,S:F456L
CHN/SARS-CoV-2_XBB/2023,S:F486P
CHN/SARS-CoV-2_XBB/2023,S:F490S
CHN/SARS-CoV-2_XBB/2023,S:G142D
CHN/SARS-CoV-2_XBB/2023,S:G252V
CHN/SARS-CoV-2_XBB/2023,S:G339H
CHN/SARS-CoV-2_XBB/2023,S:G446S
CHN/SARS-CoV-2_XBB/2023,S:H146Q
CHN/SARS-CoV-2_XBB/2023,S:H655Y
CHN/SARS-CoV-2_XBB/2023,S:K417N
CHN/SARS-CoV-2_XBB/2023,S:L24-
CHN/SARS-CoV-2_XBB/2023,S:L368I
CHN/SARS-CoV-2_XBB/2023,S:N440K
CHN/SARS-CoV-2_XBB/2023,S:N460K
CHN/SARS-CoV-2_XBB/2023,S:N501Y
CHN/SARS-CoV-2_XBB/2023,S:N679K
CHN/SARS-CoV-2_XBB/2023,S:N764K
CHN/SARS-CoV-2_XBB/2023,S:N969K
CHN/SARS-CoV-2_XBB/2023,S:P25-
CHN/SARS-CoV-2_XBB/2023,S:P26-
CHN/SARS-CoV-2_XBB/2023,S:P681H
CHN/SARS-CoV-2_XBB/2023,S:Q183E
CHN/SARS-CoV-2_XBB/2023,S:Q498R
CHN/SARS-CoV-2_XBB/2023,S:Q52H
CHN/SARS-CoV-2_XBB/2023,S:R346T
CHN/SARS-CoV-2_XBB/2023,S:R408S
CHN/SARS-CoV-2_XBB/2023,S:S371F
CHN/SARS-CoV-2_XBB/2023,S:S373P
CHN/SARS-CoV-2_XBB/2023,S:S375F
CHN/SARS-CoV-2_XBB/2023,S:S477N
CHN/SARS-CoV-2_XBB/2023,S:T19I
CHN/SARS-CoV-2_XBB/2023,S:T376A
CHN/SARS-CoV-2_XBB/2023,S:T478K
CHN/SARS-CoV-2_XBB/2023,S:V213E
CHN/SARS-CoV-2_XBB/2023,S:V445P
CHN/SARS-CoV-2_XBB/2023,S:V83A
CHN/SARS-CoV-2_XBB/2023,S:Y144-
CHN/SARS-CoV-2_XBB/2023,S:Y505H
CHN/SH-P162-A-3-Europe-Russia/2020,S:D614G
CHN/SH-P175-4-Asia-UAE/2020,S:D614G
CHN/SH-P212-D-2-Wuhan/2020,S:D614G
CHN/SH-P88-3-Europe-France/2020,S:D614G
CHN/YB20230440/2023,S:A27S
CHN/YB20230440/2023,S:D405N
CHN/YB20230440/2023,S:D614G
CHN/YB20230440/2023,S:D796Y
CHN/YB20230440/2023,S:E484A
CHN/YB20230440/2023,S:F157L
CHN/YB20230440/2023,S:F490S
CHN/YB20230440/2023,S:G142D
CHN/YB20230440/2023,S:G257S
CHN/YB20230440/2023,S:G339H
CHN/YB20230440/2023,S:G446S
CHN/YB20230440/2023,S:H655Y
CHN/YB20230440/2023,S:I210V
CHN/YB20230440/2023,S:K147E
CHN/YB20230440/2023,S:K187E
CHN/YB20230440/2023,S:K356T
CHN/YB20230440/2023,S:K417N
CHN/YB20230440/2023,S:L24-
CHN/YB20230440/2023,S:N440K
CHN/YB20230440/2023,S:N460K
CHN/YB20230440/2023,S:N501Y
CHN/YB20230440/2023,S:N679K
CHN/YB20230440/2023,S:N764K
CHN/YB20230440/2023,S:N969K
CHN/YB20230440/2023,S:P25-
CHN/YB20230440/2023,S:P26-
CHN/YB20230440/2023,S:P681H
CHN/YB20230440/2023,S:Q498R
CHN/YB20230440/2023,S:R346T
CHN/YB20230440/2023,S:R408S
CHN/YB20230440/2023,S:S371F
CHN/YB20230440/2023,S:S373P
CHN/YB20230440/2023,S:S375F
CHN/YB20230440/2023,S:S477N
CHN/YB20230440/2023,S:T19I
CHN/YB20230440/2023,S:T376A
CHN/YB20230440/2023,S:T478K
CHN/YB20230440/2023,S:V213G
CHN/YB20230440/2023,S:W152R
CHN/YB20230440/2023,S:Y505H
CHN/YB20230444/2023,S:A27S
CHN/YB20230444/2023,S:D405N
CHN/YB20230444/2023,S:D614G
CHN/YB20230444/2023,S:D796Y
CHN/YB20230444/2023,S:E484A
CHN/YB20230444/2023,S:F486P
CHN/YB20230444/2023,S:F490S
CHN/YB20230444/2023,S:G142D
CHN/YB20230444/2023,S:G252V
CHN/YB20230444/2023,S:G339H
CHN/YB20230444/2023,S:G446S
CHN/YB20230444/2023,S:H146Q
CHN/YB20230444/2023,S:H655Y
CHN/YB20230444/2023,S:K417N
CHN/YB20230444/2023,S:L24-
CHN/YB20230444/2023,S:L368I
CHN/YB20230444/2023,S:N440K
CHN/YB20230444/2023,S:N460K
CHN/YB20230444/2023,S:N501Y
CHN/YB20230444/2023,S:N679K
CHN/YB20230444/2023,S:N764K
CHN/YB20230444/2023,S:N969K
CHN/YB20230444/2023,S:P25-
CHN/YB20230444/2023,S:P26-
CHN/YB20230444/2023,S:P681H
CHN/YB20230444/2023,S:Q183E
CHN/YB20230444/2023,S:Q498R
CHN/YB20230444/2023,S:R346T
CHN/YB20230444/2023,S:R408S
CHN/YB20230444/2023,S:S371F
CHN/YB20230444/2023,S:S373P
CHN/YB20230444/2023,S:S375F
CHN/YB20230444/2023,S:S477N
CHN/YB20230444/2023,S:T19I
CHN/YB20230444/2023,S:T376A
CHN/YB20230444/2023,S:T478K
CHN/YB20230444/2023,S:V213E
CHN/YB20230444/2023,S:V445P
CHN/YB20230444/2023,S:V83A
CHN/YB20230444/2023,S:Y144-
CHN/YB20230444/2023,S:Y505H
CHN/YB20230531/2023,S:A27S
CHN/YB20230531/2023,S:D405N
CHN/YB20230531/2023,S:D614G
CHN/YB20230531/2023,S:D796Y
CHN/YB20230531/2023,S:E484A
CHN/YB20230531/2023,S:F157L
CHN/YB20230531/2023,S:F490S
CHN/YB20230531/2023,S:G142D
CHN/YB20230531/2023,S:G257S
CHN/YB20230531/2023,S:G339H
CHN/YB20230531/2023,S:G446S
CHN/YB20230531/2023,S:H655Y
CHN/YB20230531/2023,S:I210V
CHN/YB20230531/2023,S:K147E
CHN/YB20230531/2023,S:K187E
CHN/YB20230531/2023,S:K356T
CHN/YB20230531/2023,S:K417N
CHN/YB20230531/2023,S:L24-
CHN/YB20230531/2023,S:N440K
CHN/YB20230531/2023,S:N460K
CHN/YB20230531/2023,S:N501Y
CHN/YB20230531/2023,S:N679K
CHN/YB20230531/2023,S:N764K
CHN/YB20230531/2023,S:N969K
CHN/YB20230531/2023,S:P25-
CHN/YB20230531/2023,S:P26-
CHN/YB20230531/2023,S:P681H
CHN/YB20230531/2023,S:Q498R
CHN/YB20230531/2023,S:R346T
CHN/YB20230531/2023,S:R408S
CHN/YB20230531/2023,S:S371F
CHN/YB20230531/2023,S:S373P
CHN/YB20230531/2023,S:S375F
CHN/YB20230531/2023,S:S477N
CHN/YB20230531/2023,S:T19I
CHN/YB20230531/2023,S:T376A
CHN/YB20230531/2023,S:T478K
CHN/YB20230531/2023,S:V213G
CHN/YB20230531/2023,S:W152R
CHN/YB20230531/2023,S:Y505H
COL/LIME_37141/2021,S:D614G
COL/LIME_37141/2021,S:D950N
COL/LIME_37141/2021,S:E484K
COL/LIME_37141/2021,S:N501Y
COL/LIME_37141/2021,S:P681H
COL/LIME_37141/2021,S:R346K
COL/LIME_37141/2021,S:T95I
COL/LIME_37141/2021,S:Y144S
COL/LIME_37141/2021,S:Y145N
COL/LIME_4737/2022,S:A27S
COL/LIME_4737/2022,S:D405N
COL/LIME_4737/2022,S:D614G
COL/LIME_4737/2022,S:D796Y
COL/LIME_4737/2022,S:E484A
COL/LIME_4737/2022,S:G142D
COL/LIME_4737/2022,S:G339D
COL/LIME_4737/2022,S:H655Y
COL/LIME_4737/2022,S:K417N
COL/LIME_4737/2022,S:L24-
COL/LIME_4737/2022,S:L452Q
COL/LIME_4737/2022,S:N501Y
COL/LIME_4737/2022,S:N679K
COL/LIME_4737/2022,S:N764K
COL/LIME_4737/2022,S:N969K
COL/LIME_4737/2022,S:P25-
COL/LIME_4737/2022,S:P26-
COL/LIME_4737/2022,S:P681H
COL/LIME_4737/2022,S:Q493R
COL/LIME_4737/2022,S:Q498R
COL/LIME_4737/2022,S:R408S
COL/LIME_4737/2022,S:S371F
COL/LIME_4737/2022,S:S373P
COL/LIME_4737/2022,S:S375F
COL/LIME_4737/2022,S:S477N
COL/LIME_4737/2022,S:S704L
COL/LIME_4737/2022,S:T19I
COL/LIME_4737/2022,S:T376A
COL/LIME_4737/2022,S:T478K
COL/LIME_4737/2022,S:V213G
COL/LIME_4737/2022,S:Y505H
CZE/IAB_18/2020,S:D614G
Chile/CL-RM-UW21052984272/2021,S:D253N
Chile/CL-RM-UW21052984272/2021,S:D614G
Chile/CL-RM-UW21052984272/2021,S:F490S
Chile/CL-RM-UW21052984272/2021,S:G252-
Chile/CL-RM-UW21052984272/2021,S:G75V
Chile/CL-RM-UW21052984272/2021,S:L249-
Chile/CL-RM-UW21052984272/2021,S:L452Q
Chile/CL-RM-UW21052984272/2021,S:P251-
Chile/CL-RM-UW21052984272/2021,S:R246-
Chile/CL-RM-UW21052984272/2021,S:S247-
Chile/CL-RM-UW21052984272/2021,S:S929T
Chile/CL-RM-UW21052984272/2021,S:T250-
Chile/CL-RM-UW21052984272/2021,S:T76I
Chile/CL-RM-UW21052984272/2021,S:T859N
Chile/CL-RM-UW21052984272/2021,S:Y248-
Denmark/DCGC-691235/2024,S:A264D
Denmark/DCGC-691235/2024,S:A27S
Denmark/DCGC-691235/2024,S:A570V
Denmark/DCGC-691235/2024,S:D405N
Denmark/DCGC-691235/2024,S:D614G
Denmark/DCGC-691235/2024,S:D796Y
Denmark/DCGC-691235/2024,S:E484K
Denmark/DCGC-691235/2024,S:E554K
Denmark/DCGC-691235/2024,S:F157S
Denmark/DCGC-691235/2024,S:F456L
Denmark/DCGC-691235/2024,S:F486P
Denmark/DCGC-691235/2024,S:G142D
Denmark/DCGC-691235/2024,S:G339H
Denmark/DCGC-691235/2024,S:G446S
Denmark/DCGC-691235/2024,S:H245N
Denmark/DCGC-691235/2024,S:H655Y
Denmark/DCGC-691235/2024,S:H69-
Denmark/DCGC-691235/2024,S:I332V
Denmark/DCGC-691235/2024,S:I805V
Denmark/DCGC-691235/2024,S:K356T
Denmark/DCGC-691235/2024,S:K417N
Denmark/DCGC-691235/2024,S:L212I
Denmark/DCGC-691235/2024,S:L216F
Denmark/DCGC-691235/2024,S:L24-
Denmark/DCGC-691235/2024,S:L452W
Denmark/DCGC-691235/2024,S:L455S
Denmark/DCGC-691235/2024,S:N211-
Denmark/DCGC-691235/2024,S:N440K
Denmark/DCGC-691235/2024,S:N450D
Denmark/DCGC-691235/2024,S:N460K
Denmark/DCGC-691235/2024,S:N481K
Denmark/DCGC-691235/2024,S:N50L
Denmark/DCGC-691235/2024,S:N679K
Denmark/DCGC-691235/2024,S:N764K
Denmark/DCGC-691235/2024,S:N969K
Denmark/DCGC-691235/2024,S:P1143L
Denmark/DCGC-691235/2024,S:P25-
Denmark/DCGC-691235/2024,S:P26-
Denmark/DCGC-691235/2024,S:P621S
Denmark/DCGC-691235/2024,S:P681R
Denmark/DCGC-691235/2024,S:Q493E
Denmark/DCGC-691235/2024,S:Q498R
Denmark/DCGC-691235/2024,S:R158G
Denmark/DCGC-691235/2024,S:R403K
Denmark/DCGC-691235/2024,S:R408S
Denmark/DCGC-691235/2024,S:S31F
Denmark/DCGC-691235/2024,S:S371F
Denmark/DCGC-691235/2024,S:S373P
Denmark/DCGC-691235/2024,S:S375F
Denmark/DCGC-691235/2024,S:S477N
Denmark/DCGC-691235/2024,S:S939F
Denmark/DCGC-691235/2024,S:T19I
Denmark/DCGC-691235/2024,S:T376A
Denmark/DCGC-691235/2024,S:T478K
Denmark/DCGC-691235/2024,S:V1104L
Denmark/DCGC-691235/2024,S:V127F
Denmark/DCGC-691235/2024,S:V21T
Denmark/DCGC-691235/2024,S:V445H
Denmark/DCGC-691235/2024,S:V483-
Denmark/DCGC-691235/2024,S:V70-
Denmark/DCGC-691235/2024,S:Y144-
Denmark/DCGC-693427/2025,S:A264D
Denmark/DCGC-693427/2025,S:A27S
Denmark/DCGC-693427/2025,S:A435S
Denmark/DCGC-693427/2025,S:A570V
Denmark/DCGC-693427/2025,S:D405N
Denmark/DCGC-693427/2025,S:D614G
Denmark/DCGC-693427/2025,S:D796Y
Denmark/DCGC-693427/2025,S:E484K
Denmark/DCGC-693427/2025,S:E554K
Denmark/DCGC-693427/2025,S:F157S
Denmark/DCGC-693427/2025,S:F456L
Denmark/DCGC-693427/2025,S:F486P
Denmark/DCGC-693427/2025,S:F59S
Denmark/DCGC-693427/2025,S:G142D
Denmark/DCGC-693427/2025,S:G184S
Denmark/DCGC-693427/2025,S:G339H
Denmark/DCGC-693427/2025,S:G446S
Denmark/DCGC-693427/2025,S:H245N
Denmark/DCGC-693427/2025,S:H655Y
Denmark/DCGC-693427/2025,S:H69-
Denmark/DCGC-693427/2025,S:I332V
Denmark/DCGC-693427/2025,S:K356T
Denmark/DCGC-693427/2025,S:K417N
Denmark/DCGC-693427/2025,S:L212I
Denmark/DCGC-693427/2025,S:L216F
Denmark/DCGC-693427/2025,S:L24-
Denmark/DCGC-693427/2025,S:L452W
Denmark/DCGC-693427/2025,S:L455S
Denmark/DCGC-693427/2025,S:N211-
Denmark/DCGC-693427/2025,S:N440K
Denmark/DCGC-693427/2025,S:N450D
Denmark/DCGC-693427/2025,S:N460K
Denmark/DCGC-693427/2025,S:N481K
Denmark/DCGC-693427/2025,S:N50L
Denmark/DCGC-693427/2025,S:N679K
Denmark/DCGC-693427/2025,S:N764K
Denmark/DCGC-693427/2025,S:N969K
Denmark/DCGC-693427/2025,S:P1143L
Denmark/DCGC-693427/2025,S:P25-
Denmark/DCGC-693427/2025,S:P26-
Denmark/DCGC-693427/2025,S:P621S
Denmark/DCGC-693427/2025,S:P681R
Denmark/DCGC-693427/2025,S:Q493E
Denmark/DCGC-693427/2025,S:Q498R
Denmark/DCGC-693427/2025,S:Q677H
Denmark/DCGC-693427/2025,S:R158G
Denmark/DCGC-693427/2025,S:R403K
Denmark/DCGC-693427/2025,S:R408S
Denmark/DCGC-693427/2025,S:S371F
Denmark/DCGC-693427/2025,S:S373P
Denmark/DCGC-693427/2025,S:S375F
Denmark/DCGC-693427/2025,S:S477N
Denmark/DCGC-693427/2025,S:S939F
Denmark/DCGC-693427/2025,S:T19I
Denmark/DCGC-693427/2025,S:T22N
Denmark/DCGC-693427/2025,S:T376A
Denmark/DCGC-693427/2025,S:V127F
Denmark/DCGC-693427/2025,S:V21T
Denmark/DCGC-693427/2025,S:V445H
Denmark/DCGC-693427/2025,S:V483-
Denmark/DCGC-693427/2025,S:V70-
Denmark/DCGC-693427/2025,S:Y144-
Denmark/DCGC-693432/2025,S:A264D
Denmark/DCGC-693432/2025,S:A27S
Denmark/DCGC-693432/2025,S:A435S
Denmark/DCGC-693432/2025,S:A570V
Denmark/DCGC-693432/2025,S:D405N
Denmark/DCGC-693432/2025,S:D614G
Denmark/DCGC-693432/2025,S:D796Y
Denmark/DCGC-693432/2025,S:E484K
Denmark/DCGC-693432/2025,S:E554K
Denmark/DCGC-693432/2025,S:F157S
Denmark/DCGC-693432/2025,S:F456L
Denmark/DCGC-693432/2025,S:F486P
Denmark/DCGC-693432/2025,S:F59S
Denmark/DCGC-693432/2025,S:G142D
Denmark/DCGC-693432/2025,S:G184S
Denmark/DCGC-693432/2025,S:G339H
Denmark/DCGC-693432/2025,S:G446S
Denmark/DCGC-693432/2025,S:H245N
Denmark/DCGC-693432/2025,S:H655Y
Denmark/DCGC-693432/2025,S:H69-
Denmark/DCGC-693432/2025,S:I332V
Denmark/DCGC-693432/2025,S:K356T
Denmark/DCGC-693432/2025,S:K417N
Denmark/DCGC-693432/2025,S:L212I
Denmark/DCGC-693432/2025,S:L216F
Denmark/DCGC-693432/2025,S:L24-
Denmark/DCGC-693432/2025,S:L452W
Denmark/DCGC-693432/2025,S:L455S
Denmark/DCGC-693432/2025,S:N211-
Denmark/DCGC-693432/2025,S:N440K
Denmark/DCGC-693432/2025,S:N450D
Denmark/DCGC-693432/2025,S:N460K
Denmark/DCGC-693432/2025,S:N481K
Denmark/DCGC-693432/2025,S:N50L
Denmark/DCGC-693432/2025,S:N679K
Denmark/DCGC-693432/2025,S:N764K
Denmark/DCGC-693432/2025,S:N969K
Denmark/DCGC-693432/2025,S:P1143L
Denmark/DCGC-693432/2025,S:P25-
Denmark/DCGC-693432/2025,S:P26-
Denmark/DCGC-693432/2025,S:P621S
Denmark/DCGC-693432/2025,S:P681R
Denmark/DCGC-693432/2025,S:Q493E
Denmark/DCGC-693432/2025,S:Q498R
Denmark/DCGC-693432/2025,S:R158G
Denmark/DCGC-693432/2025,S:R346T
Denmark/DCGC-693432/2025,S:R403K
Denmark/DCGC-693432/2025,S:R408S
Denmark/DCGC-693432/2025,S:S371F
Denmark/DCGC-693432/2025,S:S373P
Denmark/DCGC-693432/2025,S:S375F
Denmark/DCGC-693432/2025,S:S477N
Denmark/DCGC-693432/2025,S:S939F
Denmark/DCGC-693432/2025,S:T19I
Denmark/DCGC-693432/2025,S:T22N
Denmark/DCGC-693432/2025,S:T376A
Denmark/DCGC-693432/2025,S:T478I
Denmark/DCGC-693432/2025,S:V127F
Denmark/DCGC-693432/2025,S:V21T
Denmark/DCGC-693432/2025,S:V445H
Denmark/DCGC-693432/2025,S:V483-
Denmark/DCGC-693432/2025,S:V70-
Denmark/DCGC-693432/2025,S:Y144-
Denmark/DCGC-693616/2025,S:A264D
Denmark/DCGC-693616/2025,S:A27S
Denmark/DCGC-693616/2025,S:A570V
Denmark/DCGC-693616/2025,S:D405N
Denmark/DCGC-693616/2025,S:D614G
Denmark/DCGC-693616/2025,S:D796Y
Denmark/DCGC-693616/2025,S:E484K
Denmark/DCGC-693616/2025,S:E554K
Denmark/DCGC-693616/2025,S:F157S
Denmark/DCGC-693616/2025,S:F456L
Denmark/DCGC-693616/2025,S:F486P
Denmark/DCGC-693616/2025,S:G142D
Denmark/DCGC-693616/2025,S:G339H
Denmark/DCGC-693616/2025,S:G446S
Denmark/DCGC-693616/2025,S:H245N
Denmark/DCGC-693616/2025,S:H655Y
Denmark/DCGC-693616/2025,S:H69-
Denmark/DCGC-693616/2025,S:I332V
Denmark/DCGC-693616/2025,S:K182R
Denmark/DCGC-693616/2025,S:K356T
Denmark/DCGC-693616/2025,S:K417N
Denmark/DCGC-693616/2025,S:K444R
Denmark/DCGC-693616/2025,S:L212I
Denmark/DCGC-693616/2025,S:L216F
Denmark/DCGC-693616/2025,S:L24-
Denmark/DCGC-693616/2025,S:L441I
Denmark/DCGC-693616/2025,S:L452W
Denmark/DCGC-693616/2025,S:L455S
Denmark/DCGC-693616/2025,S:N211-
Denmark/DCGC-693616/2025,S:N440K
Denmark/DCGC-693616/2025,S:N450D
Denmark/DCGC-693616/2025,S:N460K
Denmark/DCGC-693616/2025,S:N481K
Denmark/DCGC-693616/2025,S:N487D
Denmark/DCGC-693616/2025,S:N50L
Denmark/DCGC-693616/2025,S:N764K
Denmark/DCGC-693616/2025,S:N969K
Denmark/DCGC-693616/2025,S:P1143L
Denmark/DCGC-693616/2025,S:P25-
Denmark/DCGC-693616/2025,S:P26-
Denmark/DCGC-693616/2025,S:P621S
Denmark/DCGC-693616/2025,S:P681R
Denmark/DCGC-693616/2025,S:Q493E
Denmark/DCGC-693616/2025,S:Q498R
Denmark/DCGC-693616/2025,S:R158G
Denmark/DCGC-693616/2025,S:R190S
Denmark/DCGC-693616/2025,S:R346T
Denmark/DCGC-693616/2025,S:R403K
Denmark/DCGC-693616/2025,S:R408S
Denmark/DCGC-693616/2025,S:S31P
Denmark/DCGC-693616/2025,S:S371F
Denmark/DCGC-693616/2025,S:S373P
Denmark/DCGC-693616/2025,S:S375F
Denmark/DCGC-693616/2025,S:S477N
Denmark/DCGC-693616/2025,S:S939F
Denmark/DCGC-693616/2025,S:T19I
Denmark/DCGC-693616/2025,S:T22N
Denmark/DCGC-693616/2025,S:T376A
Denmark/DCGC-693616/2025,S:T478K
Denmark/DCGC-693616/2025,S:T572I
Denmark/DCGC-693616/2025,S:V127F
Denmark/DCGC-693616/2025,S:V21T
Denmark/DCGC-693616/2025,S:V445R
Denmark/DCGC-693616/2025,S:V483-
Denmark/DCGC-693616/2025,S:V70-
Denmark/DCGC-693616/2025,S:Y144-
Denmark/DCGC-693646/2026,S:A264D
Denmark/DCGC-693646/2026,S:A27S
Denmark/DCGC-693646/2026,S:A435S
Denmark/DCGC-693646/2026,S:A475V
Denmark/DCGC-693646/2026,S:A570V
Denmark/DCGC-693646/2026,S:D405N
Denmark/DCGC-693646/2026,S:D614G
Denmark/DCGC-693646/2026,S:D796Y
Denmark/DCGC-693646/2026,S:E484K
Denmark/DCGC-693646/2026,S:E554K
Denmark/DCGC-693646/2026,S:F157S
Denmark/DCGC-693646/2026,S:F456L
Denmark/DCGC-693646/2026,S:F486P
Denmark/DCGC-693646/2026,S:G142D
Denmark/DCGC-693646/2026,S:G339H
Denmark/DCGC-693646/2026,S:G446S
Denmark/DCGC-693646/2026,S:H245N
Denmark/DCGC-693646/2026,S:H655Y
Denmark/DCGC-693646/2026,S:H69-
Denmark/DCGC-693646/2026,S:I332V
Denmark/DCGC-693646/2026,S:K182R
Denmark/DCGC-693646/2026,S:K356T
Denmark/DCGC-693646/2026,S:K417N
Denmark/DCGC-693646/2026,S:K444R
Denmark/DCGC-693646/2026,S:L212I
Denmark/DCGC-693646/2026,S:L216F
Denmark/DCGC-693646/2026,S:L24-
Denmark/DCGC-693646/2026,S:L441R
Denmark/DCGC-693646/2026,S:L452W
Denmark/DCGC-693646/2026,S:L455S
Denmark/DCGC-693646/2026,S:M153I
Denmark/DCGC-693646/2026,S:N211-
Denmark/DCGC-693646/2026,S:N440K
Denmark/DCGC-693646/2026,S:N450D
Denmark/DCGC-693646/2026,S:N460K
Denmark/DCGC-693646/2026,S:N481K
Denmark/DCGC-693646/2026,S:N50L
Denmark/DCGC-693646/2026,S:N679R
Denmark/DCGC-693646/2026,S:N764K
Denmark/DCGC-693646/2026,S:N969K
Denmark/DCGC-693646/2026,S:P1143L
Denmark/DCGC-693646/2026,S:P25-
Denmark/DCGC-693646/2026,S:P26-
Denmark/DCGC-693646/2026,S:P621S
Denmark/DCGC-693646/2026,S:P681R
Denmark/DCGC-693646/2026,S:Q498R
Denmark/DCGC-693646/2026,S:R158G
Denmark/DCGC-693646/2026,S:R190S
Denmark/DCGC-693646/2026,S:R346T
Denmark/DCGC-693646/2026,S:R403K
Denmark/DCGC-693646/2026,S:R408S
Denmark/DCGC-693646/2026,S:S31P
Denmark/DCGC-693646/2026,S:S371F
Denmark/DCGC-693646/2026,S:S373P
Denmark/DCGC-693646/2026,S:S375F
Denmark/DCGC-693646/2026,S:S477N
Denmark/DCGC-693646/2026,S:S939F
Denmark/DCGC-693646/2026,S:T19I
Denmark/DCGC-693646/2026,S:T22N
Denmark/DCGC-693646/2026,S:T376A
Denmark/DCGC-693646/2026,S:V127F
Denmark/DCGC-693646/2026,S:V21T
Denmark/DCGC-693646/2026,S:V445P
Denmark/DCGC-693646/2026,S:V483-
Denmark/DCGC-693646/2026,S:V70-
Denmark/DCGC-693646/2026,S:Y144-
Denmark/DCGC-693675/2026,S:A243-
Denmark/DCGC-693675/2026,S:A348P
Denmark/DCGC-693675/2026,S:A435S
Denmark/DCGC-693675/2026,S:A575S
Denmark/DCGC-693675/2026,S:A688D
Denmark/DCGC-693675/2026,S:A852K
Denmark/DCGC-693675/2026,S:C136-
Denmark/DCGC-693675/2026,S:D1184E
Denmark/DCGC-693675/2026,S:D138-
Denmark/DCGC-693675/2026,S:D405N
Denmark/DCGC-693675/2026,S:D614G
Denmark/DCGC-693675/2026,S:D796Y
Denmark/DCGC-693675/2026,S:E484K
Denmark/DCGC-693675/2026,S:E554D
Denmark/DCGC-693675/2026,S:E583D
Denmark/DCGC-693675/2026,S:E654K
Denmark/DCGC-693675/2026,S:F140-
Denmark/DCGC-693675/2026,S:F157S
Denmark/DCGC-693675/2026,S:G142-
Denmark/DCGC-693675/2026,S:G339Y
Denmark/DCGC-693675/2026,S:G446D
Denmark/DCGC-693675/2026,S:G496S
Denmark/DCGC-693675/2026,S:H146-
Denmark/DCGC-693675/2026,S:H625R
Denmark/DCGC-693675/2026,S:H655Y
Denmark/DCGC-693675/2026,S:H69-
Denmark/DCGC-693675/2026,S:I101T
Denmark/DCGC-693675/2026,S:I326V
Denmark/DCGC-693675/2026,S:K147-
Denmark/DCGC-693675/2026,S:K187T
Denmark/DCGC-693675/2026,S:K356T
Denmark/DCGC-693675/2026,S:K417N
Denmark/DCGC-693675/2026,S:K529N
Denmark/DCGC-693675/2026,S:K679R
Denmark/DCGC-693675/2026,S:K795T
Denmark/DCGC-693675/2026,S:L141-
Denmark/DCGC-693675/2026,S:L212I
Denmark/DCGC-693675/2026,S:L452W
Denmark/DCGC-693675/2026,S:N137-
Denmark/DCGC-693675/2026,S:N164K
Denmark/DCGC-693675/2026,S:N211-
Denmark/DCGC-693675/2026,S:N440R
Denmark/DCGC-693675/2026,S:N460K
Denmark/DCGC-693675/2026,S:N501Y
Denmark/DCGC-693675/2026,S:N641K
Denmark/DCGC-693675/2026,S:N67V
Denmark/DCGC-693675/2026,S:N764K
Denmark/DCGC-693675/2026,S:P139-
Denmark/DCGC-693675/2026,S:P251S
Denmark/DCGC-693675/2026,S:P26L
Denmark/DCGC-693675/2026,S:P681H
Denmark/DCGC-693675/2026,S:Q498R
Denmark/DCGC-693675/2026,S:R21T
Denmark/DCGC-693675/2026,S:R403K
Denmark/DCGC-693675/2026,S:R408S
Denmark/DCGC-693675/2026,S:S172F
Denmark/DCGC-693675/2026,S:S371F
Denmark/DCGC-693675/2026,S:S373P
Denmark/DCGC-693675/2026,S:S375F
Denmark/DCGC-693675/2026,S:S477N
Denmark/DCGC-693675/2026,S:S704L
Denmark/DCGC-693675/2026,S:S939F
Denmark/DCGC-693675/2026,S:T478N
Denmark/DCGC-693675/2026,S:T9L
Denmark/DCGC-693675/2026,S:V143-
Denmark/DCGC-693675/2026,S:V445A
Denmark/DCGC-693675/2026,S:V642G
Denmark/DCGC-693675/2026,S:V70-
Denmark/DCGC-693675/2026,S:Y144-
Denmark/DCGC-693675/2026,S:Y145-
EGY/CU002b_S3/2020,S:D614G
EGY/CU002b_S3/2020,S:Q677H
EGY/CU002b_S3/2020,S:S12F
EGY/CU002b_S3/2020,S:S813I
EGY/EGY-ARMY-MCL008/2020,S:D614G
EGY/EGY-ARMY-MCL008/2020,S:Q677H
EGY/EGY-ARMY-MCL008/2020,S:V1264L
EGY/EGY_CCHE57357_P_34/2020,S:D614G
EGY/Third-Wave-EGY-ARMY63/2021,S:D614G
EGY/Third-Wave-EGY-ARMY63/2021,S:L452R
EGY/Third-Wave-EGY-ARMY63/2021,S:Q677H
ESP/188-Day5/2023,S:A27S
ESP/188-Day5/2023,S:D405N
ESP/188-Day5/2023,S:D614G
ESP/188-Day5/2023,S:D796Y
ESP/188-Day5/2023,S:E180V
ESP/188-Day5/2023,S:E484A
ESP/188-Day5/2023,S:F486P
ESP/188-Day5/2023,S:F490S
ESP/188-Day5/2023,S:G142D
ESP/188-Day5/2023,S:G252V
ESP/188-Day5/2023,S:G339H
ESP/188-Day5/2023,S:G446S
ESP/188-Day5/2023,S:H146Q
ESP/188-Day5/2023,S:H655Y
ESP/188-Day5/2023,S:K417N
ESP/188-Day5/2023,S:L24-
ESP/188-Day5/2023,S:L368I
ESP/188-Day5/2023,S:N440K
ESP/188-Day5/2023,S:N460K
ESP/188-Day5/2023,S:N501Y
ESP/188-Day5/2023,S:N679K
ESP/188-Day5/2023,S:N764K
ESP/188-Day5/2023,S:N969K
ESP/188-Day5/2023,S:P25-
ESP/188-Day5/2023,S:P26-
ESP/188-Day5/2023,S:P681H
ESP/188-Day5/2023,S:Q183E
ESP/188-Day5/2023,S:Q498R
ESP/188-Day5/2023,S:R346T
ESP/188-Day5/2023,S:R408S
ESP/188-Day5/2023,S:S371F
ESP/188-Day5/2023,S:S373P
ESP/188-Day5/2023,S:S375F
ESP/188-Day5/2023,S:S477N
ESP/188-Day5/2023,S:T19I
ESP/188-Day5/2023,S:T376A
ESP/188-Day5/2023,S:T478R
ESP/188-Day5/2023,S:V213E
ESP/188-Day5/2023,S:V445P
ESP/188-Day5/2023,S:V83A
ESP/188-Day5/2023,S:Y144-
ESP/188-Day5/2023,S:Y505H
ESP/MD-HGUGM-5592078/2021,S:D614G
ESP/MD-HGUGM-5592078/2021,S:D950N
ESP/MD-HGUGM-5592078/2021,S:E484K
ESP/MD-HGUGM-5592078/2021,S:N501Y
ESP/MD-HGUGM-5592078/2021,S:P681H
ESP/MD-HGUGM-5592078/2021,S:R346K
ESP/MD-HGUGM-5592078/2021,S:T95I
ESP/MD-HGUGM-5592078/2021,S:Y144S
ESP/MD-HGUGM-5592078/2021,S:Y145N
ESP/MD-HGUGM-5603548/2021,S:D614G
ESP/MD-HGUGM-5603548/2021,S:D950N
ESP/MD-HGUGM-5603548/2021,S:E484K
ESP/MD-HGUGM-5603548/2021,S:N501Y
ESP/MD-HGUGM-5603548/2021,S:P681H
ESP/MD-HGUGM-5603548/2021,S:R346K
ESP/MD-HGUGM-5603548/2021,S:T95I
ESP/MD-HGUGM-5603548/2021,S:Y144S
ESP/MD-HGUGM-5603548/2021,S:Y145N
ETH/21356071771/2022,S:A27S
ETH/21356071771/2022,S:D405N
ETH/21356071771/2022,S:D614G
ETH/21356071771/2022,S:D796Y
ETH/21356071771/2022,S:E484A
ETH/21356071771/2022,S:F486V
ETH/21356071771/2022,S:G142D
ETH/21356071771/2022,S:H655Y
ETH/21356071771/2022,S:H69-
ETH/21356071771/2022,S:K417N
ETH/21356071771/2022,S:L24-
ETH/21356071771/2022,S:L452R
ETH/21356071771/2022,S:N440K
ETH/21356071771/2022,S:N501Y
ETH/21356071771/2022,S:N679K
ETH/21356071771/2022,S:N764K
ETH/21356071771/2022,S:N969K
ETH/21356071771/2022,S:P25-
ETH/21356071771/2022,S:P26-
ETH/21356071771/2022,S:P681H
ETH/21356071771/2022,S:Q498R
ETH/21356071771/2022,S:S477N
ETH/21356071771/2022,S:T19I
ETH/21356071771/2022,S:T478K
ETH/21356071771/2022,S:V213G
ETH/21356071771/2022,S:V70-
ETH/21356071771/2022,S:Y505H
ETH/21356071823/2022,S:A27S
ETH/21356071823/2022,S:D405N
ETH/21356071823/2022,S:D614G
ETH/21356071823/2022,S:D796Y
ETH/21356071823/2022,S:E484A
ETH/21356071823/2022,S:F486V
ETH/21356071823/2022,S:G142D
ETH/21356071823/2022,S:H655Y
ETH/21356071823/2022,S:H69-
ETH/21356071823/2022,S:I670V
ETH/21356071823/2022,S:K417N
ETH/21356071823/2022,S:L24-
ETH/21356071823/2022,S:L452R
ETH/21356071823/2022,S:N440K
ETH/21356071823/2022,S:N501Y
ETH/21356071823/2022,S:N679K
ETH/21356071823/2022,S:N764K
ETH/21356071823/2022,S:N969K
ETH/21356071823/2022,S:P25-
ETH/21356071823/2022,S:P26-
ETH/21356071823/2022,S:P681H
ETH/21356071823/2022,S:Q498R
ETH/21356071823/2022,S:S477N
ETH/21356071823/2022,S:T19I
ETH/21356071823/2022,S:T478K
ETH/21356071823/2022,S:V213G
ETH/21356071823/2022,S:V70-
ETH/21356071823/2022,S:Y505H
ETH/EPHI-3385-07/2022,S:A27S
ETH/EPHI-3385-07/2022,S:D405N
ETH/EPHI-3385-07/2022,S:D614G
ETH/EPHI-3385-07/2022,S:D796Y
ETH/EPHI-3385-07/2022,S:E484A
ETH/EPHI-3385-07/2022,S:F486V
ETH/EPHI-3385-07/2022,S:G142D
ETH/EPHI-3385-07/2022,S:H655Y
ETH/EPHI-3385-07/2022,S:H69-
ETH/EPHI-3385-07/2022,S:K417N
ETH/EPHI-3385-07/2022,S:L24-
ETH/EPHI-3385-07/2022,S:L452R
ETH/EPHI-3385-07/2022,S:N440K
ETH/EPHI-3385-07/2022,S:N501Y
ETH/EPHI-3385-07/2022,S:N679K
ETH/EPHI-3385-07/2022,S:N764K
ETH/EPHI-3385-07/2022,S:N969K
ETH/EPHI-3385-07/2022,S:P25-
ETH/EPHI-3385-07/2022,S:P26-
ETH/EPHI-3385-07/2022,S:P681H
ETH/EPHI-3385-07/2022,S:Q498R
ETH/EPHI-3385-07/2022,S:R408S
ETH/EPHI-3385-07/2022,S:S477N
ETH/EPHI-3385-07/2022,S:T19I
ETH/EPHI-3385-07/2022,S:T478K
ETH/EPHI-3385-07/2022,S:V213G
ETH/EPHI-3385-07/2022,S:V70-
ETH/EPHI-3385-07/2022,S:Y505H
ETH/EPHI-3440-08/2022,S:A1020S
ETH/EPHI-3440-08/2022,S:A27S
ETH/EPHI-3440-08/2022,S:D405N
ETH/EPHI-3440-08/2022,S:D614G
ETH/EPHI-3440-08/2022,S:D796Y
ETH/EPHI-3440-08/2022,S:E484A
ETH/EPHI-3440-08/2022,S:F486V
ETH/EPHI-3440-08/2022,S:G142D
ETH/EPHI-3440-08/2022,S:G339D
ETH/EPHI-3440-08/2022,S:H655Y
ETH/EPHI-3440-08/2022,S:H69-
ETH/EPHI-3440-08/2022,S:K417N
ETH/EPHI-3440-08/2022,S:L24-
ETH/EPHI-3440-08/2022,S:L452R
ETH/EPHI-3440-08/2022,S:N440K
ETH/EPHI-3440-08/2022,S:N501Y
ETH/EPHI-3440-08/2022,S:N658S
ETH/EPHI-3440-08/2022,S:N679K
ETH/EPHI-3440-08/2022,S:N764K
ETH/EPHI-3440-08/2022,S:N969K
ETH/EPHI-3440-08/2022,S:P25-
ETH/EPHI-3440-08/2022,S:P26-
ETH/EPHI-3440-08/2022,S:P681H
ETH/EPHI-3440-08/2022,S:Q498R
ETH/EPHI-3440-08/2022,S:S371F
ETH/EPHI-3440-08/2022,S:S373P
ETH/EPHI-3440-08/2022,S:S375F
ETH/EPHI-3440-08/2022,S:S477N
ETH/EPHI-3440-08/2022,S:T19I
ETH/EPHI-3440-08/2022,S:T376A
ETH/EPHI-3440-08/2022,S:T478K
ETH/EPHI-3440-08/2022,S:V213G
ETH/EPHI-3440-08/2022,S:V70-
ETH/EPHI-3440-08/2022,S:Y505H
ETH/S15/2021,S:D614G
ETH/S15/2021,S:T676I
England/NOTT-112CD9/2020,S:D614G
England/PHEP-YYGJMQB/2023,S:A27S
England/PHEP-YYGJMQB/2023,S:D405N
England/PHEP-YYGJMQB/2023,S:D614G
England/PHEP-YYGJMQB/2023,S:D796Y
England/PHEP-YYGJMQB/2023,S:E484A
England/PHEP-YYGJMQB/2023,S:F486P
England/PHEP-YYGJMQB/2023,S:F490S
England/PHEP-YYGJMQB/2023,S:G142D
England/PHEP-YYGJMQB/2023,S:G252V
England/PHEP-YYGJMQB/2023,S:G339H
England/PHEP-YYGJMQB/2023,S:G446S
England/PHEP-YYGJMQB/2023,S:H146Q
England/PHEP-YYGJMQB/2023,S:H655Y
England/PHEP-YYGJMQB/2023,S:K417N
England/PHEP-YYGJMQB/2023,S:L24-
England/PHEP-YYGJMQB/2023,S:L368I
England/PHEP-YYGJMQB/2023,S:N440K
England/PHEP-YYGJMQB/2023,S:N460K
England/PHEP-YYGJMQB/2023,S:N501Y
England/PHEP-YYGJMQB/2023,S:N679K
England/PHEP-YYGJMQB/2023,S:N764K
England/PHEP-YYGJMQB/2023,S:N969K
England/PHEP-YYGJMQB/2023,S:P25-
England/PHEP-YYGJMQB/2023,S:P26-
England/PHEP-YYGJMQB/2023,S:P681H
England/PHEP-YYGJMQB/2023,S:Q183E
England/PHEP-YYGJMQB/2023,S:Q498R
England/PHEP-YYGJMQB/2023,S:R346T
England/PHEP-YYGJMQB/2023,S:R408S
England/PHEP-YYGJMQB/2023,S:S371F
England/PHEP-YYGJMQB/2023,S:S373P
England/PHEP-YYGJMQB/2023,S:S375F
England/PHEP-YYGJMQB/2023,S:S477N
England/PHEP-YYGJMQB/2023,S:T19I
England/PHEP-YYGJMQB/2023,S:T376A
England/PHEP-YYGJMQB/2023,S:T478K
England/PHEP-YYGJMQB/2023,S:V213E
England/PHEP-YYGJMQB/2023,S:V445P
England/PHEP-YYGJMQB/2023,S:V83A
England/PHEP-YYGJMQB/2023,S:Y144-
England/PHEP-YYGJMQB/2023,S:Y505H
FRA/039-0010-B-M/2024,S:A264D
FRA/039-0010-B-M/2024,S:A27S
FRA/039-0010-B-M/2024,S:A570V
FRA/039-0010-B-M/2024,S:D405N
FRA/039-0010-B-M/2024,S:D614G
FRA/039-0010-B-M/2024,S:D796Y
FRA/039-0010-B-M/2024,S:E484K
FRA/039-0010-B-M/2024,S:E554K
FRA/039-0010-B-M/2024,S:F157S
FRA/039-0010-B-M/2024,S:F456L
FRA/039-0010-B-M/2024,S:F486P
FRA/039-0010-B-M/2024,S:G142D
FRA/039-0010-B-M/2024,S:G339H
FRA/039-0010-B-M/2024,S:G446S
FRA/039-0010-B-M/2024,S:H146Q
FRA/039-0010-B-M/2024,S:H245N
FRA/039-0010-B-M/2024,S:H655Y
FRA/039-0010-B-M/2024,S:H69-
FRA/039-0010-B-M/2024,S:I332V
FRA/039-0010-B-M/2024,S:K356T
FRA/039-0010-B-M/2024,S:K417N
FRA/039-0010-B-M/2024,S:L212I
FRA/039-0010-B-M/2024,S:L216F
FRA/039-0010-B-M/2024,S:L24-
FRA/039-0010-B-M/2024,S:L452W
FRA/039-0010-B-M/2024,S:L455S
FRA/039-0010-B-M/2024,S:N211-
FRA/039-0010-B-M/2024,S:N440K
FRA/039-0010-B-M/2024,S:N450D
FRA/039-0010-B-M/2024,S:N460K
FRA/039-0010-B-M/2024,S:N481K
FRA/039-0010-B-M/2024,S:N50L
FRA/039-0010-B-M/2024,S:N679K
FRA/039-0010-B-M/2024,S:N764K
FRA/039-0010-B-M/2024,S:N969K
FRA/039-0010-B-M/2024,S:P1143L
FRA/039-0010-B-M/2024,S:P25-
FRA/039-0010-B-M/2024,S:P26-
FRA/039-0010-B-M/2024,S:P621S
FRA/039-0010-B-M/2024,S:P681R
FRA/039-0010-B-M/2024,S:Q498R
FRA/039-0010-B-M/2024,S:R158G
FRA/039-0010-B-M/2024,S:R346T
FRA/039-0010-B-M/2024,S:R403K
FRA/039-0010-B-M/2024,S:R408S
FRA/039-0010-B-M/2024,S:S31-
FRA/039-0010-B-M/2024,S:S371F
FRA/039-0010-B-M/2024,S:S373P
FRA/039-0010-B-M/2024,S:S375F
FRA/039-0010-B-M/2024,S:S477N
FRA/039-0010-B-M/2024,S:S939F
FRA/039-0010-B-M/2024,S:T19I
FRA/039-0010-B-M/2024,S:T376A
FRA/039-0010-B-M/2024,S:T478K
FRA/039-0010-B-M/2024,S:V1104L
FRA/039-0010-B-M/2024,S:V127F
FRA/039-0010-B-M/2024,S:V21T
FRA/039-0010-B-M/2024,S:V445H
FRA/039-0010-B-M/2024,S:V483-
FRA/039-0010-B-M/2024,S:V70-
FRA/039-0010-B-M/2024,S:Y144-
Ferret/ESP/USA/2020,S:A222V
Ferret/ESP/USA/2020,S:D614G
GTM/UGA-1050289/2021,S:D614G
GTM/UGA-1050289/2021,S:F374Y
GTM/UGA-1050289/2021,S:G142-
GTM/UGA-1050289/2021,S:L141-
GTM/UGA-1050289/2021,S:L452R
GTM/UGA-1050289/2021,S:V143-
GTM/UGA-25027860/2021,S:D614G
GTM/UGA-25027860/2021,S:G142-
GTM/UGA-25027860/2021,S:L141-
GTM/UGA-25027860/2021,S:L452R
GTM/UGA-25027860/2021,S:V143-
IDN/10752101037/2021,S:A222V
IDN/10752101037/2021,S:D614G
IDN/10752101037/2021,S:D950N
IDN/10752101037/2021,S:E156-
IDN/10752101037/2021,S:F157-
IDN/10752101037/2021,S:G142D
IDN/10752101037/2021,S:L452R
IDN/10752101037/2021,S:P681R
IDN/10752101037/2021,S:R158G
IDN/10752101037/2021,S:T19R
IDN/10752101037/2021,S:T478K
IDN/10752101059/2022,S:D614G
IDN/10752101059/2022,S:D796Y
IDN/10752101059/2022,S:E484A
IDN/10752101059/2022,S:G142-
IDN/10752101059/2022,S:G339D
IDN/10752101059/2022,S:G446S
IDN/10752101059/2022,S:G496S
IDN/10752101059/2022,S:H655Y
IDN/10752101059/2022,S:H69-
IDN/10752101059/2022,S:K417N
IDN/10752101059/2022,S:L212I
IDN/10752101059/2022,S:L981F
IDN/10752101059/2022,S:N211-
IDN/10752101059/2022,S:N440K
IDN/10752101059/2022,S:N501Y
IDN/10752101059/2022,S:N67V
IDN/10752101059/2022,S:N764K
IDN/10752101059/2022,S:N856K
IDN/10752101059/2022,S:N969K
IDN/10752101059/2022,S:P681H
IDN/10752101059/2022,S:Q493R
IDN/10752101059/2022,S:Q498R
IDN/10752101059/2022,S:Q954H
IDN/10752101059/2022,S:S371L
IDN/10752101059/2022,S:S373P
IDN/10752101059/2022,S:S375F
IDN/10752101059/2022,S:S477N
IDN/10752101059/2022,S:T478K
IDN/10752101059/2022,S:T547K
IDN/10752101059/2022,S:T95I
IDN/10752101059/2022,S:V143-
IDN/10752101059/2022,S:V70-
IDN/10752101059/2022,S:Y144-
IDN/10752101059/2022,S:Y145D
IDN/10752101059/2022,S:Y505H
IDN/10761001081/2021,S:D614G
IDN/10761001081/2021,S:N439K
IDN/10761001081/2021,S:P681R
IDN/RSDS-RCVTD-UNAIR-35-B/2020,S:D215Y
IDN/RSDS-RCVTD-UNAIR-35-B/2020,S:D614G
IDN/RSDS-RCVTD-UNAIR-35-B/2020,S:E484D
IDN/RSDS-RCVTD-UNAIR-35-B/2020,S:S708F
IGS-10285-CVDP-041F9E91-D789-4012-96D8-C24D80385B0E,S:A264D
IGS-10285-CVDP-041F9E91-D789-4012-96D8-C24D80385B0E,S:A27S
IGS-10285-CVDP-041F9E91-D789-4012-96D8-C24D80385B0E,S:A435S
IGS-10285-CVDP-041F9E91-D789-4012-96D8-C24D80385B0E,S:A570V
IGS-10285-CVDP-041F9E91-D789-4012-96D8-C24D80385B0E,S:D405N
IGS-10285-CVDP-041F9E91-D789-4012-96D8-C24D80385B0E,S:D614G
IGS-10285-CVDP-041F9E91-D789-4012-96D8-C24D80385B0E,S:D796Y
IGS-10285-CVDP-041F9E91-D789-4012-96D8-C24D80385B0E,S:E484K
IGS-10285-CVDP-041F9E91-D789-4012-96D8-C24D80385B0E,S:E554K
IGS-10285-CVDP-041F9E91-D789-4012-96D8-C24D80385B0E,S:F157S
IGS-10285-CVDP-041F9E91-D789-4012-96D8-C24D80385B0E,S:F456L
IGS-10285-CVDP-041F9E91-D789-4012-96D8-C24D80385B0E,S:F486P
IGS-10285-CVDP-041F9E91-D789-4012-96D8-C24D80385B0E,S:F59S
IGS-10285-CVDP-041F9E91-D789-4012-96D8-C24D80385B0E,S:G142D
IGS-10285-CVDP-041F9E91-D789-4012-96D8-C24D80385B0E,S:G184S
IGS-10285-CVDP-041F9E91-D789-4012-96D8-C24D80385B0E,S:G339H
IGS-10285-CVDP-041F9E91-D789-4012-96D8-C24D80385B0E,S:G446S
IGS-10285-CVDP-041F9E91-D789-4012-96D8-C24D80385B0E,S:H245N
IGS-10285-CVDP-041F9E91-D789-4012-96D8-C24D80385B0E,S:H655Y
IGS-10285-CVDP-041F9E91-D789-4012-96D8-C24D80385B0E,S:H69-
IGS-10285-CVDP-041F9E91-D789-4012-96D8-C24D80385B0E,S:I332V
IGS-10285-CVDP-041F9E91-D789-4012-96D8-C24D80385B0E,S:K356T
IGS-10285-CVDP-041F9E91-D789-4012-96D8-C24D80385B0E,S:K417N
IGS-10285-CVDP-041F9E91-D789-4012-96D8-C24D80385B0E,S:L212I
IGS-10285-CVDP-041F9E91-D789-4012-96D8-C24D80385B0E,S:L216F
IGS-10285-CVDP-041F9E91-D789-4012-96D8-C24D80385B0E,S:L24-
IGS-10285-CVDP-041F9E91-D789-4012-96D8-C24D80385B0E,S:L452W
IGS-10285-CVDP-041F9E91-D789-4012-96D8-C24D80385B0E,S:L455S
IGS-10285-CVDP-041F9E91-D789-4012-96D8-C24D80385B0E,S:N211-
IGS-10285-CVDP-041F9E91-D789-4012-96D8-C24D80385B0E,S:N440K
IGS-10285-CVDP-041F9E91-D789-4012-96D8-C24D80385B0E,S:N450D
IGS-10285-CVDP-041F9E91-D789-4012-96D8-C24D80385B0E,S:N460K
IGS-10285-CVDP-041F9E91-D789-4012-96D8-C24D80385B0E,S:N481K
IGS-10285-CVDP-041F9E91-D789-4012-96D8-C24D80385B0E,S:N50L
IGS-10285-CVDP-041F9E91-D789-4012-96D8-C24D80385B0E,S:N679K
IGS-10285-CVDP-041F9E91-D789-4012-96D8-C24D80385B0E,S:N764K
IGS-10285-CVDP-041F9E91-D789-4012-96D8-C24D80385B0E,S:N969K
IGS-10285-CVDP-041F9E91-D789-4012-96D8-C24D80385B0E,S:P1143L
IGS-10285-CVDP-041F9E91-D789-4012-96D8-C24D80385B0E,S:P25-
IGS-10285-CVDP-041F9E91-D789-4012-96D8-C24D80385B0E,S:P26-
IGS-10285-CVDP-041F9E91-D789-4012-96D8-C24D80385B0E,S:P621S
IGS-10285-CVDP-041F9E91-D789-4012-96D8-C24D80385B0E,S:P681R
IGS-10285-CVDP-041F9E91-D789-4012-96D8-C24D80385B0E,S:Q493E
IGS-10285-CVDP-041F9E91-D789-4012-96D8-C24D80385B0E,S:Q498R
IGS-10285-CVDP-041F9E91-D789-4012-96D8-C24D80385B0E,S:R158G
IGS-10285-CVDP-041F9E91-D789-4012-96D8-C24D80385B0E,S:R403K
IGS-10285-CVDP-041F9E91-D789-4012-96D8-C24D80385B0E,S:R408S
IGS-10285-CVDP-041F9E91-D789-4012-96D8-C24D80385B0E,S:S371F
IGS-10285-CVDP-041F9E91-D789-4012-96D8-C24D80385B0E,S:S373P
IGS-10285-CVDP-041F9E91-D789-4012-96D8-C24D80385B0E,S:S375F
IGS-10285-CVDP-041F9E91-D789-4012-96D8-C24D80385B0E,S:S477N
IGS-10285-CVDP-041F9E91-D789-4012-96D8-C24D80385B0E,S:S680F
IGS-10285-CVDP-041F9E91-D789-4012-96D8-C24D80385B0E,S:S939F
IGS-10285-CVDP-041F9E91-D789-4012-96D8-C24D80385B0E,S:T19I
IGS-10285-CVDP-041F9E91-D789-4012-96D8-C24D80385B0E,S:T22N
IGS-10285-CVDP-041F9E91-D789-4012-96D8-C24D80385B0E,S:T376A
IGS-10285-CVDP-041F9E91-D789-4012-96D8-C24D80385B0E,S:T478I
IGS-10285-CVDP-041F9E91-D789-4012-96D8-C24D80385B0E,S:V127F
IGS-10285-CVDP-041F9E91-D789-4012-96D8-C24D80385B0E,S:V21T
IGS-10285-CVDP-041F9E91-D789-4012-96D8-C24D80385B0E,S:V445H
IGS-10285-CVDP-041F9E91-D789-4012-96D8-C24D80385B0E,S:V483-
IGS-10285-CVDP-041F9E91-D789-4012-96D8-C24D80385B0E,S:V70-
IGS-10285-CVDP-041F9E91-D789-4012-96D8-C24D80385B0E,S:Y144-
IGS-10285-CVDP-12EF7669-0CCE-410B-8AE1-C4B4D6644912,S:A264D
IGS-10285-CVDP-12EF7669-0CCE-410B-8AE1-C4B4D6644912,S:A27S
IGS-10285-CVDP-12EF7669-0CCE-410B-8AE1-C4B4D6644912,S:A570V
IGS-10285-CVDP-12EF7669-0CCE-410B-8AE1-C4B4D6644912,S:D405N
IGS-10285-CVDP-12EF7669-0CCE-410B-8AE1-C4B4D6644912,S:D614G
IGS-10285-CVDP-12EF7669-0CCE-410B-8AE1-C4B4D6644912,S:D796Y
IGS-10285-CVDP-12EF7669-0CCE-410B-8AE1-C4B4D6644912,S:E484K
IGS-10285-CVDP-12EF7669-0CCE-410B-8AE1-C4B4D6644912,S:E554K
IGS-10285-CVDP-12EF7669-0CCE-410B-8AE1-C4B4D6644912,S:F157S
IGS-10285-CVDP-12EF7669-0CCE-410B-8AE1-C4B4D6644912,S:F456L
IGS-10285-CVDP-12EF7669-0CCE-410B-8AE1-C4B4D6644912,S:F486P
IGS-10285-CVDP-12EF7669-0CCE-410B-8AE1-C4B4D6644912,S:G142D
IGS-10285-CVDP-12EF7669-0CCE-410B-8AE1-C4B4D6644912,S:G339H
IGS-10285-CVDP-12EF7669-0CCE-410B-8AE1-C4B4D6644912,S:G446S
IGS-10285-CVDP-12EF7669-0CCE-410B-8AE1-C4B4D6644912,S:H245N
IGS-10285-CVDP-12EF7669-0CCE-410B-8AE1-C4B4D6644912,S:H655Y
IGS-10285-CVDP-12EF7669-0CCE-410B-8AE1-C4B4D6644912,S:H69-
IGS-10285-CVDP-12EF7669-0CCE-410B-8AE1-C4B4D6644912,S:I332V
IGS-10285-CVDP-12EF7669-0CCE-410B-8AE1-C4B4D6644912,S:K182R
IGS-10285-CVDP-12EF7669-0CCE-410B-8AE1-C4B4D6644912,S:K356T
IGS-10285-CVDP-12EF7669-0CCE-410B-8AE1-C4B4D6644912,S:K417N
IGS-10285-CVDP-12EF7669-0CCE-410B-8AE1-C4B4D6644912,S:K444R
IGS-10285-CVDP-12EF7669-0CCE-410B-8AE1-C4B4D6644912,S:K529T
IGS-10285-CVDP-12EF7669-0CCE-410B-8AE1-C4B4D6644912,S:L212I
IGS-10285-CVDP-12EF7669-0CCE-410B-8AE1-C4B4D6644912,S:L216F
IGS-10285-CVDP-12EF7669-0CCE-410B-8AE1-C4B4D6644912,S:L24-
IGS-10285-CVDP-12EF7669-0CCE-410B-8AE1-C4B4D6644912,S:L452W
IGS-10285-CVDP-12EF7669-0CCE-410B-8AE1-C4B4D6644912,S:L455S
IGS-10285-CVDP-12EF7669-0CCE-410B-8AE1-C4B4D6644912,S:N211-
IGS-10285-CVDP-12EF7669-0CCE-410B-8AE1-C4B4D6644912,S:N440K
IGS-10285-CVDP-12EF7669-0CCE-410B-8AE1-C4B4D6644912,S:N450D
IGS-10285-CVDP-12EF7669-0CCE-410B-8AE1-C4B4D6644912,S:N460K
IGS-10285-CVDP-12EF7669-0CCE-410B-8AE1-C4B4D6644912,S:N481K
IGS-10285-CVDP-12EF7669-0CCE-410B-8AE1-C4B4D6644912,S:N487D
IGS-10285-CVDP-12EF7669-0CCE-410B-8AE1-C4B4D6644912,S:N50L
IGS-10285-CVDP-12EF7669-0CCE-410B-8AE1-C4B4D6644912,S:N679K
IGS-10285-CVDP-12EF7669-0CCE-410B-8AE1-C4B4D6644912,S:N764K
IGS-10285-CVDP-12EF7669-0CCE-410B-8AE1-C4B4D6644912,S:N969K
IGS-10285-CVDP-12EF7669-0CCE-410B-8AE1-C4B4D6644912,S:P1143L
IGS-10285-CVDP-12EF7669-0CCE-410B-8AE1-C4B4D6644912,S:P25-
IGS-10285-CVDP-12EF7669-0CCE-410B-8AE1-C4B4D6644912,S:P26-
IGS-10285-CVDP-12EF7669-0CCE-410B-8AE1-C4B4D6644912,S:P621S
IGS-10285-CVDP-12EF7669-0CCE-410B-8AE1-C4B4D6644912,S:P681R
IGS-10285-CVDP-12EF7669-0CCE-410B-8AE1-C4B4D6644912,S:Q493E
IGS-10285-CVDP-12EF7669-0CCE-410B-8AE1-C4B4D6644912,S:Q498R
IGS-10285-CVDP-12EF7669-0CCE-410B-8AE1-C4B4D6644912,S:R158G
IGS-10285-CVDP-12EF7669-0CCE-410B-8AE1-C4B4D6644912,S:R190S
IGS-10285-CVDP-12EF7669-0CCE-410B-8AE1-C4B4D6644912,S:R346T
IGS-10285-CVDP-12EF7669-0CCE-410B-8AE1-C4B4D6644912,S:R403K
IGS-10285-CVDP-12EF7669-0CCE-410B-8AE1-C4B4D6644912,S:R408S
IGS-10285-CVDP-12EF7669-0CCE-410B-8AE1-C4B4D6644912,S:S31P
IGS-10285-CVDP-12EF7669-0CCE-410B-8AE1-C4B4D6644912,S:S371F
IGS-10285-CVDP-12EF7669-0CCE-410B-8AE1-C4B4D6644912,S:S373P
IGS-10285-CVDP-12EF7669-0CCE-410B-8AE1-C4B4D6644912,S:S375F
IGS-10285-CVDP-12EF7669-0CCE-410B-8AE1-C4B4D6644912,S:S477N
IGS-10285-CVDP-12EF7669-0CCE-410B-8AE1-C4B4D6644912,S:S939F
IGS-10285-CVDP-12EF7669-0CCE-410B-8AE1-C4B4D6644912,S:T19I
IGS-10285-CVDP-12EF7669-0CCE-410B-8AE1-C4B4D6644912,S:T22N
IGS-10285-CVDP-12EF7669-0CCE-410B-8AE1-C4B4D6644912,S:T376A
IGS-10285-CVDP-12EF7669-0CCE-410B-8AE1-C4B4D6644912,S:T478K
IGS-10285-CVDP-12EF7669-0CCE-410B-8AE1-C4B4D6644912,S:T572I
IGS-10285-CVDP-12EF7669-0CCE-410B-8AE1-C4B4D6644912,S:T604I
IGS-10285-CVDP-12EF7669-0CCE-410B-8AE1-C4B4D6644912,S:V1264L
IGS-10285-CVDP-12EF7669-0CCE-410B-8AE1-C4B4D6644912,S:V127F
IGS-10285-CVDP-12EF7669-0CCE-410B-8AE1-C4B4D6644912,S:V21T
IGS-10285-CVDP-12EF7669-0CCE-410B-8AE1-C4B4D6644912,S:V445R
IGS-10285-CVDP-12EF7669-0CCE-410B-8AE1-C4B4D6644912,S:V483-
IGS-10285-CVDP-12EF7669-0CCE-410B-8AE1-C4B4D6644912,S:V70-
IGS-10285-CVDP-12EF7669-0CCE-410B-8AE1-C4B4D6644912,S:Y144-
IGS-10285-CVDP-25B8BEF2-FF09-485F-8B0C-1F42148EA033,S:A264D
IGS-10285-CVDP-25B8BEF2-FF09-485F-8B0C-1F42148EA033,S:A27S
IGS-10285-CVDP-25B8BEF2-FF09-485F-8B0C-1F42148EA033,S:A570V
IGS-10285-CVDP-25B8BEF2-FF09-485F-8B0C-1F42148EA033,S:D405N
IGS-10285-CVDP-25B8BEF2-FF09-485F-8B0C-1F42148EA033,S:D614G
IGS-10285-CVDP-25B8BEF2-FF09-485F-8B0C-1F42148EA033,S:D796Y
IGS-10285-CVDP-25B8BEF2-FF09-485F-8B0C-1F42148EA033,S:E484K
IGS-10285-CVDP-25B8BEF2-FF09-485F-8B0C-1F42148EA033,S:E554K
IGS-10285-CVDP-25B8BEF2-FF09-485F-8B0C-1F42148EA033,S:F157S
IGS-10285-CVDP-25B8BEF2-FF09-485F-8B0C-1F42148EA033,S:F456L
IGS-10285-CVDP-25B8BEF2-FF09-485F-8B0C-1F42148EA033,S:F486P
IGS-10285-CVDP-25B8BEF2-FF09-485F-8B0C-1F42148EA033,S:G142D
IGS-10285-CVDP-25B8BEF2-FF09-485F-8B0C-1F42148EA033,S:G219S
IGS-10285-CVDP-25B8BEF2-FF09-485F-8B0C-1F42148EA033,S:G339H
IGS-10285-CVDP-25B8BEF2-FF09-485F-8B0C-1F42148EA033,S:G446S
IGS-10285-CVDP-25B8BEF2-FF09-485F-8B0C-1F42148EA033,S:H245N
IGS-10285-CVDP-25B8BEF2-FF09-485F-8B0C-1F42148EA033,S:H655Y
IGS-10285-CVDP-25B8BEF2-FF09-485F-8B0C-1F42148EA033,S:H69-
IGS-10285-CVDP-25B8BEF2-FF09-485F-8B0C-1F42148EA033,S:I332V
IGS-10285-CVDP-25B8BEF2-FF09-485F-8B0C-1F42148EA033,S:K182R
IGS-10285-CVDP-25B8BEF2-FF09-485F-8B0C-1F42148EA033,S:K356T
IGS-10285-CVDP-25B8BEF2-FF09-485F-8B0C-1F42148EA033,S:K417N
IGS-10285-CVDP-25B8BEF2-FF09-485F-8B0C-1F42148EA033,S:K444R
IGS-10285-CVDP-25B8BEF2-FF09-485F-8B0C-1F42148EA033,S:L212I
IGS-10285-CVDP-25B8BEF2-FF09-485F-8B0C-1F42148EA033,S:L216F
IGS-10285-CVDP-25B8BEF2-FF09-485F-8B0C-1F42148EA033,S:L24-
IGS-10285-CVDP-25B8BEF2-FF09-485F-8B0C-1F42148EA033,S:L452W
IGS-10285-CVDP-25B8BEF2-FF09-485F-8B0C-1F42148EA033,S:L455S
IGS-10285-CVDP-25B8BEF2-FF09-485F-8B0C-1F42148EA033,S:N211-
IGS-10285-CVDP-25B8BEF2-FF09-485F-8B0C-1F42148EA033,S:N440K
IGS-10285-CVDP-25B8BEF2-FF09-485F-8B0C-1F42148EA033,S:N450D
IGS-10285-CVDP-25B8BEF2-FF09-485F-8B0C-1F42148EA033,S:N460K
IGS-10285-CVDP-25B8BEF2-FF09-485F-8B0C-1F42148EA033,S:N481K
IGS-10285-CVDP-25B8BEF2-FF09-485F-8B0C-1F42148EA033,S:N487D
IGS-10285-CVDP-25B8BEF2-FF09-485F-8B0C-1F42148EA033,S:N50L
IGS-10285-CVDP-25B8BEF2-FF09-485F-8B0C-1F42148EA033,S:N679R
IGS-10285-CVDP-25B8BEF2-FF09-485F-8B0C-1F42148EA033,S:N764K
IGS-10285-CVDP-25B8BEF2-FF09-485F-8B0C-1F42148EA033,S:N969K
IGS-10285-CVDP-25B8BEF2-FF09-485F-8B0C-1F42148EA033,S:P1143L
IGS-10285-CVDP-25B8BEF2-FF09-485F-8B0C-1F42148EA033,S:P25-
IGS-10285-CVDP-25B8BEF2-FF09-485F-8B0C-1F42148EA033,S:P26-
IGS-10285-CVDP-25B8BEF2-FF09-485F-8B0C-1F42148EA033,S:P621S
IGS-10285-CVDP-25B8BEF2-FF09-485F-8B0C-1F42148EA033,S:P681R
IGS-10285-CVDP-25B8BEF2-FF09-485F-8B0C-1F42148EA033,S:Q493E
IGS-10285-CVDP-25B8BEF2-FF09-485F-8B0C-1F42148EA033,S:Q498R
IGS-10285-CVDP-25B8BEF2-FF09-485F-8B0C-1F42148EA033,S:R158G
IGS-10285-CVDP-25B8BEF2-FF09-485F-8B0C-1F42148EA033,S:R190S
IGS-10285-CVDP-25B8BEF2-FF09-485F-8B0C-1F42148EA033,S:R346T
IGS-10285-CVDP-25B8BEF2-FF09-485F-8B0C-1F42148EA033,S:R403K
IGS-10285-CVDP-25B8BEF2-FF09-485F-8B0C-1F42148EA033,S:R408S
IGS-10285-CVDP-25B8BEF2-FF09-485F-8B0C-1F42148EA033,S:S31P
IGS-10285-CVDP-25B8BEF2-FF09-485F-8B0C-1F42148EA033,S:S371F
IGS-10285-CVDP-25B8BEF2-FF09-485F-8B0C-1F42148EA033,S:S373P
IGS-10285-CVDP-25B8BEF2-FF09-485F-8B0C-1F42148EA033,S:S375F
IGS-10285-CVDP-25B8BEF2-FF09-485F-8B0C-1F42148EA033,S:S477N
IGS-10285-CVDP-25B8BEF2-FF09-485F-8B0C-1F42148EA033,S:S939F
IGS-10285-CVDP-25B8BEF2-FF09-485F-8B0C-1F42148EA033,S:T19I
IGS-10285-CVDP-25B8BEF2-FF09-485F-8B0C-1F42148EA033,S:T22N
IGS-10285-CVDP-25B8BEF2-FF09-485F-8B0C-1F42148EA033,S:T376A
IGS-10285-CVDP-25B8BEF2-FF09-485F-8B0C-1F42148EA033,S:T478K
IGS-10285-CVDP-25B8BEF2-FF09-485F-8B0C-1F42148EA033,S:T572I
IGS-10285-CVDP-25B8BEF2-FF09-485F-8B0C-1F42148EA033,S:V127F
IGS-10285-CVDP-25B8BEF2-FF09-485F-8B0C-1F42148EA033,S:V21T
IGS-10285-CVDP-25B8BEF2-FF09-485F-8B0C-1F42148EA033,S:V445R
IGS-10285-CVDP-25B8BEF2-FF09-485F-8B0C-1F42148EA033,S:V483-
IGS-10285-CVDP-25B8BEF2-FF09-485F-8B0C-1F42148EA033,S:V70-
IGS-10285-CVDP-25B8BEF2-FF09-485F-8B0C-1F42148EA033,S:Y144-
IGS-10285-CVDP-2B935DC9-C18A-4B74-898B-31FE39BD78B2,S:A264D
IGS-10285-CVDP-2B935DC9-C18A-4B74-898B-31FE39BD78B2,S:A27S
IGS-10285-CVDP-2B935DC9-C18A-4B74-898B-31FE39BD78B2,S:A570V
IGS-10285-CVDP-2B935DC9-C18A-4B74-898B-31FE39BD78B2,S:D405N
IGS-10285-CVDP-2B935DC9-C18A-4B74-898B-31FE39BD78B2,S:D614G
IGS-10285-CVDP-2B935DC9-C18A-4B74-898B-31FE39BD78B2,S:D796Y
IGS-10285-CVDP-2B935DC9-C18A-4B74-898B-31FE39BD78B2,S:E484K
IGS-10285-CVDP-2B935DC9-C18A-4B74-898B-31FE39BD78B2,S:E554K
IGS-10285-CVDP-2B935DC9-C18A-4B74-898B-31FE39BD78B2,S:F157S
IGS-10285-CVDP-2B935DC9-C18A-4B74-898B-31FE39BD78B2,S:F456L
IGS-10285-CVDP-2B935DC9-C18A-4B74-898B-31FE39BD78B2,S:F486P
IGS-10285-CVDP-2B935DC9-C18A-4B74-898B-31FE39BD78B2,S:F59S
IGS-10285-CVDP-2B935DC9-C18A-4B74-898B-31FE39BD78B2,S:G142D
IGS-10285-CVDP-2B935DC9-C18A-4B74-898B-31FE39BD78B2,S:G339H
IGS-10285-CVDP-2B935DC9-C18A-4B74-898B-31FE39BD78B2,S:G446S
IGS-10285-CVDP-2B935DC9-C18A-4B74-898B-31FE39BD78B2,S:H245N
IGS-10285-CVDP-2B935DC9-C18A-4B74-898B-31FE39BD78B2,S:H655Y
IGS-10285-CVDP-2B935DC9-C18A-4B74-898B-31FE39BD78B2,S:H69-
IGS-10285-CVDP-2B935DC9-C18A-4B74-898B-31FE39BD78B2,S:I332V
IGS-10285-CVDP-2B935DC9-C18A-4B74-898B-31FE39BD78B2,S:K356T
IGS-10285-CVDP-2B935DC9-C18A-4B74-898B-31FE39BD78B2,S:K417N
IGS-10285-CVDP-2B935DC9-C18A-4B74-898B-31FE39BD78B2,S:L212I
IGS-10285-CVDP-2B935DC9-C18A-4B74-898B-31FE39BD78B2,S:L216F
IGS-10285-CVDP-2B935DC9-C18A-4B74-898B-31FE39BD78B2,S:L24-
IGS-10285-CVDP-2B935DC9-C18A-4B74-898B-31FE39BD78B2,S:L452W
IGS-10285-CVDP-2B935DC9-C18A-4B74-898B-31FE39BD78B2,S:L455S
IGS-10285-CVDP-2B935DC9-C18A-4B74-898B-31FE39BD78B2,S:N211-
IGS-10285-CVDP-2B935DC9-C18A-4B74-898B-31FE39BD78B2,S:N440K
IGS-10285-CVDP-2B935DC9-C18A-4B74-898B-31FE39BD78B2,S:N450D
IGS-10285-CVDP-2B935DC9-C18A-4B74-898B-31FE39BD78B2,S:N460K
IGS-10285-CVDP-2B935DC9-C18A-4B74-898B-31FE39BD78B2,S:N481K
IGS-10285-CVDP-2B935DC9-C18A-4B74-898B-31FE39BD78B2,S:N50L
IGS-10285-CVDP-2B935DC9-C18A-4B74-898B-31FE39BD78B2,S:N679K
IGS-10285-CVDP-2B935DC9-C18A-4B74-898B-31FE39BD78B2,S:N764K
IGS-10285-CVDP-2B935DC9-C18A-4B74-898B-31FE39BD78B2,S:N969K
IGS-10285-CVDP-2B935DC9-C18A-4B74-898B-31FE39BD78B2,S:P1143L
IGS-10285-CVDP-2B935DC9-C18A-4B74-898B-31FE39BD78B2,S:P25-
IGS-10285-CVDP-2B935DC9-C18A-4B74-898B-31FE39BD78B2,S:P26-
IGS-10285-CVDP-2B935DC9-C18A-4B74-898B-31FE39BD78B2,S:P621S
IGS-10285-CVDP-2B935DC9-C18A-4B74-898B-31FE39BD78B2,S:P681R
IGS-10285-CVDP-2B935DC9-C18A-4B74-898B-31FE39BD78B2,S:Q493E
IGS-10285-CVDP-2B935DC9-C18A-4B74-898B-31FE39BD78B2,S:Q498R
IGS-10285-CVDP-2B935DC9-C18A-4B74-898B-31FE39BD78B2,S:R158G
IGS-10285-CVDP-2B935DC9-C18A-4B74-898B-31FE39BD78B2,S:R403K
IGS-10285-CVDP-2B935DC9-C18A-4B74-898B-31FE39BD78B2,S:R408S
IGS-10285-CVDP-2B935DC9-C18A-4B74-898B-31FE39BD78B2,S:S371F
IGS-10285-CVDP-2B935DC9-C18A-4B74-898B-31FE39BD78B2,S:S373P
IGS-10285-CVDP-2B935DC9-C18A-4B74-898B-31FE39BD78B2,S:S375F
IGS-10285-CVDP-2B935DC9-C18A-4B74-898B-31FE39BD78B2,S:S477N
IGS-10285-CVDP-2B935DC9-C18A-4B74-898B-31FE39BD78B2,S:S939F
IGS-10285-CVDP-2B935DC9-C18A-4B74-898B-31FE39BD78B2,S:T19I
IGS-10285-CVDP-2B935DC9-C18A-4B74-898B-31FE39BD78B2,S:T22N
IGS-10285-CVDP-2B935DC9-C18A-4B74-898B-31FE39BD78B2,S:T376A
IGS-10285-CVDP-2B935DC9-C18A-4B74-898B-31FE39BD78B2,S:T478K
IGS-10285-CVDP-2B935DC9-C18A-4B74-898B-31FE39BD78B2,S:V1104L
IGS-10285-CVDP-2B935DC9-C18A-4B74-898B-31FE39BD78B2,S:V127F
IGS-10285-CVDP-2B935DC9-C18A-4B74-898B-31FE39BD78B2,S:V21T
IGS-10285-CVDP-2B935DC9-C18A-4B74-898B-31FE39BD78B2,S:V445H
IGS-10285-CVDP-2B935DC9-C18A-4B74-898B-31FE39BD78B2,S:V483-
IGS-10285-CVDP-2B935DC9-C18A-4B74-898B-31FE39BD78B2,S:V70-
IGS-10285-CVDP-2B935DC9-C18A-4B74-898B-31FE39BD78B2,S:Y144-
IGS-10285-CVDP-2C56D9E8-8D10-431F-8CFE-C8D7BE9897BF,S:A243-
IGS-10285-CVDP-2C56D9E8-8D10-431F-8CFE-C8D7BE9897BF,S:A348P
IGS-10285-CVDP-2C56D9E8-8D10-431F-8CFE-C8D7BE9897BF,S:A435S
IGS-10285-CVDP-2C56D9E8-8D10-431F-8CFE-C8D7BE9897BF,S:A575S
IGS-10285-CVDP-2C56D9E8-8D10-431F-8CFE-C8D7BE9897BF,S:A688D
IGS-10285-CVDP-2C56D9E8-8D10-431F-8CFE-C8D7BE9897BF,S:A852K
IGS-10285-CVDP-2C56D9E8-8D10-431F-8CFE-C8D7BE9897BF,S:C136-
IGS-10285-CVDP-2C56D9E8-8D10-431F-8CFE-C8D7BE9897BF,S:D1184E
IGS-10285-CVDP-2C56D9E8-8D10-431F-8CFE-C8D7BE9897BF,S:D138-
IGS-10285-CVDP-2C56D9E8-8D10-431F-8CFE-C8D7BE9897BF,S:D405N
IGS-10285-CVDP-2C56D9E8-8D10-431F-8CFE-C8D7BE9897BF,S:D614G
IGS-10285-CVDP-2C56D9E8-8D10-431F-8CFE-C8D7BE9897BF,S:D796Y
IGS-10285-CVDP-2C56D9E8-8D10-431F-8CFE-C8D7BE9897BF,S:E484K
IGS-10285-CVDP-2C56D9E8-8D10-431F-8CFE-C8D7BE9897BF,S:E554D
IGS-10285-CVDP-2C56D9E8-8D10-431F-8CFE-C8D7BE9897BF,S:E583D
IGS-10285-CVDP-2C56D9E8-8D10-431F-8CFE-C8D7BE9897BF,S:E654K
IGS-10285-CVDP-2C56D9E8-8D10-431F-8CFE-C8D7BE9897BF,S:F140-
IGS-10285-CVDP-2C56D9E8-8D10-431F-8CFE-C8D7BE9897BF,S:F157S
IGS-10285-CVDP-2C56D9E8-8D10-431F-8CFE-C8D7BE9897BF,S:G142-
IGS-10285-CVDP-2C56D9E8-8D10-431F-8CFE-C8D7BE9897BF,S:G339Y
IGS-10285-CVDP-2C56D9E8-8D10-431F-8CFE-C8D7BE9897BF,S:G446D
IGS-10285-CVDP-2C56D9E8-8D10-431F-8CFE-C8D7BE9897BF,S:G496S
IGS-10285-CVDP-2C56D9E8-8D10-431F-8CFE-C8D7BE9897BF,S:H146-
IGS-10285-CVDP-2C56D9E8-8D10-431F-8CFE-C8D7BE9897BF,S:H625R
IGS-10285-CVDP-2C56D9E8-8D10-431F-8CFE-C8D7BE9897BF,S:H655Y
IGS-10285-CVDP-2C56D9E8-8D10-431F-8CFE-C8D7BE9897BF,S:H69-
IGS-10285-CVDP-2C56D9E8-8D10-431F-8CFE-C8D7BE9897BF,S:I101T
IGS-10285-CVDP-2C56D9E8-8D10-431F-8CFE-C8D7BE9897BF,S:I326V
IGS-10285-CVDP-2C56D9E8-8D10-431F-8CFE-C8D7BE9897BF,S:K147-
IGS-10285-CVDP-2C56D9E8-8D10-431F-8CFE-C8D7BE9897BF,S:K187T
IGS-10285-CVDP-2C56D9E8-8D10-431F-8CFE-C8D7BE9897BF,S:K356T
IGS-10285-CVDP-2C56D9E8-8D10-431F-8CFE-C8D7BE9897BF,S:K417N
IGS-10285-CVDP-2C56D9E8-8D10-431F-8CFE-C8D7BE9897BF,S:K529N
IGS-10285-CVDP-2C56D9E8-8D10-431F-8CFE-C8D7BE9897BF,S:K679R
IGS-10285-CVDP-2C56D9E8-8D10-431F-8CFE-C8D7BE9897BF,S:K795T
IGS-10285-CVDP-2C56D9E8-8D10-431F-8CFE-C8D7BE9897BF,S:L141-
IGS-10285-CVDP-2C56D9E8-8D10-431F-8CFE-C8D7BE9897BF,S:L212I
IGS-10285-CVDP-2C56D9E8-8D10-431F-8CFE-C8D7BE9897BF,S:L242-
IGS-10285-CVDP-2C56D9E8-8D10-431F-8CFE-C8D7BE9897BF,S:L452W
IGS-10285-CVDP-2C56D9E8-8D10-431F-8CFE-C8D7BE9897BF,S:N137-
IGS-10285-CVDP-2C56D9E8-8D10-431F-8CFE-C8D7BE9897BF,S:N164K
IGS-10285-CVDP-2C56D9E8-8D10-431F-8CFE-C8D7BE9897BF,S:N211-
IGS-10285-CVDP-2C56D9E8-8D10-431F-8CFE-C8D7BE9897BF,S:N440R
IGS-10285-CVDP-2C56D9E8-8D10-431F-8CFE-C8D7BE9897BF,S:N460K
IGS-10285-CVDP-2C56D9E8-8D10-431F-8CFE-C8D7BE9897BF,S:N501Y
IGS-10285-CVDP-2C56D9E8-8D10-431F-8CFE-C8D7BE9897BF,S:N641K
IGS-10285-CVDP-2C56D9E8-8D10-431F-8CFE-C8D7BE9897BF,S:N67V
IGS-10285-CVDP-2C56D9E8-8D10-431F-8CFE-C8D7BE9897BF,S:N764K
IGS-10285-CVDP-2C56D9E8-8D10-431F-8CFE-C8D7BE9897BF,S:P139-
IGS-10285-CVDP-2C56D9E8-8D10-431F-8CFE-C8D7BE9897BF,S:P251S
IGS-10285-CVDP-2C56D9E8-8D10-431F-8CFE-C8D7BE9897BF,S:P26L
IGS-10285-CVDP-2C56D9E8-8D10-431F-8CFE-C8D7BE9897BF,S:P681H
IGS-10285-CVDP-2C56D9E8-8D10-431F-8CFE-C8D7BE9897BF,S:Q498R
IGS-10285-CVDP-2C56D9E8-8D10-431F-8CFE-C8D7BE9897BF,S:R21T
IGS-10285-CVDP-2C56D9E8-8D10-431F-8CFE-C8D7BE9897BF,S:R403K
IGS-10285-CVDP-2C56D9E8-8D10-431F-8CFE-C8D7BE9897BF,S:R408S
IGS-10285-CVDP-2C56D9E8-8D10-431F-8CFE-C8D7BE9897BF,S:S172F
IGS-10285-CVDP-2C56D9E8-8D10-431F-8CFE-C8D7BE9897BF,S:S371F
IGS-10285-CVDP-2C56D9E8-8D10-431F-8CFE-C8D7BE9897BF,S:S373P
IGS-10285-CVDP-2C56D9E8-8D10-431F-8CFE-C8D7BE9897BF,S:S375F
IGS-10285-CVDP-2C56D9E8-8D10-431F-8CFE-C8D7BE9897BF,S:S477N
IGS-10285-CVDP-2C56D9E8-8D10-431F-8CFE-C8D7BE9897BF,S:S704L
IGS-10285-CVDP-2C56D9E8-8D10-431F-8CFE-C8D7BE9897BF,S:S939F
IGS-10285-CVDP-2C56D9E8-8D10-431F-8CFE-C8D7BE9897BF,S:T478N
IGS-10285-CVDP-2C56D9E8-8D10-431F-8CFE-C8D7BE9897BF,S:T9L
IGS-10285-CVDP-2C56D9E8-8D10-431F-8CFE-C8D7BE9897BF,S:V143-
IGS-10285-CVDP-2C56D9E8-8D10-431F-8CFE-C8D7BE9897BF,S:V445A
IGS-10285-CVDP-2C56D9E8-8D10-431F-8CFE-C8D7BE9897BF,S:V642G
IGS-10285-CVDP-2C56D9E8-8D10-431F-8CFE-C8D7BE9897BF,S:V70-
IGS-10285-CVDP-2C56D9E8-8D10-431F-8CFE-C8D7BE9897BF,S:Y144-
IGS-10285-CVDP-2C56D9E8-8D10-431F-8CFE-C8D7BE9897BF,S:Y145-
IGS-10285-CVDP-3F24BDC5-1F85-4913-ADC7-C2985DCD75FC,S:A243-
IGS-10285-CVDP-3F24BDC5-1F85-4913-ADC7-C2985DCD75FC,S:A348P
IGS-10285-CVDP-3F24BDC5-1F85-4913-ADC7-C2985DCD75FC,S:A435S
IGS-10285-CVDP-3F24BDC5-1F85-4913-ADC7-C2985DCD75FC,S:A575S
IGS-10285-CVDP-3F24BDC5-1F85-4913-ADC7-C2985DCD75FC,S:A688D
IGS-10285-CVDP-3F24BDC5-1F85-4913-ADC7-C2985DCD75FC,S:A852K
IGS-10285-CVDP-3F24BDC5-1F85-4913-ADC7-C2985DCD75FC,S:C136-
IGS-10285-CVDP-3F24BDC5-1F85-4913-ADC7-C2985DCD75FC,S:D1184E
IGS-10285-CVDP-3F24BDC5-1F85-4913-ADC7-C2985DCD75FC,S:D138-
IGS-10285-CVDP-3F24BDC5-1F85-4913-ADC7-C2985DCD75FC,S:D405N
IGS-10285-CVDP-3F24BDC5-1F85-4913-ADC7-C2985DCD75FC,S:D614G
IGS-10285-CVDP-3F24BDC5-1F85-4913-ADC7-C2985DCD75FC,S:D796Y
IGS-10285-CVDP-3F24BDC5-1F85-4913-ADC7-C2985DCD75FC,S:E484K
IGS-10285-CVDP-3F24BDC5-1F85-4913-ADC7-C2985DCD75FC,S:E554D
IGS-10285-CVDP-3F24BDC5-1F85-4913-ADC7-C2985DCD75FC,S:E583D
IGS-10285-CVDP-3F24BDC5-1F85-4913-ADC7-C2985DCD75FC,S:E654K
IGS-10285-CVDP-3F24BDC5-1F85-4913-ADC7-C2985DCD75FC,S:F140-
IGS-10285-CVDP-3F24BDC5-1F85-4913-ADC7-C2985DCD75FC,S:F157S
IGS-10285-CVDP-3F24BDC5-1F85-4913-ADC7-C2985DCD75FC,S:G142-
IGS-10285-CVDP-3F24BDC5-1F85-4913-ADC7-C2985DCD75FC,S:G339Y
IGS-10285-CVDP-3F24BDC5-1F85-4913-ADC7-C2985DCD75FC,S:G446D
IGS-10285-CVDP-3F24BDC5-1F85-4913-ADC7-C2985DCD75FC,S:G496S
IGS-10285-CVDP-3F24BDC5-1F85-4913-ADC7-C2985DCD75FC,S:H146-
IGS-10285-CVDP-3F24BDC5-1F85-4913-ADC7-C2985DCD75FC,S:H625R
IGS-10285-CVDP-3F24BDC5-1F85-4913-ADC7-C2985DCD75FC,S:H655Y
IGS-10285-CVDP-3F24BDC5-1F85-4913-ADC7-C2985DCD75FC,S:H69-
IGS-10285-CVDP-3F24BDC5-1F85-4913-ADC7-C2985DCD75FC,S:I101T
IGS-10285-CVDP-3F24BDC5-1F85-4913-ADC7-C2985DCD75FC,S:I326V
IGS-10285-CVDP-3F24BDC5-1F85-4913-ADC7-C2985DCD75FC,S:K147-
IGS-10285-CVDP-3F24BDC5-1F85-4913-ADC7-C2985DCD75FC,S:K187T
IGS-10285-CVDP-3F24BDC5-1F85-4913-ADC7-C2985DCD75FC,S:K356T
IGS-10285-CVDP-3F24BDC5-1F85-4913-ADC7-C2985DCD75FC,S:K417N
IGS-10285-CVDP-3F24BDC5-1F85-4913-ADC7-C2985DCD75FC,S:K529N
IGS-10285-CVDP-3F24BDC5-1F85-4913-ADC7-C2985DCD75FC,S:K679R
IGS-10285-CVDP-3F24BDC5-1F85-4913-ADC7-C2985DCD75FC,S:K795T
IGS-10285-CVDP-3F24BDC5-1F85-4913-ADC7-C2985DCD75FC,S:L141-
IGS-10285-CVDP-3F24BDC5-1F85-4913-ADC7-C2985DCD75FC,S:L212I
IGS-10285-CVDP-3F24BDC5-1F85-4913-ADC7-C2985DCD75FC,S:L242-
IGS-10285-CVDP-3F24BDC5-1F85-4913-ADC7-C2985DCD75FC,S:L452W
IGS-10285-CVDP-3F24BDC5-1F85-4913-ADC7-C2985DCD75FC,S:N137-
IGS-10285-CVDP-3F24BDC5-1F85-4913-ADC7-C2985DCD75FC,S:N164K
IGS-10285-CVDP-3F24BDC5-1F85-4913-ADC7-C2985DCD75FC,S:N211-
IGS-10285-CVDP-3F24BDC5-1F85-4913-ADC7-C2985DCD75FC,S:N440R
IGS-10285-CVDP-3F24BDC5-1F85-4913-ADC7-C2985DCD75FC,S:N460K
IGS-10285-CVDP-3F24BDC5-1F85-4913-ADC7-C2985DCD75FC,S:N501Y
IGS-10285-CVDP-3F24BDC5-1F85-4913-ADC7-C2985DCD75FC,S:N641K
IGS-10285-CVDP-3F24BDC5-1F85-4913-ADC7-C2985DCD75FC,S:N67V
IGS-10285-CVDP-3F24BDC5-1F85-4913-ADC7-C2985DCD75FC,S:N764K
IGS-10285-CVDP-3F24BDC5-1F85-4913-ADC7-C2985DCD75FC,S:P139-
IGS-10285-CVDP-3F24BDC5-1F85-4913-ADC7-C2985DCD75FC,S:P251S
IGS-10285-CVDP-3F24BDC5-1F85-4913-ADC7-C2985DCD75FC,S:P26L
IGS-10285-CVDP-3F24BDC5-1F85-4913-ADC7-C2985DCD75FC,S:P681H
IGS-10285-CVDP-3F24BDC5-1F85-4913-ADC7-C2985DCD75FC,S:Q173H
IGS-10285-CVDP-3F24BDC5-1F85-4913-ADC7-C2985DCD75FC,S:Q498R
IGS-10285-CVDP-3F24BDC5-1F85-4913-ADC7-C2985DCD75FC,S:R21T
IGS-10285-CVDP-3F24BDC5-1F85-4913-ADC7-C2985DCD75FC,S:R403K
IGS-10285-CVDP-3F24BDC5-1F85-4913-ADC7-C2985DCD75FC,S:R408S
IGS-10285-CVDP-3F24BDC5-1F85-4913-ADC7-C2985DCD75FC,S:S172F
IGS-10285-CVDP-3F24BDC5-1F85-4913-ADC7-C2985DCD75FC,S:S371F
IGS-10285-CVDP-3F24BDC5-1F85-4913-ADC7-C2985DCD75FC,S:S373P
IGS-10285-CVDP-3F24BDC5-1F85-4913-ADC7-C2985DCD75FC,S:S375F
IGS-10285-CVDP-3F24BDC5-1F85-4913-ADC7-C2985DCD75FC,S:S477N
IGS-10285-CVDP-3F24BDC5-1F85-4913-ADC7-C2985DCD75FC,S:S704L
IGS-10285-CVDP-3F24BDC5-1F85-4913-ADC7-C2985DCD75FC,S:S939F
IGS-10285-CVDP-3F24BDC5-1F85-4913-ADC7-C2985DCD75FC,S:S98F
IGS-10285-CVDP-3F24BDC5-1F85-4913-ADC7-C2985DCD75FC,S:T478N
IGS-10285-CVDP-3F24BDC5-1F85-4913-ADC7-C2985DCD75FC,S:T9L
IGS-10285-CVDP-3F24BDC5-1F85-4913-ADC7-C2985DCD75FC,S:V143-
IGS-10285-CVDP-3F24BDC5-1F85-4913-ADC7-C2985DCD75FC,S:V445A
IGS-10285-CVDP-3F24BDC5-1F85-4913-ADC7-C2985DCD75FC,S:V642G
IGS-10285-CVDP-3F24BDC5-1F85-4913-ADC7-C2985DCD75FC,S:V70-
IGS-10285-CVDP-3F24BDC5-1F85-4913-ADC7-C2985DCD75FC,S:Y144-
IGS-10285-CVDP-3F24BDC5-1F85-4913-ADC7-C2985DCD75FC,S:Y145-
IGS-10285-CVDP-4166F5A6-0700-4375-A9EC-4C050ACF8282,S:A243-
IGS-10285-CVDP-4166F5A6-0700-4375-A9EC-4C050ACF8282,S:A348P
IGS-10285-CVDP-4166F5A6-0700-4375-A9EC-4C050ACF8282,S:A435S
IGS-10285-CVDP-4166F5A6-0700-4375-A9EC-4C050ACF8282,S:A575S
IGS-10285-CVDP-4166F5A6-0700-4375-A9EC-4C050ACF8282,S:A688D
IGS-10285-CVDP-4166F5A6-0700-4375-A9EC-4C050ACF8282,S:A852K
IGS-10285-CVDP-4166F5A6-0700-4375-A9EC-4C050ACF8282,S:C136-
IGS-10285-CVDP-4166F5A6-0700-4375-A9EC-4C050ACF8282,S:D1184E
IGS-10285-CVDP-4166F5A6-0700-4375-A9EC-4C050ACF8282,S:D138-
IGS-10285-CVDP-4166F5A6-0700-4375-A9EC-4C050ACF8282,S:D405N
IGS-10285-CVDP-4166F5A6-0700-4375-A9EC-4C050ACF8282,S:D614G
IGS-10285-CVDP-4166F5A6-0700-4375-A9EC-4C050ACF8282,S:D796Y
IGS-10285-CVDP-4166F5A6-0700-4375-A9EC-4C050ACF8282,S:E484K
IGS-10285-CVDP-4166F5A6-0700-4375-A9EC-4C050ACF8282,S:E554D
IGS-10285-CVDP-4166F5A6-0700-4375-A9EC-4C050ACF8282,S:E583D
IGS-10285-CVDP-4166F5A6-0700-4375-A9EC-4C050ACF8282,S:E654K
IGS-10285-CVDP-4166F5A6-0700-4375-A9EC-4C050ACF8282,S:F140-
IGS-10285-CVDP-4166F5A6-0700-4375-A9EC-4C050ACF8282,S:F157S
IGS-10285-CVDP-4166F5A6-0700-4375-A9EC-4C050ACF8282,S:G142-
IGS-10285-CVDP-4166F5A6-0700-4375-A9EC-4C050ACF8282,S:G339Y
IGS-10285-CVDP-4166F5A6-0700-4375-A9EC-4C050ACF8282,S:G446D
IGS-10285-CVDP-4166F5A6-0700-4375-A9EC-4C050ACF8282,S:G496S
IGS-10285-CVDP-4166F5A6-0700-4375-A9EC-4C050ACF8282,S:H146-
IGS-10285-CVDP-4166F5A6-0700-4375-A9EC-4C050ACF8282,S:H625R
IGS-10285-CVDP-4166F5A6-0700-4375-A9EC-4C050ACF8282,S:H655Y
IGS-10285-CVDP-4166F5A6-0700-4375-A9EC-4C050ACF8282,S:H69-
IGS-10285-CVDP-4166F5A6-0700-4375-A9EC-4C050ACF8282,S:I101T
IGS-10285-CVDP-4166F5A6-0700-4375-A9EC-4C050ACF8282,S:I326V
IGS-10285-CVDP-4166F5A6-0700-4375-A9EC-4C050ACF8282,S:K147-
IGS-10285-CVDP-4166F5A6-0700-4375-A9EC-4C050ACF8282,S:K187T
IGS-10285-CVDP-4166F5A6-0700-4375-A9EC-4C050ACF8282,S:K356T
IGS-10285-CVDP-4166F5A6-0700-4375-A9EC-4C050ACF8282,S:K417N
IGS-10285-CVDP-4166F5A6-0700-4375-A9EC-4C050ACF8282,S:K529N
IGS-10285-CVDP-4166F5A6-0700-4375-A9EC-4C050ACF8282,S:K679R
IGS-10285-CVDP-4166F5A6-0700-4375-A9EC-4C050ACF8282,S:K795T
IGS-10285-CVDP-4166F5A6-0700-4375-A9EC-4C050ACF8282,S:L141-
IGS-10285-CVDP-4166F5A6-0700-4375-A9EC-4C050ACF8282,S:L212I
IGS-10285-CVDP-4166F5A6-0700-4375-A9EC-4C050ACF8282,S:L242-
IGS-10285-CVDP-4166F5A6-0700-4375-A9EC-4C050ACF8282,S:L452W
IGS-10285-CVDP-4166F5A6-0700-4375-A9EC-4C050ACF8282,S:N137-
IGS-10285-CVDP-4166F5A6-0700-4375-A9EC-4C050ACF8282,S:N164K
IGS-10285-CVDP-4166F5A6-0700-4375-A9EC-4C050ACF8282,S:N211-
IGS-10285-CVDP-4166F5A6-0700-4375-A9EC-4C050ACF8282,S:N440R
IGS-10285-CVDP-4166F5A6-0700-4375-A9EC-4C050ACF8282,S:N460K
IGS-10285-CVDP-4166F5A6-0700-4375-A9EC-4C050ACF8282,S:N501Y
IGS-10285-CVDP-4166F5A6-0700-4375-A9EC-4C050ACF8282,S:N641K
IGS-10285-CVDP-4166F5A6-0700-4375-A9EC-4C050ACF8282,S:N67V
IGS-10285-CVDP-4166F5A6-0700-4375-A9EC-4C050ACF8282,S:N764K
IGS-10285-CVDP-4166F5A6-0700-4375-A9EC-4C050ACF8282,S:P139-
IGS-10285-CVDP-4166F5A6-0700-4375-A9EC-4C050ACF8282,S:P251S
IGS-10285-CVDP-4166F5A6-0700-4375-A9EC-4C050ACF8282,S:P26L
IGS-10285-CVDP-4166F5A6-0700-4375-A9EC-4C050ACF8282,S:P681H
IGS-10285-CVDP-4166F5A6-0700-4375-A9EC-4C050ACF8282,S:Q498R
IGS-10285-CVDP-4166F5A6-0700-4375-A9EC-4C050ACF8282,S:R21T
IGS-10285-CVDP-4166F5A6-0700-4375-A9EC-4C050ACF8282,S:R403K
IGS-10285-CVDP-4166F5A6-0700-4375-A9EC-4C050ACF8282,S:R408S
IGS-10285-CVDP-4166F5A6-0700-4375-A9EC-4C050ACF8282,S:S172F
IGS-10285-CVDP-4166F5A6-0700-4375-A9EC-4C050ACF8282,S:S371F
IGS-10285-CVDP-4166F5A6-0700-4375-A9EC-4C050ACF8282,S:S373P
IGS-10285-CVDP-4166F5A6-0700-4375-A9EC-4C050ACF8282,S:S375F
IGS-10285-CVDP-4166F5A6-0700-4375-A9EC-4C050ACF8282,S:S477N
IGS-10285-CVDP-4166F5A6-0700-4375-A9EC-4C050ACF8282,S:S704L
IGS-10285-CVDP-4166F5A6-0700-4375-A9EC-4C050ACF8282,S:S939F
IGS-10285-CVDP-4166F5A6-0700-4375-A9EC-4C050ACF8282,S:T478N
IGS-10285-CVDP-4166F5A6-0700-4375-A9EC-4C050ACF8282,S:T9L
IGS-10285-CVDP-4166F5A6-0700-4375-A9EC-4C050ACF8282,S:V143-
IGS-10285-CVDP-4166F5A6-0700-4375-A9EC-4C050ACF8282,S:V445A
IGS-10285-CVDP-4166F5A6-0700-4375-A9EC-4C050ACF8282,S:V642G
IGS-10285-CVDP-4166F5A6-0700-4375-A9EC-4C050ACF8282,S:V70-
IGS-10285-CVDP-4166F5A6-0700-4375-A9EC-4C050ACF8282,S:Y144-
IGS-10285-CVDP-4166F5A6-0700-4375-A9EC-4C050ACF8282,S:Y145-
IGS-10285-CVDP-43A184F4-142A-4062-BA85-F8D37101002D,S:A264D
IGS-10285-CVDP-43A184F4-142A-4062-BA85-F8D37101002D,S:A27S
IGS-10285-CVDP-43A184F4-142A-4062-BA85-F8D37101002D,S:A570V
IGS-10285-CVDP-43A184F4-142A-4062-BA85-F8D37101002D,S:D405N
IGS-10285-CVDP-43A184F4-142A-4062-BA85-F8D37101002D,S:D614G
IGS-10285-CVDP-43A184F4-142A-4062-BA85-F8D37101002D,S:D796Y
IGS-10285-CVDP-43A184F4-142A-4062-BA85-F8D37101002D,S:E484K
IGS-10285-CVDP-43A184F4-142A-4062-BA85-F8D37101002D,S:E554K
IGS-10285-CVDP-43A184F4-142A-4062-BA85-F8D37101002D,S:F157S
IGS-10285-CVDP-43A184F4-142A-4062-BA85-F8D37101002D,S:F456L
IGS-10285-CVDP-43A184F4-142A-4062-BA85-F8D37101002D,S:F486P
IGS-10285-CVDP-43A184F4-142A-4062-BA85-F8D37101002D,S:G142D
IGS-10285-CVDP-43A184F4-142A-4062-BA85-F8D37101002D,S:G339Q
IGS-10285-CVDP-43A184F4-142A-4062-BA85-F8D37101002D,S:G446S
IGS-10285-CVDP-43A184F4-142A-4062-BA85-F8D37101002D,S:H245N
IGS-10285-CVDP-43A184F4-142A-4062-BA85-F8D37101002D,S:H655Y
IGS-10285-CVDP-43A184F4-142A-4062-BA85-F8D37101002D,S:H69-
IGS-10285-CVDP-43A184F4-142A-4062-BA85-F8D37101002D,S:I332V
IGS-10285-CVDP-43A184F4-142A-4062-BA85-F8D37101002D,S:K182R
IGS-10285-CVDP-43A184F4-142A-4062-BA85-F8D37101002D,S:K356T
IGS-10285-CVDP-43A184F4-142A-4062-BA85-F8D37101002D,S:K417N
IGS-10285-CVDP-43A184F4-142A-4062-BA85-F8D37101002D,S:K444R
IGS-10285-CVDP-43A184F4-142A-4062-BA85-F8D37101002D,S:L212I
IGS-10285-CVDP-43A184F4-142A-4062-BA85-F8D37101002D,S:L216F
IGS-10285-CVDP-43A184F4-142A-4062-BA85-F8D37101002D,S:L24-
IGS-10285-CVDP-43A184F4-142A-4062-BA85-F8D37101002D,S:L452W
IGS-10285-CVDP-43A184F4-142A-4062-BA85-F8D37101002D,S:L455S
IGS-10285-CVDP-43A184F4-142A-4062-BA85-F8D37101002D,S:N211-
IGS-10285-CVDP-43A184F4-142A-4062-BA85-F8D37101002D,S:N440K
IGS-10285-CVDP-43A184F4-142A-4062-BA85-F8D37101002D,S:N450D
IGS-10285-CVDP-43A184F4-142A-4062-BA85-F8D37101002D,S:N460K
IGS-10285-CVDP-43A184F4-142A-4062-BA85-F8D37101002D,S:N481K
IGS-10285-CVDP-43A184F4-142A-4062-BA85-F8D37101002D,S:N487D
IGS-10285-CVDP-43A184F4-142A-4062-BA85-F8D37101002D,S:N50L
IGS-10285-CVDP-43A184F4-142A-4062-BA85-F8D37101002D,S:N679K
IGS-10285-CVDP-43A184F4-142A-4062-BA85-F8D37101002D,S:N764K
IGS-10285-CVDP-43A184F4-142A-4062-BA85-F8D37101002D,S:N969K
IGS-10285-CVDP-43A184F4-142A-4062-BA85-F8D37101002D,S:P1143L
IGS-10285-CVDP-43A184F4-142A-4062-BA85-F8D37101002D,S:P25-
IGS-10285-CVDP-43A184F4-142A-4062-BA85-F8D37101002D,S:P26-
IGS-10285-CVDP-43A184F4-142A-4062-BA85-F8D37101002D,S:P621S
IGS-10285-CVDP-43A184F4-142A-4062-BA85-F8D37101002D,S:P681R
IGS-10285-CVDP-43A184F4-142A-4062-BA85-F8D37101002D,S:Q493E
IGS-10285-CVDP-43A184F4-142A-4062-BA85-F8D37101002D,S:Q498R
IGS-10285-CVDP-43A184F4-142A-4062-BA85-F8D37101002D,S:R158G
IGS-10285-CVDP-43A184F4-142A-4062-BA85-F8D37101002D,S:R190S
IGS-10285-CVDP-43A184F4-142A-4062-BA85-F8D37101002D,S:R346T
IGS-10285-CVDP-43A184F4-142A-4062-BA85-F8D37101002D,S:R403K
IGS-10285-CVDP-43A184F4-142A-4062-BA85-F8D37101002D,S:R408S
IGS-10285-CVDP-43A184F4-142A-4062-BA85-F8D37101002D,S:S31P
IGS-10285-CVDP-43A184F4-142A-4062-BA85-F8D37101002D,S:S371F
IGS-10285-CVDP-43A184F4-142A-4062-BA85-F8D37101002D,S:S373P
IGS-10285-CVDP-43A184F4-142A-4062-BA85-F8D37101002D,S:S375F
IGS-10285-CVDP-43A184F4-142A-4062-BA85-F8D37101002D,S:S477N
IGS-10285-CVDP-43A184F4-142A-4062-BA85-F8D37101002D,S:S939F
IGS-10285-CVDP-43A184F4-142A-4062-BA85-F8D37101002D,S:T19I
IGS-10285-CVDP-43A184F4-142A-4062-BA85-F8D37101002D,S:T22N
IGS-10285-CVDP-43A184F4-142A-4062-BA85-F8D37101002D,S:T376A
IGS-10285-CVDP-43A184F4-142A-4062-BA85-F8D37101002D,S:T478K
IGS-10285-CVDP-43A184F4-142A-4062-BA85-F8D37101002D,S:T572I
IGS-10285-CVDP-43A184F4-142A-4062-BA85-F8D37101002D,S:V127F
IGS-10285-CVDP-43A184F4-142A-4062-BA85-F8D37101002D,S:V21T
IGS-10285-CVDP-43A184F4-142A-4062-BA85-F8D37101002D,S:V445R
IGS-10285-CVDP-43A184F4-142A-4062-BA85-F8D37101002D,S:V483-
IGS-10285-CVDP-43A184F4-142A-4062-BA85-F8D37101002D,S:V70-
IGS-10285-CVDP-43A184F4-142A-4062-BA85-F8D37101002D,S:Y144-
IGS-10285-CVDP-47C1F466-599A-4F0E-B8FE-14350C517AA0,S:A264D
IGS-10285-CVDP-47C1F466-599A-4F0E-B8FE-14350C517AA0,S:A27S
IGS-10285-CVDP-47C1F466-599A-4F0E-B8FE-14350C517AA0,S:A570V
IGS-10285-CVDP-47C1F466-599A-4F0E-B8FE-14350C517AA0,S:D405N
IGS-10285-CVDP-47C1F466-599A-4F0E-B8FE-14350C517AA0,S:D614G
IGS-10285-CVDP-47C1F466-599A-4F0E-B8FE-14350C517AA0,S:D796Y
IGS-10285-CVDP-47C1F466-599A-4F0E-B8FE-14350C517AA0,S:E484K
IGS-10285-CVDP-47C1F466-599A-4F0E-B8FE-14350C517AA0,S:E554K
IGS-10285-CVDP-47C1F466-599A-4F0E-B8FE-14350C517AA0,S:F157S
IGS-10285-CVDP-47C1F466-599A-4F0E-B8FE-14350C517AA0,S:F456L
IGS-10285-CVDP-47C1F466-599A-4F0E-B8FE-14350C517AA0,S:F486P
IGS-10285-CVDP-47C1F466-599A-4F0E-B8FE-14350C517AA0,S:G142D
IGS-10285-CVDP-47C1F466-599A-4F0E-B8FE-14350C517AA0,S:G339H
IGS-10285-CVDP-47C1F466-599A-4F0E-B8FE-14350C517AA0,S:G446S
IGS-10285-CVDP-47C1F466-599A-4F0E-B8FE-14350C517AA0,S:H245N
IGS-10285-CVDP-47C1F466-599A-4F0E-B8FE-14350C517AA0,S:H655Y
IGS-10285-CVDP-47C1F466-599A-4F0E-B8FE-14350C517AA0,S:H69-
IGS-10285-CVDP-47C1F466-599A-4F0E-B8FE-14350C517AA0,S:I332V
IGS-10285-CVDP-47C1F466-599A-4F0E-B8FE-14350C517AA0,S:K182R
IGS-10285-CVDP-47C1F466-599A-4F0E-B8FE-14350C517AA0,S:K356T
IGS-10285-CVDP-47C1F466-599A-4F0E-B8FE-14350C517AA0,S:K417N
IGS-10285-CVDP-47C1F466-599A-4F0E-B8FE-14350C517AA0,S:K444R
IGS-10285-CVDP-47C1F466-599A-4F0E-B8FE-14350C517AA0,S:L212I
IGS-10285-CVDP-47C1F466-599A-4F0E-B8FE-14350C517AA0,S:L216F
IGS-10285-CVDP-47C1F466-599A-4F0E-B8FE-14350C517AA0,S:L24-
IGS-10285-CVDP-47C1F466-599A-4F0E-B8FE-14350C517AA0,S:L452W
IGS-10285-CVDP-47C1F466-599A-4F0E-B8FE-14350C517AA0,S:L455S
IGS-10285-CVDP-47C1F466-599A-4F0E-B8FE-14350C517AA0,S:N211-
IGS-10285-CVDP-47C1F466-599A-4F0E-B8FE-14350C517AA0,S:N440K
IGS-10285-CVDP-47C1F466-599A-4F0E-B8FE-14350C517AA0,S:N450D
IGS-10285-CVDP-47C1F466-599A-4F0E-B8FE-14350C517AA0,S:N460K
IGS-10285-CVDP-47C1F466-599A-4F0E-B8FE-14350C517AA0,S:N481K
IGS-10285-CVDP-47C1F466-599A-4F0E-B8FE-14350C517AA0,S:N487D
IGS-10285-CVDP-47C1F466-599A-4F0E-B8FE-14350C517AA0,S:N50L
IGS-10285-CVDP-47C1F466-599A-4F0E-B8FE-14350C517AA0,S:N679K
IGS-10285-CVDP-47C1F466-599A-4F0E-B8FE-14350C517AA0,S:N764K
IGS-10285-CVDP-47C1F466-599A-4F0E-B8FE-14350C517AA0,S:N969K
IGS-10285-CVDP-47C1F466-599A-4F0E-B8FE-14350C517AA0,S:P1143L
IGS-10285-CVDP-47C1F466-599A-4F0E-B8FE-14350C517AA0,S:P25-
IGS-10285-CVDP-47C1F466-599A-4F0E-B8FE-14350C517AA0,S:P26-
IGS-10285-CVDP-47C1F466-599A-4F0E-B8FE-14350C517AA0,S:P621S
IGS-10285-CVDP-47C1F466-599A-4F0E-B8FE-14350C517AA0,S:P681R
IGS-10285-CVDP-47C1F466-599A-4F0E-B8FE-14350C517AA0,S:Q493E
IGS-10285-CVDP-47C1F466-599A-4F0E-B8FE-14350C517AA0,S:Q498R
IGS-10285-CVDP-47C1F466-599A-4F0E-B8FE-14350C517AA0,S:R158G
IGS-10285-CVDP-47C1F466-599A-4F0E-B8FE-14350C517AA0,S:R190S
IGS-10285-CVDP-47C1F466-599A-4F0E-B8FE-14350C517AA0,S:R346T
IGS-10285-CVDP-47C1F466-599A-4F0E-B8FE-14350C517AA0,S:R403K
IGS-10285-CVDP-47C1F466-599A-4F0E-B8FE-14350C517AA0,S:R408S
IGS-10285-CVDP-47C1F466-599A-4F0E-B8FE-14350C517AA0,S:S31P
IGS-10285-CVDP-47C1F466-599A-4F0E-B8FE-14350C517AA0,S:S371F
IGS-10285-CVDP-47C1F466-599A-4F0E-B8FE-14350C517AA0,S:S373P
IGS-10285-CVDP-47C1F466-599A-4F0E-B8FE-14350C517AA0,S:S375F
IGS-10285-CVDP-47C1F466-599A-4F0E-B8FE-14350C517AA0,S:S477N
IGS-10285-CVDP-47C1F466-599A-4F0E-B8FE-14350C517AA0,S:S939F
IGS-10285-CVDP-47C1F466-599A-4F0E-B8FE-14350C517AA0,S:T19I
IGS-10285-CVDP-47C1F466-599A-4F0E-B8FE-14350C517AA0,S:T22N
IGS-10285-CVDP-47C1F466-599A-4F0E-B8FE-14350C517AA0,S:T376A
IGS-10285-CVDP-47C1F466-599A-4F0E-B8FE-14350C517AA0,S:T478K
IGS-10285-CVDP-47C1F466-599A-4F0E-B8FE-14350C517AA0,S:T572I
IGS-10285-CVDP-47C1F466-599A-4F0E-B8FE-14350C517AA0,S:V127F
IGS-10285-CVDP-47C1F466-599A-4F0E-B8FE-14350C517AA0,S:V21T
IGS-10285-CVDP-47C1F466-599A-4F0E-B8FE-14350C517AA0,S:V445R
IGS-10285-CVDP-47C1F466-599A-4F0E-B8FE-14350C517AA0,S:V483-
IGS-10285-CVDP-47C1F466-599A-4F0E-B8FE-14350C517AA0,S:V70-
IGS-10285-CVDP-47C1F466-599A-4F0E-B8FE-14350C517AA0,S:Y144-
IGS-10285-CVDP-4D3757FC-E985-4C94-AAC1-38ECDCAC1CD3,S:A264D
IGS-10285-CVDP-4D3757FC-E985-4C94-AAC1-38ECDCAC1CD3,S:A27S
IGS-10285-CVDP-4D3757FC-E985-4C94-AAC1-38ECDCAC1CD3,S:A435S
IGS-10285-CVDP-4D3757FC-E985-4C94-AAC1-38ECDCAC1CD3,S:A570V
IGS-10285-CVDP-4D3757FC-E985-4C94-AAC1-38ECDCAC1CD3,S:D405N
IGS-10285-CVDP-4D3757FC-E985-4C94-AAC1-38ECDCAC1CD3,S:D614G
IGS-10285-CVDP-4D3757FC-E985-4C94-AAC1-38ECDCAC1CD3,S:D796Y
IGS-10285-CVDP-4D3757FC-E985-4C94-AAC1-38ECDCAC1CD3,S:E484K
IGS-10285-CVDP-4D3757FC-E985-4C94-AAC1-38ECDCAC1CD3,S:E554K
IGS-10285-CVDP-4D3757FC-E985-4C94-AAC1-38ECDCAC1CD3,S:F157S
IGS-10285-CVDP-4D3757FC-E985-4C94-AAC1-38ECDCAC1CD3,S:F456L
IGS-10285-CVDP-4D3757FC-E985-4C94-AAC1-38ECDCAC1CD3,S:F486P
IGS-10285-CVDP-4D3757FC-E985-4C94-AAC1-38ECDCAC1CD3,S:F59S
IGS-10285-CVDP-4D3757FC-E985-4C94-AAC1-38ECDCAC1CD3,S:G142D
IGS-10285-CVDP-4D3757FC-E985-4C94-AAC1-38ECDCAC1CD3,S:G184S
IGS-10285-CVDP-4D3757FC-E985-4C94-AAC1-38ECDCAC1CD3,S:G339H
IGS-10285-CVDP-4D3757FC-E985-4C94-AAC1-38ECDCAC1CD3,S:G446S
IGS-10285-CVDP-4D3757FC-E985-4C94-AAC1-38ECDCAC1CD3,S:H245N
IGS-10285-CVDP-4D3757FC-E985-4C94-AAC1-38ECDCAC1CD3,S:H655Y
IGS-10285-CVDP-4D3757FC-E985-4C94-AAC1-38ECDCAC1CD3,S:H69-
IGS-10285-CVDP-4D3757FC-E985-4C94-AAC1-38ECDCAC1CD3,S:I332V
IGS-10285-CVDP-4D3757FC-E985-4C94-AAC1-38ECDCAC1CD3,S:K356T
IGS-10285-CVDP-4D3757FC-E985-4C94-AAC1-38ECDCAC1CD3,S:K417N
IGS-10285-CVDP-4D3757FC-E985-4C94-AAC1-38ECDCAC1CD3,S:L212I
IGS-10285-CVDP-4D3757FC-E985-4C94-AAC1-38ECDCAC1CD3,S:L216F
IGS-10285-CVDP-4D3757FC-E985-4C94-AAC1-38ECDCAC1CD3,S:L24-
IGS-10285-CVDP-4D3757FC-E985-4C94-AAC1-38ECDCAC1CD3,S:L452W
IGS-10285-CVDP-4D3757FC-E985-4C94-AAC1-38ECDCAC1CD3,S:L455S
IGS-10285-CVDP-4D3757FC-E985-4C94-AAC1-38ECDCAC1CD3,S:N211-
IGS-10285-CVDP-4D3757FC-E985-4C94-AAC1-38ECDCAC1CD3,S:N440K
IGS-10285-CVDP-4D3757FC-E985-4C94-AAC1-38ECDCAC1CD3,S:N450D
IGS-10285-CVDP-4D3757FC-E985-4C94-AAC1-38ECDCAC1CD3,S:N460K
IGS-10285-CVDP-4D3757FC-E985-4C94-AAC1-38ECDCAC1CD3,S:N481K
IGS-10285-CVDP-4D3757FC-E985-4C94-AAC1-38ECDCAC1CD3,S:N50L
IGS-10285-CVDP-4D3757FC-E985-4C94-AAC1-38ECDCAC1CD3,S:N679K
IGS-10285-CVDP-4D3757FC-E985-4C94-AAC1-38ECDCAC1CD3,S:N764K
IGS-10285-CVDP-4D3757FC-E985-4C94-AAC1-38ECDCAC1CD3,S:N969K
IGS-10285-CVDP-4D3757FC-E985-4C94-AAC1-38ECDCAC1CD3,S:P1143L
IGS-10285-CVDP-4D3757FC-E985-4C94-AAC1-38ECDCAC1CD3,S:P25-
IGS-10285-CVDP-4D3757FC-E985-4C94-AAC1-38ECDCAC1CD3,S:P26-
IGS-10285-CVDP-4D3757FC-E985-4C94-AAC1-38ECDCAC1CD3,S:P621S
IGS-10285-CVDP-4D3757FC-E985-4C94-AAC1-38ECDCAC1CD3,S:P681R
IGS-10285-CVDP-4D3757FC-E985-4C94-AAC1-38ECDCAC1CD3,S:Q183H
IGS-10285-CVDP-4D3757FC-E985-4C94-AAC1-38ECDCAC1CD3,S:Q493E
IGS-10285-CVDP-4D3757FC-E985-4C94-AAC1-38ECDCAC1CD3,S:Q498R
IGS-10285-CVDP-4D3757FC-E985-4C94-AAC1-38ECDCAC1CD3,S:R158G
IGS-10285-CVDP-4D3757FC-E985-4C94-AAC1-38ECDCAC1CD3,S:R403K
IGS-10285-CVDP-4D3757FC-E985-4C94-AAC1-38ECDCAC1CD3,S:R408S
IGS-10285-CVDP-4D3757FC-E985-4C94-AAC1-38ECDCAC1CD3,S:S371F
IGS-10285-CVDP-4D3757FC-E985-4C94-AAC1-38ECDCAC1CD3,S:S373P
IGS-10285-CVDP-4D3757FC-E985-4C94-AAC1-38ECDCAC1CD3,S:S375F
IGS-10285-CVDP-4D3757FC-E985-4C94-AAC1-38ECDCAC1CD3,S:S477N
IGS-10285-CVDP-4D3757FC-E985-4C94-AAC1-38ECDCAC1CD3,S:S939F
IGS-10285-CVDP-4D3757FC-E985-4C94-AAC1-38ECDCAC1CD3,S:T19I
IGS-10285-CVDP-4D3757FC-E985-4C94-AAC1-38ECDCAC1CD3,S:T22N
IGS-10285-CVDP-4D3757FC-E985-4C94-AAC1-38ECDCAC1CD3,S:T376A
IGS-10285-CVDP-4D3757FC-E985-4C94-AAC1-38ECDCAC1CD3,S:T478I
IGS-10285-CVDP-4D3757FC-E985-4C94-AAC1-38ECDCAC1CD3,S:T572I
IGS-10285-CVDP-4D3757FC-E985-4C94-AAC1-38ECDCAC1CD3,S:V127F
IGS-10285-CVDP-4D3757FC-E985-4C94-AAC1-38ECDCAC1CD3,S:V21T
IGS-10285-CVDP-4D3757FC-E985-4C94-AAC1-38ECDCAC1CD3,S:V445H
IGS-10285-CVDP-4D3757FC-E985-4C94-AAC1-38ECDCAC1CD3,S:V483-
IGS-10285-CVDP-4D3757FC-E985-4C94-AAC1-38ECDCAC1CD3,S:V70-
IGS-10285-CVDP-4D3757FC-E985-4C94-AAC1-38ECDCAC1CD3,S:Y144-
IGS-10285-CVDP-4E053D3B-3AC2-49CE-AF7A-1B99E998714D,S:A264D
IGS-10285-CVDP-4E053D3B-3AC2-49CE-AF7A-1B99E998714D,S:A27S
IGS-10285-CVDP-4E053D3B-3AC2-49CE-AF7A-1B99E998714D,S:A570V
IGS-10285-CVDP-4E053D3B-3AC2-49CE-AF7A-1B99E998714D,S:D405N
IGS-10285-CVDP-4E053D3B-3AC2-49CE-AF7A-1B99E998714D,S:D614G
IGS-10285-CVDP-4E053D3B-3AC2-49CE-AF7A-1B99E998714D,S:D796Y
IGS-10285-CVDP-4E053D3B-3AC2-49CE-AF7A-1B99E998714D,S:E484K
IGS-10285-CVDP-4E053D3B-3AC2-49CE-AF7A-1B99E998714D,S:E554K
IGS-10285-CVDP-4E053D3B-3AC2-49CE-AF7A-1B99E998714D,S:F157S
IGS-10285-CVDP-4E053D3B-3AC2-49CE-AF7A-1B99E998714D,S:F456L
IGS-10285-CVDP-4E053D3B-3AC2-49CE-AF7A-1B99E998714D,S:F486P
IGS-10285-CVDP-4E053D3B-3AC2-49CE-AF7A-1B99E998714D,S:G142D
IGS-10285-CVDP-4E053D3B-3AC2-49CE-AF7A-1B99E998714D,S:G339H
IGS-10285-CVDP-4E053D3B-3AC2-49CE-AF7A-1B99E998714D,S:G446S
IGS-10285-CVDP-4E053D3B-3AC2-49CE-AF7A-1B99E998714D,S:H245N
IGS-10285-CVDP-4E053D3B-3AC2-49CE-AF7A-1B99E998714D,S:H655Y
IGS-10285-CVDP-4E053D3B-3AC2-49CE-AF7A-1B99E998714D,S:H69-
IGS-10285-CVDP-4E053D3B-3AC2-49CE-AF7A-1B99E998714D,S:I332V
IGS-10285-CVDP-4E053D3B-3AC2-49CE-AF7A-1B99E998714D,S:K182R
IGS-10285-CVDP-4E053D3B-3AC2-49CE-AF7A-1B99E998714D,S:K356T
IGS-10285-CVDP-4E053D3B-3AC2-49CE-AF7A-1B99E998714D,S:K417N
IGS-10285-CVDP-4E053D3B-3AC2-49CE-AF7A-1B99E998714D,S:K444R
IGS-10285-CVDP-4E053D3B-3AC2-49CE-AF7A-1B99E998714D,S:L212I
IGS-10285-CVDP-4E053D3B-3AC2-49CE-AF7A-1B99E998714D,S:L216F
IGS-10285-CVDP-4E053D3B-3AC2-49CE-AF7A-1B99E998714D,S:L24-
IGS-10285-CVDP-4E053D3B-3AC2-49CE-AF7A-1B99E998714D,S:L452W
IGS-10285-CVDP-4E053D3B-3AC2-49CE-AF7A-1B99E998714D,S:L455S
IGS-10285-CVDP-4E053D3B-3AC2-49CE-AF7A-1B99E998714D,S:N211-
IGS-10285-CVDP-4E053D3B-3AC2-49CE-AF7A-1B99E998714D,S:N440K
IGS-10285-CVDP-4E053D3B-3AC2-49CE-AF7A-1B99E998714D,S:N450D
IGS-10285-CVDP-4E053D3B-3AC2-49CE-AF7A-1B99E998714D,S:N460K
IGS-10285-CVDP-4E053D3B-3AC2-49CE-AF7A-1B99E998714D,S:N481K
IGS-10285-CVDP-4E053D3B-3AC2-49CE-AF7A-1B99E998714D,S:N487D
IGS-10285-CVDP-4E053D3B-3AC2-49CE-AF7A-1B99E998714D,S:N50L
IGS-10285-CVDP-4E053D3B-3AC2-49CE-AF7A-1B99E998714D,S:N679K
IGS-10285-CVDP-4E053D3B-3AC2-49CE-AF7A-1B99E998714D,S:N764K
IGS-10285-CVDP-4E053D3B-3AC2-49CE-AF7A-1B99E998714D,S:N969K
IGS-10285-CVDP-4E053D3B-3AC2-49CE-AF7A-1B99E998714D,S:P1143L
IGS-10285-CVDP-4E053D3B-3AC2-49CE-AF7A-1B99E998714D,S:P25-
IGS-10285-CVDP-4E053D3B-3AC2-49CE-AF7A-1B99E998714D,S:P26-
IGS-10285-CVDP-4E053D3B-3AC2-49CE-AF7A-1B99E998714D,S:P621S
IGS-10285-CVDP-4E053D3B-3AC2-49CE-AF7A-1B99E998714D,S:P681R
IGS-10285-CVDP-4E053D3B-3AC2-49CE-AF7A-1B99E998714D,S:Q493E
IGS-10285-CVDP-4E053D3B-3AC2-49CE-AF7A-1B99E998714D,S:Q498R
IGS-10285-CVDP-4E053D3B-3AC2-49CE-AF7A-1B99E998714D,S:R158G
IGS-10285-CVDP-4E053D3B-3AC2-49CE-AF7A-1B99E998714D,S:R190S
IGS-10285-CVDP-4E053D3B-3AC2-49CE-AF7A-1B99E998714D,S:R346T
IGS-10285-CVDP-4E053D3B-3AC2-49CE-AF7A-1B99E998714D,S:R403K
IGS-10285-CVDP-4E053D3B-3AC2-49CE-AF7A-1B99E998714D,S:R408S
IGS-10285-CVDP-4E053D3B-3AC2-49CE-AF7A-1B99E998714D,S:S31P
IGS-10285-CVDP-4E053D3B-3AC2-49CE-AF7A-1B99E998714D,S:S371F
IGS-10285-CVDP-4E053D3B-3AC2-49CE-AF7A-1B99E998714D,S:S373P
IGS-10285-CVDP-4E053D3B-3AC2-49CE-AF7A-1B99E998714D,S:S375F
IGS-10285-CVDP-4E053D3B-3AC2-49CE-AF7A-1B99E998714D,S:S477N
IGS-10285-CVDP-4E053D3B-3AC2-49CE-AF7A-1B99E998714D,S:S680P
IGS-10285-CVDP-4E053D3B-3AC2-49CE-AF7A-1B99E998714D,S:S939F
IGS-10285-CVDP-4E053D3B-3AC2-49CE-AF7A-1B99E998714D,S:T19I
IGS-10285-CVDP-4E053D3B-3AC2-49CE-AF7A-1B99E998714D,S:T22N
IGS-10285-CVDP-4E053D3B-3AC2-49CE-AF7A-1B99E998714D,S:T376A
IGS-10285-CVDP-4E053D3B-3AC2-49CE-AF7A-1B99E998714D,S:T478K
IGS-10285-CVDP-4E053D3B-3AC2-49CE-AF7A-1B99E998714D,S:T572I
IGS-10285-CVDP-4E053D3B-3AC2-49CE-AF7A-1B99E998714D,S:V127F
IGS-10285-CVDP-4E053D3B-3AC2-49CE-AF7A-1B99E998714D,S:V21T
IGS-10285-CVDP-4E053D3B-3AC2-49CE-AF7A-1B99E998714D,S:V445R
IGS-10285-CVDP-4E053D3B-3AC2-49CE-AF7A-1B99E998714D,S:V483-
IGS-10285-CVDP-4E053D3B-3AC2-49CE-AF7A-1B99E998714D,S:V70-
IGS-10285-CVDP-4E053D3B-3AC2-49CE-AF7A-1B99E998714D,S:Y144-
IGS-10285-CVDP-4FDFEE00-2257-4AB1-B13C-41190BE3FEF7,S:A264D
IGS-10285-CVDP-4FDFEE00-2257-4AB1-B13C-41190BE3FEF7,S:A27S
IGS-10285-CVDP-4FDFEE00-2257-4AB1-B13C-41190BE3FEF7,S:A570V
IGS-10285-CVDP-4FDFEE00-2257-4AB1-B13C-41190BE3FEF7,S:D405N
IGS-10285-CVDP-4FDFEE00-2257-4AB1-B13C-41190BE3FEF7,S:D614G
IGS-10285-CVDP-4FDFEE00-2257-4AB1-B13C-41190BE3FEF7,S:D796Y
IGS-10285-CVDP-4FDFEE00-2257-4AB1-B13C-41190BE3FEF7,S:E484K
IGS-10285-CVDP-4FDFEE00-2257-4AB1-B13C-41190BE3FEF7,S:E554K
IGS-10285-CVDP-4FDFEE00-2257-4AB1-B13C-41190BE3FEF7,S:F157S
IGS-10285-CVDP-4FDFEE00-2257-4AB1-B13C-41190BE3FEF7,S:F456L
IGS-10285-CVDP-4FDFEE00-2257-4AB1-B13C-41190BE3FEF7,S:F486P
IGS-10285-CVDP-4FDFEE00-2257-4AB1-B13C-41190BE3FEF7,S:G142D
IGS-10285-CVDP-4FDFEE00-2257-4AB1-B13C-41190BE3FEF7,S:G339H
IGS-10285-CVDP-4FDFEE00-2257-4AB1-B13C-41190BE3FEF7,S:G446S
IGS-10285-CVDP-4FDFEE00-2257-4AB1-B13C-41190BE3FEF7,S:H245N
IGS-10285-CVDP-4FDFEE00-2257-4AB1-B13C-41190BE3FEF7,S:H655Y
IGS-10285-CVDP-4FDFEE00-2257-4AB1-B13C-41190BE3FEF7,S:H69-
IGS-10285-CVDP-4FDFEE00-2257-4AB1-B13C-41190BE3FEF7,S:I332V
IGS-10285-CVDP-4FDFEE00-2257-4AB1-B13C-41190BE3FEF7,S:K182R
IGS-10285-CVDP-4FDFEE00-2257-4AB1-B13C-41190BE3FEF7,S:K356T
IGS-10285-CVDP-4FDFEE00-2257-4AB1-B13C-41190BE3FEF7,S:K417N
IGS-10285-CVDP-4FDFEE00-2257-4AB1-B13C-41190BE3FEF7,S:K444R
IGS-10285-CVDP-4FDFEE00-2257-4AB1-B13C-41190BE3FEF7,S:L212I
IGS-10285-CVDP-4FDFEE00-2257-4AB1-B13C-41190BE3FEF7,S:L216F
IGS-10285-CVDP-4FDFEE00-2257-4AB1-B13C-41190BE3FEF7,S:L24-
IGS-10285-CVDP-4FDFEE00-2257-4AB1-B13C-41190BE3FEF7,S:L452W
IGS-10285-CVDP-4FDFEE00-2257-4AB1-B13C-41190BE3FEF7,S:L455S
IGS-10285-CVDP-4FDFEE00-2257-4AB1-B13C-41190BE3FEF7,S:N211-
IGS-10285-CVDP-4FDFEE00-2257-4AB1-B13C-41190BE3FEF7,S:N440K
IGS-10285-CVDP-4FDFEE00-2257-4AB1-B13C-41190BE3FEF7,S:N450D
IGS-10285-CVDP-4FDFEE00-2257-4AB1-B13C-41190BE3FEF7,S:N460K
IGS-10285-CVDP-4FDFEE00-2257-4AB1-B13C-41190BE3FEF7,S:N481K
IGS-10285-CVDP-4FDFEE00-2257-4AB1-B13C-41190BE3FEF7,S:N487D
IGS-10285-CVDP-4FDFEE00-2257-4AB1-B13C-41190BE3FEF7,S:N50L
IGS-10285-CVDP-4FDFEE00-2257-4AB1-B13C-41190BE3FEF7,S:N679K
IGS-10285-CVDP-4FDFEE00-2257-4AB1-B13C-41190BE3FEF7,S:N764K
IGS-10285-CVDP-4FDFEE00-2257-4AB1-B13C-41190BE3FEF7,S:N969K
IGS-10285-CVDP-4FDFEE00-2257-4AB1-B13C-41190BE3FEF7,S:P1143L
IGS-10285-CVDP-4FDFEE00-2257-4AB1-B13C-41190BE3FEF7,S:P25-
IGS-10285-CVDP-4FDFEE00-2257-4AB1-B13C-41190BE3FEF7,S:P26-
IGS-10285-CVDP-4FDFEE00-2257-4AB1-B13C-41190BE3FEF7,S:P621S
IGS-10285-CVDP-4FDFEE00-2257-4AB1-B13C-41190BE3FEF7,S:P681R
IGS-10285-CVDP-4FDFEE00-2257-4AB1-B13C-41190BE3FEF7,S:Q493E
IGS-10285-CVDP-4FDFEE00-2257-4AB1-B13C-41190BE3FEF7,S:Q498R
IGS-10285-CVDP-4FDFEE00-2257-4AB1-B13C-41190BE3FEF7,S:R158G
IGS-10285-CVDP-4FDFEE00-2257-4AB1-B13C-41190BE3FEF7,S:R190S
IGS-10285-CVDP-4FDFEE00-2257-4AB1-B13C-41190BE3FEF7,S:R346T
IGS-10285-CVDP-4FDFEE00-2257-4AB1-B13C-41190BE3FEF7,S:R403K
IGS-10285-CVDP-4FDFEE00-2257-4AB1-B13C-41190BE3FEF7,S:R408S
IGS-10285-CVDP-4FDFEE00-2257-4AB1-B13C-41190BE3FEF7,S:S31P
IGS-10285-CVDP-4FDFEE00-2257-4AB1-B13C-41190BE3FEF7,S:S371F
IGS-10285-CVDP-4FDFEE00-2257-4AB1-B13C-41190BE3FEF7,S:S373P
IGS-10285-CVDP-4FDFEE00-2257-4AB1-B13C-41190BE3FEF7,S:S375F
IGS-10285-CVDP-4FDFEE00-2257-4AB1-B13C-41190BE3FEF7,S:S477N
IGS-10285-CVDP-4FDFEE00-2257-4AB1-B13C-41190BE3FEF7,S:S680P
IGS-10285-CVDP-4FDFEE00-2257-4AB1-B13C-41190BE3FEF7,S:S939F
IGS-10285-CVDP-4FDFEE00-2257-4AB1-B13C-41190BE3FEF7,S:T19I
IGS-10285-CVDP-4FDFEE00-2257-4AB1-B13C-41190BE3FEF7,S:T22N
IGS-10285-CVDP-4FDFEE00-2257-4AB1-B13C-41190BE3FEF7,S:T376A
IGS-10285-CVDP-4FDFEE00-2257-4AB1-B13C-41190BE3FEF7,S:T478K
IGS-10285-CVDP-4FDFEE00-2257-4AB1-B13C-41190BE3FEF7,S:T572I
IGS-10285-CVDP-4FDFEE00-2257-4AB1-B13C-41190BE3FEF7,S:V127F
IGS-10285-CVDP-4FDFEE00-2257-4AB1-B13C-41190BE3FEF7,S:V21T
IGS-10285-CVDP-4FDFEE00-2257-4AB1-B13C-41190BE3FEF7,S:V445R
IGS-10285-CVDP-4FDFEE00-2257-4AB1-B13C-41190BE3FEF7,S:V483-
IGS-10285-CVDP-4FDFEE00-2257-4AB1-B13C-41190BE3FEF7,S:V70-
IGS-10285-CVDP-4FDFEE00-2257-4AB1-B13C-41190BE3FEF7,S:Y144-
IGS-10285-CVDP-50310183-D6DB-4141-89D2-B721DAD51EE8,S:A264D
IGS-10285-CVDP-50310183-D6DB-4141-89D2-B721DAD51EE8,S:A27S
IGS-10285-CVDP-50310183-D6DB-4141-89D2-B721DAD51EE8,S:A570V
IGS-10285-CVDP-50310183-D6DB-4141-89D2-B721DAD51EE8,S:D405N
IGS-10285-CVDP-50310183-D6DB-4141-89D2-B721DAD51EE8,S:D614G
IGS-10285-CVDP-50310183-D6DB-4141-89D2-B721DAD51EE8,S:D796Y
IGS-10285-CVDP-50310183-D6DB-4141-89D2-B721DAD51EE8,S:E484K
IGS-10285-CVDP-50310183-D6DB-4141-89D2-B721DAD51EE8,S:E554K
IGS-10285-CVDP-50310183-D6DB-4141-89D2-B721DAD51EE8,S:F157S
IGS-10285-CVDP-50310183-D6DB-4141-89D2-B721DAD51EE8,S:F456L
IGS-10285-CVDP-50310183-D6DB-4141-89D2-B721DAD51EE8,S:F486P
IGS-10285-CVDP-50310183-D6DB-4141-89D2-B721DAD51EE8,S:F59S
IGS-10285-CVDP-50310183-D6DB-4141-89D2-B721DAD51EE8,S:G142D
IGS-10285-CVDP-50310183-D6DB-4141-89D2-B721DAD51EE8,S:G339H
IGS-10285-CVDP-50310183-D6DB-4141-89D2-B721DAD51EE8,S:G446S
IGS-10285-CVDP-50310183-D6DB-4141-89D2-B721DAD51EE8,S:H245N
IGS-10285-CVDP-50310183-D6DB-4141-89D2-B721DAD51EE8,S:H655Y
IGS-10285-CVDP-50310183-D6DB-4141-89D2-B721DAD51EE8,S:H69-
IGS-10285-CVDP-50310183-D6DB-4141-89D2-B721DAD51EE8,S:I332V
IGS-10285-CVDP-50310183-D6DB-4141-89D2-B721DAD51EE8,S:K356T
IGS-10285-CVDP-50310183-D6DB-4141-89D2-B721DAD51EE8,S:K417N
IGS-10285-CVDP-50310183-D6DB-4141-89D2-B721DAD51EE8,S:L212I
IGS-10285-CVDP-50310183-D6DB-4141-89D2-B721DAD51EE8,S:L216F
IGS-10285-CVDP-50310183-D6DB-4141-89D2-B721DAD51EE8,S:L24-
IGS-10285-CVDP-50310183-D6DB-4141-89D2-B721DAD51EE8,S:L452W
IGS-10285-CVDP-50310183-D6DB-4141-89D2-B721DAD51EE8,S:L455S
IGS-10285-CVDP-50310183-D6DB-4141-89D2-B721DAD51EE8,S:N211-
IGS-10285-CVDP-50310183-D6DB-4141-89D2-B721DAD51EE8,S:N440K
IGS-10285-CVDP-50310183-D6DB-4141-89D2-B721DAD51EE8,S:N450D
IGS-10285-CVDP-50310183-D6DB-4141-89D2-B721DAD51EE8,S:N460K
IGS-10285-CVDP-50310183-D6DB-4141-89D2-B721DAD51EE8,S:N481K
IGS-10285-CVDP-50310183-D6DB-4141-89D2-B721DAD51EE8,S:N50L
IGS-10285-CVDP-50310183-D6DB-4141-89D2-B721DAD51EE8,S:N679K
IGS-10285-CVDP-50310183-D6DB-4141-89D2-B721DAD51EE8,S:N764K
IGS-10285-CVDP-50310183-D6DB-4141-89D2-B721DAD51EE8,S:N969K
IGS-10285-CVDP-50310183-D6DB-4141-89D2-B721DAD51EE8,S:P1143L
IGS-10285-CVDP-50310183-D6DB-4141-89D2-B721DAD51EE8,S:P25-
IGS-10285-CVDP-50310183-D6DB-4141-89D2-B721DAD51EE8,S:P26-
IGS-10285-CVDP-50310183-D6DB-4141-89D2-B721DAD51EE8,S:P621S
IGS-10285-CVDP-50310183-D6DB-4141-89D2-B721DAD51EE8,S:P681R
IGS-10285-CVDP-50310183-D6DB-4141-89D2-B721DAD51EE8,S:Q493E
IGS-10285-CVDP-50310183-D6DB-4141-89D2-B721DAD51EE8,S:Q498R
IGS-10285-CVDP-50310183-D6DB-4141-89D2-B721DAD51EE8,S:R158G
IGS-10285-CVDP-50310183-D6DB-4141-89D2-B721DAD51EE8,S:R403K
IGS-10285-CVDP-50310183-D6DB-4141-89D2-B721DAD51EE8,S:R408S
IGS-10285-CVDP-50310183-D6DB-4141-89D2-B721DAD51EE8,S:S371F
IGS-10285-CVDP-50310183-D6DB-4141-89D2-B721DAD51EE8,S:S373P
IGS-10285-CVDP-50310183-D6DB-4141-89D2-B721DAD51EE8,S:S375F
IGS-10285-CVDP-50310183-D6DB-4141-89D2-B721DAD51EE8,S:S477N
IGS-10285-CVDP-50310183-D6DB-4141-89D2-B721DAD51EE8,S:S939F
IGS-10285-CVDP-50310183-D6DB-4141-89D2-B721DAD51EE8,S:T19I
IGS-10285-CVDP-50310183-D6DB-4141-89D2-B721DAD51EE8,S:T22N
IGS-10285-CVDP-50310183-D6DB-4141-89D2-B721DAD51EE8,S:T376A
IGS-10285-CVDP-50310183-D6DB-4141-89D2-B721DAD51EE8,S:T478K
IGS-10285-CVDP-50310183-D6DB-4141-89D2-B721DAD51EE8,S:V1104L
IGS-10285-CVDP-50310183-D6DB-4141-89D2-B721DAD51EE8,S:V127F
IGS-10285-CVDP-50310183-D6DB-4141-89D2-B721DAD51EE8,S:V21T
IGS-10285-CVDP-50310183-D6DB-4141-89D2-B721DAD51EE8,S:V445H
IGS-10285-CVDP-50310183-D6DB-4141-89D2-B721DAD51EE8,S:V483-
IGS-10285-CVDP-50310183-D6DB-4141-89D2-B721DAD51EE8,S:V70-
IGS-10285-CVDP-50310183-D6DB-4141-89D2-B721DAD51EE8,S:Y144-
IGS-10285-CVDP-535E14DB-3655-40C8-913B-0B835BE5D586,S:A264D
IGS-10285-CVDP-535E14DB-3655-40C8-913B-0B835BE5D586,S:A27S
IGS-10285-CVDP-535E14DB-3655-40C8-913B-0B835BE5D586,S:A570V
IGS-10285-CVDP-535E14DB-3655-40C8-913B-0B835BE5D586,S:D405N
IGS-10285-CVDP-535E14DB-3655-40C8-913B-0B835BE5D586,S:D614G
IGS-10285-CVDP-535E14DB-3655-40C8-913B-0B835BE5D586,S:D796Y
IGS-10285-CVDP-535E14DB-3655-40C8-913B-0B835BE5D586,S:E484K
IGS-10285-CVDP-535E14DB-3655-40C8-913B-0B835BE5D586,S:E554K
IGS-10285-CVDP-535E14DB-3655-40C8-913B-0B835BE5D586,S:F157S
IGS-10285-CVDP-535E14DB-3655-40C8-913B-0B835BE5D586,S:F456L
IGS-10285-CVDP-535E14DB-3655-40C8-913B-0B835BE5D586,S:F486P
IGS-10285-CVDP-535E14DB-3655-40C8-913B-0B835BE5D586,S:G142D
IGS-10285-CVDP-535E14DB-3655-40C8-913B-0B835BE5D586,S:G339H
IGS-10285-CVDP-535E14DB-3655-40C8-913B-0B835BE5D586,S:G446S
IGS-10285-CVDP-535E14DB-3655-40C8-913B-0B835BE5D586,S:H245N
IGS-10285-CVDP-535E14DB-3655-40C8-913B-0B835BE5D586,S:H655Y
IGS-10285-CVDP-535E14DB-3655-40C8-913B-0B835BE5D586,S:H69-
IGS-10285-CVDP-535E14DB-3655-40C8-913B-0B835BE5D586,S:I332V
IGS-10285-CVDP-535E14DB-3655-40C8-913B-0B835BE5D586,S:K182R
IGS-10285-CVDP-535E14DB-3655-40C8-913B-0B835BE5D586,S:K356T
IGS-10285-CVDP-535E14DB-3655-40C8-913B-0B835BE5D586,S:K417N
IGS-10285-CVDP-535E14DB-3655-40C8-913B-0B835BE5D586,S:K444R
IGS-10285-CVDP-535E14DB-3655-40C8-913B-0B835BE5D586,S:L212I
IGS-10285-CVDP-535E14DB-3655-40C8-913B-0B835BE5D586,S:L216F
IGS-10285-CVDP-535E14DB-3655-40C8-913B-0B835BE5D586,S:L24-
IGS-10285-CVDP-535E14DB-3655-40C8-913B-0B835BE5D586,S:L441I
IGS-10285-CVDP-535E14DB-3655-40C8-913B-0B835BE5D586,S:L452W
IGS-10285-CVDP-535E14DB-3655-40C8-913B-0B835BE5D586,S:L455S
IGS-10285-CVDP-535E14DB-3655-40C8-913B-0B835BE5D586,S:N211-
IGS-10285-CVDP-535E14DB-3655-40C8-913B-0B835BE5D586,S:N440K
IGS-10285-CVDP-535E14DB-3655-40C8-913B-0B835BE5D586,S:N450D
IGS-10285-CVDP-535E14DB-3655-40C8-913B-0B835BE5D586,S:N460K
IGS-10285-CVDP-535E14DB-3655-40C8-913B-0B835BE5D586,S:N481K
IGS-10285-CVDP-535E14DB-3655-40C8-913B-0B835BE5D586,S:N487D
IGS-10285-CVDP-535E14DB-3655-40C8-913B-0B835BE5D586,S:N50L
IGS-10285-CVDP-535E14DB-3655-40C8-913B-0B835BE5D586,S:N679K
IGS-10285-CVDP-535E14DB-3655-40C8-913B-0B835BE5D586,S:N764K
IGS-10285-CVDP-535E14DB-3655-40C8-913B-0B835BE5D586,S:N969K
IGS-10285-CVDP-535E14DB-3655-40C8-913B-0B835BE5D586,S:P1143L
IGS-10285-CVDP-535E14DB-3655-40C8-913B-0B835BE5D586,S:P25-
IGS-10285-CVDP-535E14DB-3655-40C8-913B-0B835BE5D586,S:P26-
IGS-10285-CVDP-535E14DB-3655-40C8-913B-0B835BE5D586,S:P621S
IGS-10285-CVDP-535E14DB-3655-40C8-913B-0B835BE5D586,S:P681R
IGS-10285-CVDP-535E14DB-3655-40C8-913B-0B835BE5D586,S:Q493E
IGS-10285-CVDP-535E14DB-3655-40C8-913B-0B835BE5D586,S:Q498R
IGS-10285-CVDP-535E14DB-3655-40C8-913B-0B835BE5D586,S:R158G
IGS-10285-CVDP-535E14DB-3655-40C8-913B-0B835BE5D586,S:R190S
IGS-10285-CVDP-535E14DB-3655-40C8-913B-0B835BE5D586,S:R346T
IGS-10285-CVDP-535E14DB-3655-40C8-913B-0B835BE5D586,S:R403K
IGS-10285-CVDP-535E14DB-3655-40C8-913B-0B835BE5D586,S:R408S
IGS-10285-CVDP-535E14DB-3655-40C8-913B-0B835BE5D586,S:S31P
IGS-10285-CVDP-535E14DB-3655-40C8-913B-0B835BE5D586,S:S371F
IGS-10285-CVDP-535E14DB-3655-40C8-913B-0B835BE5D586,S:S373P
IGS-10285-CVDP-535E14DB-3655-40C8-913B-0B835BE5D586,S:S375F
IGS-10285-CVDP-535E14DB-3655-40C8-913B-0B835BE5D586,S:S477N
IGS-10285-CVDP-535E14DB-3655-40C8-913B-0B835BE5D586,S:S939F
IGS-10285-CVDP-535E14DB-3655-40C8-913B-0B835BE5D586,S:T19I
IGS-10285-CVDP-535E14DB-3655-40C8-913B-0B835BE5D586,S:T22N
IGS-10285-CVDP-535E14DB-3655-40C8-913B-0B835BE5D586,S:T376A
IGS-10285-CVDP-535E14DB-3655-40C8-913B-0B835BE5D586,S:T478K
IGS-10285-CVDP-535E14DB-3655-40C8-913B-0B835BE5D586,S:T572I
IGS-10285-CVDP-535E14DB-3655-40C8-913B-0B835BE5D586,S:V127F
IGS-10285-CVDP-535E14DB-3655-40C8-913B-0B835BE5D586,S:V21T
IGS-10285-CVDP-535E14DB-3655-40C8-913B-0B835BE5D586,S:V445R
IGS-10285-CVDP-535E14DB-3655-40C8-913B-0B835BE5D586,S:V483-
IGS-10285-CVDP-535E14DB-3655-40C8-913B-0B835BE5D586,S:V70-
IGS-10285-CVDP-535E14DB-3655-40C8-913B-0B835BE5D586,S:Y144-
IGS-10285-CVDP-5C51DD61-3900-4A32-8F7C-38649F9506AB,S:A264D
IGS-10285-CVDP-5C51DD61-3900-4A32-8F7C-38649F9506AB,S:A27S
IGS-10285-CVDP-5C51DD61-3900-4A32-8F7C-38649F9506AB,S:A435S
IGS-10285-CVDP-5C51DD61-3900-4A32-8F7C-38649F9506AB,S:A570V
IGS-10285-CVDP-5C51DD61-3900-4A32-8F7C-38649F9506AB,S:D405N
IGS-10285-CVDP-5C51DD61-3900-4A32-8F7C-38649F9506AB,S:D614G
IGS-10285-CVDP-5C51DD61-3900-4A32-8F7C-38649F9506AB,S:D796Y
IGS-10285-CVDP-5C51DD61-3900-4A32-8F7C-38649F9506AB,S:E484K
IGS-10285-CVDP-5C51DD61-3900-4A32-8F7C-38649F9506AB,S:E554K
IGS-10285-CVDP-5C51DD61-3900-4A32-8F7C-38649F9506AB,S:F157L
IGS-10285-CVDP-5C51DD61-3900-4A32-8F7C-38649F9506AB,S:F456L
IGS-10285-CVDP-5C51DD61-3900-4A32-8F7C-38649F9506AB,S:F486P
IGS-10285-CVDP-5C51DD61-3900-4A32-8F7C-38649F9506AB,S:F59S
IGS-10285-CVDP-5C51DD61-3900-4A32-8F7C-38649F9506AB,S:G142D
IGS-10285-CVDP-5C51DD61-3900-4A32-8F7C-38649F9506AB,S:G184S
IGS-10285-CVDP-5C51DD61-3900-4A32-8F7C-38649F9506AB,S:G339H
IGS-10285-CVDP-5C51DD61-3900-4A32-8F7C-38649F9506AB,S:G446S
IGS-10285-CVDP-5C51DD61-3900-4A32-8F7C-38649F9506AB,S:H245N
IGS-10285-CVDP-5C51DD61-3900-4A32-8F7C-38649F9506AB,S:H655Y
IGS-10285-CVDP-5C51DD61-3900-4A32-8F7C-38649F9506AB,S:H69-
IGS-10285-CVDP-5C51DD61-3900-4A32-8F7C-38649F9506AB,S:I332V
IGS-10285-CVDP-5C51DD61-3900-4A32-8F7C-38649F9506AB,S:K356T
IGS-10285-CVDP-5C51DD61-3900-4A32-8F7C-38649F9506AB,S:K417N
IGS-10285-CVDP-5C51DD61-3900-4A32-8F7C-38649F9506AB,S:L212I
IGS-10285-CVDP-5C51DD61-3900-4A32-8F7C-38649F9506AB,S:L216F
IGS-10285-CVDP-5C51DD61-3900-4A32-8F7C-38649F9506AB,S:L24-
IGS-10285-CVDP-5C51DD61-3900-4A32-8F7C-38649F9506AB,S:L452W
IGS-10285-CVDP-5C51DD61-3900-4A32-8F7C-38649F9506AB,S:L455S
IGS-10285-CVDP-5C51DD61-3900-4A32-8F7C-38649F9506AB,S:N211-
IGS-10285-CVDP-5C51DD61-3900-4A32-8F7C-38649F9506AB,S:N440K
IGS-10285-CVDP-5C51DD61-3900-4A32-8F7C-38649F9506AB,S:N450D
IGS-10285-CVDP-5C51DD61-3900-4A32-8F7C-38649F9506AB,S:N460K
IGS-10285-CVDP-5C51DD61-3900-4A32-8F7C-38649F9506AB,S:N481K
IGS-10285-CVDP-5C51DD61-3900-4A32-8F7C-38649F9506AB,S:N50L
IGS-10285-CVDP-5C51DD61-3900-4A32-8F7C-38649F9506AB,S:N679K
IGS-10285-CVDP-5C51DD61-3900-4A32-8F7C-38649F9506AB,S:N764K
IGS-10285-CVDP-5C51DD61-3900-4A32-8F7C-38649F9506AB,S:N969K
IGS-10285-CVDP-5C51DD61-3900-4A32-8F7C-38649F9506AB,S:P1143L
IGS-10285-CVDP-5C51DD61-3900-4A32-8F7C-38649F9506AB,S:P25-
IGS-10285-CVDP-5C51DD61-3900-4A32-8F7C-38649F9506AB,S:P26-
IGS-10285-CVDP-5C51DD61-3900-4A32-8F7C-38649F9506AB,S:P621S
IGS-10285-CVDP-5C51DD61-3900-4A32-8F7C-38649F9506AB,S:P681R
IGS-10285-CVDP-5C51DD61-3900-4A32-8F7C-38649F9506AB,S:Q493E
IGS-10285-CVDP-5C51DD61-3900-4A32-8F7C-38649F9506AB,S:Q498R
IGS-10285-CVDP-5C51DD61-3900-4A32-8F7C-38649F9506AB,S:Q677H
IGS-10285-CVDP-5C51DD61-3900-4A32-8F7C-38649F9506AB,S:R158G
IGS-10285-CVDP-5C51DD61-3900-4A32-8F7C-38649F9506AB,S:R403K
IGS-10285-CVDP-5C51DD61-3900-4A32-8F7C-38649F9506AB,S:R408S
IGS-10285-CVDP-5C51DD61-3900-4A32-8F7C-38649F9506AB,S:S371F
IGS-10285-CVDP-5C51DD61-3900-4A32-8F7C-38649F9506AB,S:S373P
IGS-10285-CVDP-5C51DD61-3900-4A32-8F7C-38649F9506AB,S:S375F
IGS-10285-CVDP-5C51DD61-3900-4A32-8F7C-38649F9506AB,S:S477N
IGS-10285-CVDP-5C51DD61-3900-4A32-8F7C-38649F9506AB,S:S939F
IGS-10285-CVDP-5C51DD61-3900-4A32-8F7C-38649F9506AB,S:T19I
IGS-10285-CVDP-5C51DD61-3900-4A32-8F7C-38649F9506AB,S:T22N
IGS-10285-CVDP-5C51DD61-3900-4A32-8F7C-38649F9506AB,S:T376A
IGS-10285-CVDP-5C51DD61-3900-4A32-8F7C-38649F9506AB,S:T478I
IGS-10285-CVDP-5C51DD61-3900-4A32-8F7C-38649F9506AB,S:V127F
IGS-10285-CVDP-5C51DD61-3900-4A32-8F7C-38649F9506AB,S:V21T
IGS-10285-CVDP-5C51DD61-3900-4A32-8F7C-38649F9506AB,S:V445P
IGS-10285-CVDP-5C51DD61-3900-4A32-8F7C-38649F9506AB,S:V483-
IGS-10285-CVDP-5C51DD61-3900-4A32-8F7C-38649F9506AB,S:V70-
IGS-10285-CVDP-5C51DD61-3900-4A32-8F7C-38649F9506AB,S:Y144-
IGS-10285-CVDP-690B0FBA-DBE8-467E-84ED-16D9AB23CC3C,S:A1174V
IGS-10285-CVDP-690B0FBA-DBE8-467E-84ED-16D9AB23CC3C,S:A264D
IGS-10285-CVDP-690B0FBA-DBE8-467E-84ED-16D9AB23CC3C,S:A27S
IGS-10285-CVDP-690B0FBA-DBE8-467E-84ED-16D9AB23CC3C,S:A570V
IGS-10285-CVDP-690B0FBA-DBE8-467E-84ED-16D9AB23CC3C,S:D405N
IGS-10285-CVDP-690B0FBA-DBE8-467E-84ED-16D9AB23CC3C,S:D614G
IGS-10285-CVDP-690B0FBA-DBE8-467E-84ED-16D9AB23CC3C,S:D796Y
IGS-10285-CVDP-690B0FBA-DBE8-467E-84ED-16D9AB23CC3C,S:E224Q
IGS-10285-CVDP-690B0FBA-DBE8-467E-84ED-16D9AB23CC3C,S:E484K
IGS-10285-CVDP-690B0FBA-DBE8-467E-84ED-16D9AB23CC3C,S:E554K
IGS-10285-CVDP-690B0FBA-DBE8-467E-84ED-16D9AB23CC3C,S:F157S
IGS-10285-CVDP-690B0FBA-DBE8-467E-84ED-16D9AB23CC3C,S:F456L
IGS-10285-CVDP-690B0FBA-DBE8-467E-84ED-16D9AB23CC3C,S:F486P
IGS-10285-CVDP-690B0FBA-DBE8-467E-84ED-16D9AB23CC3C,S:G142D
IGS-10285-CVDP-690B0FBA-DBE8-467E-84ED-16D9AB23CC3C,S:G339H
IGS-10285-CVDP-690B0FBA-DBE8-467E-84ED-16D9AB23CC3C,S:G446S
IGS-10285-CVDP-690B0FBA-DBE8-467E-84ED-16D9AB23CC3C,S:G946R
IGS-10285-CVDP-690B0FBA-DBE8-467E-84ED-16D9AB23CC3C,S:H245N
IGS-10285-CVDP-690B0FBA-DBE8-467E-84ED-16D9AB23CC3C,S:H655Y
IGS-10285-CVDP-690B0FBA-DBE8-467E-84ED-16D9AB23CC3C,S:H69-
IGS-10285-CVDP-690B0FBA-DBE8-467E-84ED-16D9AB23CC3C,S:I332V
IGS-10285-CVDP-690B0FBA-DBE8-467E-84ED-16D9AB23CC3C,S:K182R
IGS-10285-CVDP-690B0FBA-DBE8-467E-84ED-16D9AB23CC3C,S:K356T
IGS-10285-CVDP-690B0FBA-DBE8-467E-84ED-16D9AB23CC3C,S:K417N
IGS-10285-CVDP-690B0FBA-DBE8-467E-84ED-16D9AB23CC3C,S:K444R
IGS-10285-CVDP-690B0FBA-DBE8-467E-84ED-16D9AB23CC3C,S:L212I
IGS-10285-CVDP-690B0FBA-DBE8-467E-84ED-16D9AB23CC3C,S:L216F
IGS-10285-CVDP-690B0FBA-DBE8-467E-84ED-16D9AB23CC3C,S:L24-
IGS-10285-CVDP-690B0FBA-DBE8-467E-84ED-16D9AB23CC3C,S:L452W
IGS-10285-CVDP-690B0FBA-DBE8-467E-84ED-16D9AB23CC3C,S:L455S
IGS-10285-CVDP-690B0FBA-DBE8-467E-84ED-16D9AB23CC3C,S:N211-
IGS-10285-CVDP-690B0FBA-DBE8-467E-84ED-16D9AB23CC3C,S:N440K
IGS-10285-CVDP-690B0FBA-DBE8-467E-84ED-16D9AB23CC3C,S:N450D
IGS-10285-CVDP-690B0FBA-DBE8-467E-84ED-16D9AB23CC3C,S:N460K
IGS-10285-CVDP-690B0FBA-DBE8-467E-84ED-16D9AB23CC3C,S:N481K
IGS-10285-CVDP-690B0FBA-DBE8-467E-84ED-16D9AB23CC3C,S:N50L
IGS-10285-CVDP-690B0FBA-DBE8-467E-84ED-16D9AB23CC3C,S:N679K
IGS-10285-CVDP-690B0FBA-DBE8-467E-84ED-16D9AB23CC3C,S:N764K
IGS-10285-CVDP-690B0FBA-DBE8-467E-84ED-16D9AB23CC3C,S:N969K
IGS-10285-CVDP-690B0FBA-DBE8-467E-84ED-16D9AB23CC3C,S:P1143L
IGS-10285-CVDP-690B0FBA-DBE8-467E-84ED-16D9AB23CC3C,S:P25-
IGS-10285-CVDP-690B0FBA-DBE8-467E-84ED-16D9AB23CC3C,S:P26-
IGS-10285-CVDP-690B0FBA-DBE8-467E-84ED-16D9AB23CC3C,S:P621S
IGS-10285-CVDP-690B0FBA-DBE8-467E-84ED-16D9AB23CC3C,S:P681R
IGS-10285-CVDP-690B0FBA-DBE8-467E-84ED-16D9AB23CC3C,S:Q498R
IGS-10285-CVDP-690B0FBA-DBE8-467E-84ED-16D9AB23CC3C,S:R158G
IGS-10285-CVDP-690B0FBA-DBE8-467E-84ED-16D9AB23CC3C,S:R190S
IGS-10285-CVDP-690B0FBA-DBE8-467E-84ED-16D9AB23CC3C,S:R346T
IGS-10285-CVDP-690B0FBA-DBE8-467E-84ED-16D9AB23CC3C,S:R403K
IGS-10285-CVDP-690B0FBA-DBE8-467E-84ED-16D9AB23CC3C,S:R408S
IGS-10285-CVDP-690B0FBA-DBE8-467E-84ED-16D9AB23CC3C,S:S31P
IGS-10285-CVDP-690B0FBA-DBE8-467E-84ED-16D9AB23CC3C,S:S371F
IGS-10285-CVDP-690B0FBA-DBE8-467E-84ED-16D9AB23CC3C,S:S373P
IGS-10285-CVDP-690B0FBA-DBE8-467E-84ED-16D9AB23CC3C,S:S375F
IGS-10285-CVDP-690B0FBA-DBE8-467E-84ED-16D9AB23CC3C,S:S477N
IGS-10285-CVDP-690B0FBA-DBE8-467E-84ED-16D9AB23CC3C,S:S939F
IGS-10285-CVDP-690B0FBA-DBE8-467E-84ED-16D9AB23CC3C,S:T19I
IGS-10285-CVDP-690B0FBA-DBE8-467E-84ED-16D9AB23CC3C,S:T22N
IGS-10285-CVDP-690B0FBA-DBE8-467E-84ED-16D9AB23CC3C,S:T376A
IGS-10285-CVDP-690B0FBA-DBE8-467E-84ED-16D9AB23CC3C,S:V127F
IGS-10285-CVDP-690B0FBA-DBE8-467E-84ED-16D9AB23CC3C,S:V21T
IGS-10285-CVDP-690B0FBA-DBE8-467E-84ED-16D9AB23CC3C,S:V445P
IGS-10285-CVDP-690B0FBA-DBE8-467E-84ED-16D9AB23CC3C,S:V483-
IGS-10285-CVDP-690B0FBA-DBE8-467E-84ED-16D9AB23CC3C,S:V70-
IGS-10285-CVDP-690B0FBA-DBE8-467E-84ED-16D9AB23CC3C,S:Y144-
IGS-10285-CVDP-77974444-9F40-4CB5-8DCB-3F9397BE6F8A,S:A264D
IGS-10285-CVDP-77974444-9F40-4CB5-8DCB-3F9397BE6F8A,S:A27S
IGS-10285-CVDP-77974444-9F40-4CB5-8DCB-3F9397BE6F8A,S:A475V
IGS-10285-CVDP-77974444-9F40-4CB5-8DCB-3F9397BE6F8A,S:A570V
IGS-10285-CVDP-77974444-9F40-4CB5-8DCB-3F9397BE6F8A,S:D138H
IGS-10285-CVDP-77974444-9F40-4CB5-8DCB-3F9397BE6F8A,S:D405N
IGS-10285-CVDP-77974444-9F40-4CB5-8DCB-3F9397BE6F8A,S:D614G
IGS-10285-CVDP-77974444-9F40-4CB5-8DCB-3F9397BE6F8A,S:D796Y
IGS-10285-CVDP-77974444-9F40-4CB5-8DCB-3F9397BE6F8A,S:E484K
IGS-10285-CVDP-77974444-9F40-4CB5-8DCB-3F9397BE6F8A,S:E554K
IGS-10285-CVDP-77974444-9F40-4CB5-8DCB-3F9397BE6F8A,S:F157S
IGS-10285-CVDP-77974444-9F40-4CB5-8DCB-3F9397BE6F8A,S:F186L
IGS-10285-CVDP-77974444-9F40-4CB5-8DCB-3F9397BE6F8A,S:F456L
IGS-10285-CVDP-77974444-9F40-4CB5-8DCB-3F9397BE6F8A,S:F486P
IGS-10285-CVDP-77974444-9F40-4CB5-8DCB-3F9397BE6F8A,S:G142D
IGS-10285-CVDP-77974444-9F40-4CB5-8DCB-3F9397BE6F8A,S:G339H
IGS-10285-CVDP-77974444-9F40-4CB5-8DCB-3F9397BE6F8A,S:G446S
IGS-10285-CVDP-77974444-9F40-4CB5-8DCB-3F9397BE6F8A,S:H245N
IGS-10285-CVDP-77974444-9F40-4CB5-8DCB-3F9397BE6F8A,S:H655Y
IGS-10285-CVDP-77974444-9F40-4CB5-8DCB-3F9397BE6F8A,S:H69-
IGS-10285-CVDP-77974444-9F40-4CB5-8DCB-3F9397BE6F8A,S:I332V
IGS-10285-CVDP-77974444-9F40-4CB5-8DCB-3F9397BE6F8A,S:K1086R
IGS-10285-CVDP-77974444-9F40-4CB5-8DCB-3F9397BE6F8A,S:K150E
IGS-10285-CVDP-77974444-9F40-4CB5-8DCB-3F9397BE6F8A,S:K356T
IGS-10285-CVDP-77974444-9F40-4CB5-8DCB-3F9397BE6F8A,S:K417N
IGS-10285-CVDP-77974444-9F40-4CB5-8DCB-3F9397BE6F8A,S:L212I
IGS-10285-CVDP-77974444-9F40-4CB5-8DCB-3F9397BE6F8A,S:L216F
IGS-10285-CVDP-77974444-9F40-4CB5-8DCB-3F9397BE6F8A,S:L24-
IGS-10285-CVDP-77974444-9F40-4CB5-8DCB-3F9397BE6F8A,S:L452W
IGS-10285-CVDP-77974444-9F40-4CB5-8DCB-3F9397BE6F8A,S:L455S
IGS-10285-CVDP-77974444-9F40-4CB5-8DCB-3F9397BE6F8A,S:N137K
IGS-10285-CVDP-77974444-9F40-4CB5-8DCB-3F9397BE6F8A,S:N211-
IGS-10285-CVDP-77974444-9F40-4CB5-8DCB-3F9397BE6F8A,S:N440K
IGS-10285-CVDP-77974444-9F40-4CB5-8DCB-3F9397BE6F8A,S:N450D
IGS-10285-CVDP-77974444-9F40-4CB5-8DCB-3F9397BE6F8A,S:N460K
IGS-10285-CVDP-77974444-9F40-4CB5-8DCB-3F9397BE6F8A,S:N481K
IGS-10285-CVDP-77974444-9F40-4CB5-8DCB-3F9397BE6F8A,S:N50L
IGS-10285-CVDP-77974444-9F40-4CB5-8DCB-3F9397BE6F8A,S:N679R
IGS-10285-CVDP-77974444-9F40-4CB5-8DCB-3F9397BE6F8A,S:N764K
IGS-10285-CVDP-77974444-9F40-4CB5-8DCB-3F9397BE6F8A,S:N969K
IGS-10285-CVDP-77974444-9F40-4CB5-8DCB-3F9397BE6F8A,S:P1143L
IGS-10285-CVDP-77974444-9F40-4CB5-8DCB-3F9397BE6F8A,S:P25-
IGS-10285-CVDP-77974444-9F40-4CB5-8DCB-3F9397BE6F8A,S:P26-
IGS-10285-CVDP-77974444-9F40-4CB5-8DCB-3F9397BE6F8A,S:P621S
IGS-10285-CVDP-77974444-9F40-4CB5-8DCB-3F9397BE6F8A,S:P681R
IGS-10285-CVDP-77974444-9F40-4CB5-8DCB-3F9397BE6F8A,S:Q493E
IGS-10285-CVDP-77974444-9F40-4CB5-8DCB-3F9397BE6F8A,S:Q498R
IGS-10285-CVDP-77974444-9F40-4CB5-8DCB-3F9397BE6F8A,S:R158G
IGS-10285-CVDP-77974444-9F40-4CB5-8DCB-3F9397BE6F8A,S:R190S
IGS-10285-CVDP-77974444-9F40-4CB5-8DCB-3F9397BE6F8A,S:R346T
IGS-10285-CVDP-77974444-9F40-4CB5-8DCB-3F9397BE6F8A,S:R403K
IGS-10285-CVDP-77974444-9F40-4CB5-8DCB-3F9397BE6F8A,S:R408S
IGS-10285-CVDP-77974444-9F40-4CB5-8DCB-3F9397BE6F8A,S:R765L
IGS-10285-CVDP-77974444-9F40-4CB5-8DCB-3F9397BE6F8A,S:S31-
IGS-10285-CVDP-77974444-9F40-4CB5-8DCB-3F9397BE6F8A,S:S371F
IGS-10285-CVDP-77974444-9F40-4CB5-8DCB-3F9397BE6F8A,S:S373P
IGS-10285-CVDP-77974444-9F40-4CB5-8DCB-3F9397BE6F8A,S:S375F
IGS-10285-CVDP-77974444-9F40-4CB5-8DCB-3F9397BE6F8A,S:S477N
IGS-10285-CVDP-77974444-9F40-4CB5-8DCB-3F9397BE6F8A,S:S939F
IGS-10285-CVDP-77974444-9F40-4CB5-8DCB-3F9397BE6F8A,S:T19I
IGS-10285-CVDP-77974444-9F40-4CB5-8DCB-3F9397BE6F8A,S:T376A
IGS-10285-CVDP-77974444-9F40-4CB5-8DCB-3F9397BE6F8A,S:T478K
IGS-10285-CVDP-77974444-9F40-4CB5-8DCB-3F9397BE6F8A,S:V1104L
IGS-10285-CVDP-77974444-9F40-4CB5-8DCB-3F9397BE6F8A,S:V127F
IGS-10285-CVDP-77974444-9F40-4CB5-8DCB-3F9397BE6F8A,S:V21T
IGS-10285-CVDP-77974444-9F40-4CB5-8DCB-3F9397BE6F8A,S:V445R
IGS-10285-CVDP-77974444-9F40-4CB5-8DCB-3F9397BE6F8A,S:V483-
IGS-10285-CVDP-77974444-9F40-4CB5-8DCB-3F9397BE6F8A,S:V70-
IGS-10285-CVDP-77974444-9F40-4CB5-8DCB-3F9397BE6F8A,S:Y144-
IGS-10285-CVDP-7B3A160F-AF87-4CD0-8753-ACC18C298FD4,S:A264D
IGS-10285-CVDP-7B3A160F-AF87-4CD0-8753-ACC18C298FD4,S:A27S
IGS-10285-CVDP-7B3A160F-AF87-4CD0-8753-ACC18C298FD4,S:A435S
IGS-10285-CVDP-7B3A160F-AF87-4CD0-8753-ACC18C298FD4,S:A570V
IGS-10285-CVDP-7B3A160F-AF87-4CD0-8753-ACC18C298FD4,S:A829T
IGS-10285-CVDP-7B3A160F-AF87-4CD0-8753-ACC18C298FD4,S:D405N
IGS-10285-CVDP-7B3A160F-AF87-4CD0-8753-ACC18C298FD4,S:D614G
IGS-10285-CVDP-7B3A160F-AF87-4CD0-8753-ACC18C298FD4,S:D796Y
IGS-10285-CVDP-7B3A160F-AF87-4CD0-8753-ACC18C298FD4,S:E484K
IGS-10285-CVDP-7B3A160F-AF87-4CD0-8753-ACC18C298FD4,S:E554K
IGS-10285-CVDP-7B3A160F-AF87-4CD0-8753-ACC18C298FD4,S:F157S
IGS-10285-CVDP-7B3A160F-AF87-4CD0-8753-ACC18C298FD4,S:F456L
IGS-10285-CVDP-7B3A160F-AF87-4CD0-8753-ACC18C298FD4,S:F486P
IGS-10285-CVDP-7B3A160F-AF87-4CD0-8753-ACC18C298FD4,S:F59S
IGS-10285-CVDP-7B3A160F-AF87-4CD0-8753-ACC18C298FD4,S:G142D
IGS-10285-CVDP-7B3A160F-AF87-4CD0-8753-ACC18C298FD4,S:G184S
IGS-10285-CVDP-7B3A160F-AF87-4CD0-8753-ACC18C298FD4,S:G339H
IGS-10285-CVDP-7B3A160F-AF87-4CD0-8753-ACC18C298FD4,S:G446S
IGS-10285-CVDP-7B3A160F-AF87-4CD0-8753-ACC18C298FD4,S:G639S
IGS-10285-CVDP-7B3A160F-AF87-4CD0-8753-ACC18C298FD4,S:H245N
IGS-10285-CVDP-7B3A160F-AF87-4CD0-8753-ACC18C298FD4,S:H655Y
IGS-10285-CVDP-7B3A160F-AF87-4CD0-8753-ACC18C298FD4,S:H69-
IGS-10285-CVDP-7B3A160F-AF87-4CD0-8753-ACC18C298FD4,S:I332V
IGS-10285-CVDP-7B3A160F-AF87-4CD0-8753-ACC18C298FD4,S:K356T
IGS-10285-CVDP-7B3A160F-AF87-4CD0-8753-ACC18C298FD4,S:K417N
IGS-10285-CVDP-7B3A160F-AF87-4CD0-8753-ACC18C298FD4,S:L212I
IGS-10285-CVDP-7B3A160F-AF87-4CD0-8753-ACC18C298FD4,S:L216F
IGS-10285-CVDP-7B3A160F-AF87-4CD0-8753-ACC18C298FD4,S:L24-
IGS-10285-CVDP-7B3A160F-AF87-4CD0-8753-ACC18C298FD4,S:L452W
IGS-10285-CVDP-7B3A160F-AF87-4CD0-8753-ACC18C298FD4,S:L455S
IGS-10285-CVDP-7B3A160F-AF87-4CD0-8753-ACC18C298FD4,S:N211-
IGS-10285-CVDP-7B3A160F-AF87-4CD0-8753-ACC18C298FD4,S:N440K
IGS-10285-CVDP-7B3A160F-AF87-4CD0-8753-ACC18C298FD4,S:N450D
IGS-10285-CVDP-7B3A160F-AF87-4CD0-8753-ACC18C298FD4,S:N460K
IGS-10285-CVDP-7B3A160F-AF87-4CD0-8753-ACC18C298FD4,S:N481K
IGS-10285-CVDP-7B3A160F-AF87-4CD0-8753-ACC18C298FD4,S:N50L
IGS-10285-CVDP-7B3A160F-AF87-4CD0-8753-ACC18C298FD4,S:N679R
IGS-10285-CVDP-7B3A160F-AF87-4CD0-8753-ACC18C298FD4,S:N764K
IGS-10285-CVDP-7B3A160F-AF87-4CD0-8753-ACC18C298FD4,S:N969K
IGS-10285-CVDP-7B3A160F-AF87-4CD0-8753-ACC18C298FD4,S:P1143L
IGS-10285-CVDP-7B3A160F-AF87-4CD0-8753-ACC18C298FD4,S:P25-
IGS-10285-CVDP-7B3A160F-AF87-4CD0-8753-ACC18C298FD4,S:P26-
IGS-10285-CVDP-7B3A160F-AF87-4CD0-8753-ACC18C298FD4,S:P621S
IGS-10285-CVDP-7B3A160F-AF87-4CD0-8753-ACC18C298FD4,S:P681R
IGS-10285-CVDP-7B3A160F-AF87-4CD0-8753-ACC18C298FD4,S:Q493E
IGS-10285-CVDP-7B3A160F-AF87-4CD0-8753-ACC18C298FD4,S:Q498R
IGS-10285-CVDP-7B3A160F-AF87-4CD0-8753-ACC18C298FD4,S:R158G
IGS-10285-CVDP-7B3A160F-AF87-4CD0-8753-ACC18C298FD4,S:R403K
IGS-10285-CVDP-7B3A160F-AF87-4CD0-8753-ACC18C298FD4,S:R408S
IGS-10285-CVDP-7B3A160F-AF87-4CD0-8753-ACC18C298FD4,S:S371F
IGS-10285-CVDP-7B3A160F-AF87-4CD0-8753-ACC18C298FD4,S:S373P
IGS-10285-CVDP-7B3A160F-AF87-4CD0-8753-ACC18C298FD4,S:S375F
IGS-10285-CVDP-7B3A160F-AF87-4CD0-8753-ACC18C298FD4,S:S477N
IGS-10285-CVDP-7B3A160F-AF87-4CD0-8753-ACC18C298FD4,S:S939F
IGS-10285-CVDP-7B3A160F-AF87-4CD0-8753-ACC18C298FD4,S:T19I
IGS-10285-CVDP-7B3A160F-AF87-4CD0-8753-ACC18C298FD4,S:T22N
IGS-10285-CVDP-7B3A160F-AF87-4CD0-8753-ACC18C298FD4,S:T376A
IGS-10285-CVDP-7B3A160F-AF87-4CD0-8753-ACC18C298FD4,S:T478I
IGS-10285-CVDP-7B3A160F-AF87-4CD0-8753-ACC18C298FD4,S:V127F
IGS-10285-CVDP-7B3A160F-AF87-4CD0-8753-ACC18C298FD4,S:V21T
IGS-10285-CVDP-7B3A160F-AF87-4CD0-8753-ACC18C298FD4,S:V445P
IGS-10285-CVDP-7B3A160F-AF87-4CD0-8753-ACC18C298FD4,S:V483-
IGS-10285-CVDP-7B3A160F-AF87-4CD0-8753-ACC18C298FD4,S:V70-
IGS-10285-CVDP-7B3A160F-AF87-4CD0-8753-ACC18C298FD4,S:Y144-
IGS-10285-CVDP-84866D7B-D788-44A4-B088-CEB76A448EF3,S:A264D
IGS-10285-CVDP-84866D7B-D788-44A4-B088-CEB76A448EF3,S:A27S
IGS-10285-CVDP-84866D7B-D788-44A4-B088-CEB76A448EF3,S:A435S
IGS-10285-CVDP-84866D7B-D788-44A4-B088-CEB76A448EF3,S:A570V
IGS-10285-CVDP-84866D7B-D788-44A4-B088-CEB76A448EF3,S:D405N
IGS-10285-CVDP-84866D7B-D788-44A4-B088-CEB76A448EF3,S:D614G
IGS-10285-CVDP-84866D7B-D788-44A4-B088-CEB76A448EF3,S:D796Y
IGS-10285-CVDP-84866D7B-D788-44A4-B088-CEB76A448EF3,S:E484K
IGS-10285-CVDP-84866D7B-D788-44A4-B088-CEB76A448EF3,S:E554K
IGS-10285-CVDP-84866D7B-D788-44A4-B088-CEB76A448EF3,S:F157S
IGS-10285-CVDP-84866D7B-D788-44A4-B088-CEB76A448EF3,S:F456L
IGS-10285-CVDP-84866D7B-D788-44A4-B088-CEB76A448EF3,S:F486P
IGS-10285-CVDP-84866D7B-D788-44A4-B088-CEB76A448EF3,S:F59S
IGS-10285-CVDP-84866D7B-D788-44A4-B088-CEB76A448EF3,S:G142D
IGS-10285-CVDP-84866D7B-D788-44A4-B088-CEB76A448EF3,S:G184S
IGS-10285-CVDP-84866D7B-D788-44A4-B088-CEB76A448EF3,S:G339H
IGS-10285-CVDP-84866D7B-D788-44A4-B088-CEB76A448EF3,S:G446S
IGS-10285-CVDP-84866D7B-D788-44A4-B088-CEB76A448EF3,S:H245N
IGS-10285-CVDP-84866D7B-D788-44A4-B088-CEB76A448EF3,S:H655Y
IGS-10285-CVDP-84866D7B-D788-44A4-B088-CEB76A448EF3,S:H69-
IGS-10285-CVDP-84866D7B-D788-44A4-B088-CEB76A448EF3,S:I332V
IGS-10285-CVDP-84866D7B-D788-44A4-B088-CEB76A448EF3,S:K356T
IGS-10285-CVDP-84866D7B-D788-44A4-B088-CEB76A448EF3,S:K417N
IGS-10285-CVDP-84866D7B-D788-44A4-B088-CEB76A448EF3,S:L212I
IGS-10285-CVDP-84866D7B-D788-44A4-B088-CEB76A448EF3,S:L216F
IGS-10285-CVDP-84866D7B-D788-44A4-B088-CEB76A448EF3,S:L24-
IGS-10285-CVDP-84866D7B-D788-44A4-B088-CEB76A448EF3,S:L452W
IGS-10285-CVDP-84866D7B-D788-44A4-B088-CEB76A448EF3,S:L455S
IGS-10285-CVDP-84866D7B-D788-44A4-B088-CEB76A448EF3,S:N211-
IGS-10285-CVDP-84866D7B-D788-44A4-B088-CEB76A448EF3,S:N440K
IGS-10285-CVDP-84866D7B-D788-44A4-B088-CEB76A448EF3,S:N450D
IGS-10285-CVDP-84866D7B-D788-44A4-B088-CEB76A448EF3,S:N460K
IGS-10285-CVDP-84866D7B-D788-44A4-B088-CEB76A448EF3,S:N481K
IGS-10285-CVDP-84866D7B-D788-44A4-B088-CEB76A448EF3,S:N50L
IGS-10285-CVDP-84866D7B-D788-44A4-B088-CEB76A448EF3,S:N679K
IGS-10285-CVDP-84866D7B-D788-44A4-B088-CEB76A448EF3,S:N764K
IGS-10285-CVDP-84866D7B-D788-44A4-B088-CEB76A448EF3,S:N969K
IGS-10285-CVDP-84866D7B-D788-44A4-B088-CEB76A448EF3,S:P1143L
IGS-10285-CVDP-84866D7B-D788-44A4-B088-CEB76A448EF3,S:P25-
IGS-10285-CVDP-84866D7B-D788-44A4-B088-CEB76A448EF3,S:P26-
IGS-10285-CVDP-84866D7B-D788-44A4-B088-CEB76A448EF3,S:P621S
IGS-10285-CVDP-84866D7B-D788-44A4-B088-CEB76A448EF3,S:P681R
IGS-10285-CVDP-84866D7B-D788-44A4-B088-CEB76A448EF3,S:Q493E
IGS-10285-CVDP-84866D7B-D788-44A4-B088-CEB76A448EF3,S:Q498R
IGS-10285-CVDP-84866D7B-D788-44A4-B088-CEB76A448EF3,S:R158G
IGS-10285-CVDP-84866D7B-D788-44A4-B088-CEB76A448EF3,S:R403K
IGS-10285-CVDP-84866D7B-D788-44A4-B088-CEB76A448EF3,S:R408S
IGS-10285-CVDP-84866D7B-D788-44A4-B088-CEB76A448EF3,S:S371F
IGS-10285-CVDP-84866D7B-D788-44A4-B088-CEB76A448EF3,S:S373P
IGS-10285-CVDP-84866D7B-D788-44A4-B088-CEB76A448EF3,S:S375F
IGS-10285-CVDP-84866D7B-D788-44A4-B088-CEB76A448EF3,S:S477N
IGS-10285-CVDP-84866D7B-D788-44A4-B088-CEB76A448EF3,S:S680F
IGS-10285-CVDP-84866D7B-D788-44A4-B088-CEB76A448EF3,S:S939F
IGS-10285-CVDP-84866D7B-D788-44A4-B088-CEB76A448EF3,S:T19I
IGS-10285-CVDP-84866D7B-D788-44A4-B088-CEB76A448EF3,S:T22N
IGS-10285-CVDP-84866D7B-D788-44A4-B088-CEB76A448EF3,S:T376A
IGS-10285-CVDP-84866D7B-D788-44A4-B088-CEB76A448EF3,S:T478I
IGS-10285-CVDP-84866D7B-D788-44A4-B088-CEB76A448EF3,S:V127F
IGS-10285-CVDP-84866D7B-D788-44A4-B088-CEB76A448EF3,S:V21T
IGS-10285-CVDP-84866D7B-D788-44A4-B088-CEB76A448EF3,S:V445H
IGS-10285-CVDP-84866D7B-D788-44A4-B088-CEB76A448EF3,S:V483-
IGS-10285-CVDP-84866D7B-D788-44A4-B088-CEB76A448EF3,S:V70-
IGS-10285-CVDP-84866D7B-D788-44A4-B088-CEB76A448EF3,S:Y144-
IGS-10285-CVDP-88C6EC14-8CA3-4DF3-BE20-3B8ADCC5E361,S:A264D
IGS-10285-CVDP-88C6EC14-8CA3-4DF3-BE20-3B8ADCC5E361,S:A27S
IGS-10285-CVDP-88C6EC14-8CA3-4DF3-BE20-3B8ADCC5E361,S:A570V
IGS-10285-CVDP-88C6EC14-8CA3-4DF3-BE20-3B8ADCC5E361,S:D1084G
IGS-10285-CVDP-88C6EC14-8CA3-4DF3-BE20-3B8ADCC5E361,S:D405N
IGS-10285-CVDP-88C6EC14-8CA3-4DF3-BE20-3B8ADCC5E361,S:D614G
IGS-10285-CVDP-88C6EC14-8CA3-4DF3-BE20-3B8ADCC5E361,S:D796Y
IGS-10285-CVDP-88C6EC14-8CA3-4DF3-BE20-3B8ADCC5E361,S:E484K
IGS-10285-CVDP-88C6EC14-8CA3-4DF3-BE20-3B8ADCC5E361,S:E554K
IGS-10285-CVDP-88C6EC14-8CA3-4DF3-BE20-3B8ADCC5E361,S:F157S
IGS-10285-CVDP-88C6EC14-8CA3-4DF3-BE20-3B8ADCC5E361,S:F456L
IGS-10285-CVDP-88C6EC14-8CA3-4DF3-BE20-3B8ADCC5E361,S:F486P
IGS-10285-CVDP-88C6EC14-8CA3-4DF3-BE20-3B8ADCC5E361,S:G142D
IGS-10285-CVDP-88C6EC14-8CA3-4DF3-BE20-3B8ADCC5E361,S:G339H
IGS-10285-CVDP-88C6EC14-8CA3-4DF3-BE20-3B8ADCC5E361,S:G446S
IGS-10285-CVDP-88C6EC14-8CA3-4DF3-BE20-3B8ADCC5E361,S:H245N
IGS-10285-CVDP-88C6EC14-8CA3-4DF3-BE20-3B8ADCC5E361,S:H655Y
IGS-10285-CVDP-88C6EC14-8CA3-4DF3-BE20-3B8ADCC5E361,S:H69-
IGS-10285-CVDP-88C6EC14-8CA3-4DF3-BE20-3B8ADCC5E361,S:I332V
IGS-10285-CVDP-88C6EC14-8CA3-4DF3-BE20-3B8ADCC5E361,S:K182R
IGS-10285-CVDP-88C6EC14-8CA3-4DF3-BE20-3B8ADCC5E361,S:K356T
IGS-10285-CVDP-88C6EC14-8CA3-4DF3-BE20-3B8ADCC5E361,S:K417N
IGS-10285-CVDP-88C6EC14-8CA3-4DF3-BE20-3B8ADCC5E361,S:K444R
IGS-10285-CVDP-88C6EC14-8CA3-4DF3-BE20-3B8ADCC5E361,S:L212I
IGS-10285-CVDP-88C6EC14-8CA3-4DF3-BE20-3B8ADCC5E361,S:L216F
IGS-10285-CVDP-88C6EC14-8CA3-4DF3-BE20-3B8ADCC5E361,S:L24-
IGS-10285-CVDP-88C6EC14-8CA3-4DF3-BE20-3B8ADCC5E361,S:L452W
IGS-10285-CVDP-88C6EC14-8CA3-4DF3-BE20-3B8ADCC5E361,S:L455S
IGS-10285-CVDP-88C6EC14-8CA3-4DF3-BE20-3B8ADCC5E361,S:N211-
IGS-10285-CVDP-88C6EC14-8CA3-4DF3-BE20-3B8ADCC5E361,S:N440K
IGS-10285-CVDP-88C6EC14-8CA3-4DF3-BE20-3B8ADCC5E361,S:N450D
IGS-10285-CVDP-88C6EC14-8CA3-4DF3-BE20-3B8ADCC5E361,S:N460K
IGS-10285-CVDP-88C6EC14-8CA3-4DF3-BE20-3B8ADCC5E361,S:N481K
IGS-10285-CVDP-88C6EC14-8CA3-4DF3-BE20-3B8ADCC5E361,S:N487D
IGS-10285-CVDP-88C6EC14-8CA3-4DF3-BE20-3B8ADCC5E361,S:N50L
IGS-10285-CVDP-88C6EC14-8CA3-4DF3-BE20-3B8ADCC5E361,S:N679K
IGS-10285-CVDP-88C6EC14-8CA3-4DF3-BE20-3B8ADCC5E361,S:N764K
IGS-10285-CVDP-88C6EC14-8CA3-4DF3-BE20-3B8ADCC5E361,S:N969K
IGS-10285-CVDP-88C6EC14-8CA3-4DF3-BE20-3B8ADCC5E361,S:P1143L
IGS-10285-CVDP-88C6EC14-8CA3-4DF3-BE20-3B8ADCC5E361,S:P25-
IGS-10285-CVDP-88C6EC14-8CA3-4DF3-BE20-3B8ADCC5E361,S:P26-
IGS-10285-CVDP-88C6EC14-8CA3-4DF3-BE20-3B8ADCC5E361,S:P621S
IGS-10285-CVDP-88C6EC14-8CA3-4DF3-BE20-3B8ADCC5E361,S:P681R
IGS-10285-CVDP-88C6EC14-8CA3-4DF3-BE20-3B8ADCC5E361,S:Q493E
IGS-10285-CVDP-88C6EC14-8CA3-4DF3-BE20-3B8ADCC5E361,S:Q498R
IGS-10285-CVDP-88C6EC14-8CA3-4DF3-BE20-3B8ADCC5E361,S:R158G
IGS-10285-CVDP-88C6EC14-8CA3-4DF3-BE20-3B8ADCC5E361,S:R190S
IGS-10285-CVDP-88C6EC14-8CA3-4DF3-BE20-3B8ADCC5E361,S:R346T
IGS-10285-CVDP-88C6EC14-8CA3-4DF3-BE20-3B8ADCC5E361,S:R403K
IGS-10285-CVDP-88C6EC14-8CA3-4DF3-BE20-3B8ADCC5E361,S:R408S
IGS-10285-CVDP-88C6EC14-8CA3-4DF3-BE20-3B8ADCC5E361,S:S31P
IGS-10285-CVDP-88C6EC14-8CA3-4DF3-BE20-3B8ADCC5E361,S:S371F
IGS-10285-CVDP-88C6EC14-8CA3-4DF3-BE20-3B8ADCC5E361,S:S373P
IGS-10285-CVDP-88C6EC14-8CA3-4DF3-BE20-3B8ADCC5E361,S:S375F
IGS-10285-CVDP-88C6EC14-8CA3-4DF3-BE20-3B8ADCC5E361,S:S477N
IGS-10285-CVDP-88C6EC14-8CA3-4DF3-BE20-3B8ADCC5E361,S:S939F
IGS-10285-CVDP-88C6EC14-8CA3-4DF3-BE20-3B8ADCC5E361,S:T19I
IGS-10285-CVDP-88C6EC14-8CA3-4DF3-BE20-3B8ADCC5E361,S:T22N
IGS-10285-CVDP-88C6EC14-8CA3-4DF3-BE20-3B8ADCC5E361,S:T376A
IGS-10285-CVDP-88C6EC14-8CA3-4DF3-BE20-3B8ADCC5E361,S:T478K
IGS-10285-CVDP-88C6EC14-8CA3-4DF3-BE20-3B8ADCC5E361,S:T572I
IGS-10285-CVDP-88C6EC14-8CA3-4DF3-BE20-3B8ADCC5E361,S:V127F
IGS-10285-CVDP-88C6EC14-8CA3-4DF3-BE20-3B8ADCC5E361,S:V21T
IGS-10285-CVDP-88C6EC14-8CA3-4DF3-BE20-3B8ADCC5E361,S:V445R
IGS-10285-CVDP-88C6EC14-8CA3-4DF3-BE20-3B8ADCC5E361,S:V483-
IGS-10285-CVDP-88C6EC14-8CA3-4DF3-BE20-3B8ADCC5E361,S:V70-
IGS-10285-CVDP-88C6EC14-8CA3-4DF3-BE20-3B8ADCC5E361,S:Y144-
IGS-10285-CVDP-8E0BC977-0291-4D00-8837-62B1EC1FFCB4,S:A264D
IGS-10285-CVDP-8E0BC977-0291-4D00-8837-62B1EC1FFCB4,S:A27S
IGS-10285-CVDP-8E0BC977-0291-4D00-8837-62B1EC1FFCB4,S:A435S
IGS-10285-CVDP-8E0BC977-0291-4D00-8837-62B1EC1FFCB4,S:A570V
IGS-10285-CVDP-8E0BC977-0291-4D00-8837-62B1EC1FFCB4,S:D405N
IGS-10285-CVDP-8E0BC977-0291-4D00-8837-62B1EC1FFCB4,S:D614G
IGS-10285-CVDP-8E0BC977-0291-4D00-8837-62B1EC1FFCB4,S:D796Y
IGS-10285-CVDP-8E0BC977-0291-4D00-8837-62B1EC1FFCB4,S:E484K
IGS-10285-CVDP-8E0BC977-0291-4D00-8837-62B1EC1FFCB4,S:E554K
IGS-10285-CVDP-8E0BC977-0291-4D00-8837-62B1EC1FFCB4,S:F157S
IGS-10285-CVDP-8E0BC977-0291-4D00-8837-62B1EC1FFCB4,S:F456L
IGS-10285-CVDP-8E0BC977-0291-4D00-8837-62B1EC1FFCB4,S:F486P
IGS-10285-CVDP-8E0BC977-0291-4D00-8837-62B1EC1FFCB4,S:F59S
IGS-10285-CVDP-8E0BC977-0291-4D00-8837-62B1EC1FFCB4,S:G142D
IGS-10285-CVDP-8E0BC977-0291-4D00-8837-62B1EC1FFCB4,S:G184S
IGS-10285-CVDP-8E0BC977-0291-4D00-8837-62B1EC1FFCB4,S:G339H
IGS-10285-CVDP-8E0BC977-0291-4D00-8837-62B1EC1FFCB4,S:G446S
IGS-10285-CVDP-8E0BC977-0291-4D00-8837-62B1EC1FFCB4,S:H245N
IGS-10285-CVDP-8E0BC977-0291-4D00-8837-62B1EC1FFCB4,S:H655Y
IGS-10285-CVDP-8E0BC977-0291-4D00-8837-62B1EC1FFCB4,S:H69-
IGS-10285-CVDP-8E0BC977-0291-4D00-8837-62B1EC1FFCB4,S:I332V
IGS-10285-CVDP-8E0BC977-0291-4D00-8837-62B1EC1FFCB4,S:K356T
IGS-10285-CVDP-8E0BC977-0291-4D00-8837-62B1EC1FFCB4,S:K417N
IGS-10285-CVDP-8E0BC977-0291-4D00-8837-62B1EC1FFCB4,S:L212I
IGS-10285-CVDP-8E0BC977-0291-4D00-8837-62B1EC1FFCB4,S:L216F
IGS-10285-CVDP-8E0BC977-0291-4D00-8837-62B1EC1FFCB4,S:L24-
IGS-10285-CVDP-8E0BC977-0291-4D00-8837-62B1EC1FFCB4,S:L452W
IGS-10285-CVDP-8E0BC977-0291-4D00-8837-62B1EC1FFCB4,S:L455S
IGS-10285-CVDP-8E0BC977-0291-4D00-8837-62B1EC1FFCB4,S:N211-
IGS-10285-CVDP-8E0BC977-0291-4D00-8837-62B1EC1FFCB4,S:N440K
IGS-10285-CVDP-8E0BC977-0291-4D00-8837-62B1EC1FFCB4,S:N450D
IGS-10285-CVDP-8E0BC977-0291-4D00-8837-62B1EC1FFCB4,S:N460K
IGS-10285-CVDP-8E0BC977-0291-4D00-8837-62B1EC1FFCB4,S:N481K
IGS-10285-CVDP-8E0BC977-0291-4D00-8837-62B1EC1FFCB4,S:N50L
IGS-10285-CVDP-8E0BC977-0291-4D00-8837-62B1EC1FFCB4,S:N679K
IGS-10285-CVDP-8E0BC977-0291-4D00-8837-62B1EC1FFCB4,S:N764K
IGS-10285-CVDP-8E0BC977-0291-4D00-8837-62B1EC1FFCB4,S:N969K
IGS-10285-CVDP-8E0BC977-0291-4D00-8837-62B1EC1FFCB4,S:P1143L
IGS-10285-CVDP-8E0BC977-0291-4D00-8837-62B1EC1FFCB4,S:P25-
IGS-10285-CVDP-8E0BC977-0291-4D00-8837-62B1EC1FFCB4,S:P26-
IGS-10285-CVDP-8E0BC977-0291-4D00-8837-62B1EC1FFCB4,S:P621S
IGS-10285-CVDP-8E0BC977-0291-4D00-8837-62B1EC1FFCB4,S:P681R
IGS-10285-CVDP-8E0BC977-0291-4D00-8837-62B1EC1FFCB4,S:Q493E
IGS-10285-CVDP-8E0BC977-0291-4D00-8837-62B1EC1FFCB4,S:Q498R
IGS-10285-CVDP-8E0BC977-0291-4D00-8837-62B1EC1FFCB4,S:R158G
IGS-10285-CVDP-8E0BC977-0291-4D00-8837-62B1EC1FFCB4,S:R403K
IGS-10285-CVDP-8E0BC977-0291-4D00-8837-62B1EC1FFCB4,S:R408S
IGS-10285-CVDP-8E0BC977-0291-4D00-8837-62B1EC1FFCB4,S:S371F
IGS-10285-CVDP-8E0BC977-0291-4D00-8837-62B1EC1FFCB4,S:S373P
IGS-10285-CVDP-8E0BC977-0291-4D00-8837-62B1EC1FFCB4,S:S375F
IGS-10285-CVDP-8E0BC977-0291-4D00-8837-62B1EC1FFCB4,S:S477N
IGS-10285-CVDP-8E0BC977-0291-4D00-8837-62B1EC1FFCB4,S:S939F
IGS-10285-CVDP-8E0BC977-0291-4D00-8837-62B1EC1FFCB4,S:T19I
IGS-10285-CVDP-8E0BC977-0291-4D00-8837-62B1EC1FFCB4,S:T22N
IGS-10285-CVDP-8E0BC977-0291-4D00-8837-62B1EC1FFCB4,S:T376A
IGS-10285-CVDP-8E0BC977-0291-4D00-8837-62B1EC1FFCB4,S:T478I
IGS-10285-CVDP-8E0BC977-0291-4D00-8837-62B1EC1FFCB4,S:V127F
IGS-10285-CVDP-8E0BC977-0291-4D00-8837-62B1EC1FFCB4,S:V21T
IGS-10285-CVDP-8E0BC977-0291-4D00-8837-62B1EC1FFCB4,S:V445H
IGS-10285-CVDP-8E0BC977-0291-4D00-8837-62B1EC1FFCB4,S:V483-
IGS-10285-CVDP-8E0BC977-0291-4D00-8837-62B1EC1FFCB4,S:V70-
IGS-10285-CVDP-8E0BC977-0291-4D00-8837-62B1EC1FFCB4,S:Y144-
IGS-10285-CVDP-959B4320-D850-43B7-9D90-5C03C7012A04,S:A264D
IGS-10285-CVDP-959B4320-D850-43B7-9D90-5C03C7012A04,S:A27S
IGS-10285-CVDP-959B4320-D850-43B7-9D90-5C03C7012A04,S:A435S
IGS-10285-CVDP-959B4320-D850-43B7-9D90-5C03C7012A04,S:A475V
IGS-10285-CVDP-959B4320-D850-43B7-9D90-5C03C7012A04,S:A570V
IGS-10285-CVDP-959B4320-D850-43B7-9D90-5C03C7012A04,S:D405N
IGS-10285-CVDP-959B4320-D850-43B7-9D90-5C03C7012A04,S:D614G
IGS-10285-CVDP-959B4320-D850-43B7-9D90-5C03C7012A04,S:D796Y
IGS-10285-CVDP-959B4320-D850-43B7-9D90-5C03C7012A04,S:E484K
IGS-10285-CVDP-959B4320-D850-43B7-9D90-5C03C7012A04,S:E554K
IGS-10285-CVDP-959B4320-D850-43B7-9D90-5C03C7012A04,S:F157S
IGS-10285-CVDP-959B4320-D850-43B7-9D90-5C03C7012A04,S:F456L
IGS-10285-CVDP-959B4320-D850-43B7-9D90-5C03C7012A04,S:F486P
IGS-10285-CVDP-959B4320-D850-43B7-9D90-5C03C7012A04,S:G142D
IGS-10285-CVDP-959B4320-D850-43B7-9D90-5C03C7012A04,S:G339H
IGS-10285-CVDP-959B4320-D850-43B7-9D90-5C03C7012A04,S:G446S
IGS-10285-CVDP-959B4320-D850-43B7-9D90-5C03C7012A04,S:H245N
IGS-10285-CVDP-959B4320-D850-43B7-9D90-5C03C7012A04,S:H655Y
IGS-10285-CVDP-959B4320-D850-43B7-9D90-5C03C7012A04,S:H69-
IGS-10285-CVDP-959B4320-D850-43B7-9D90-5C03C7012A04,S:I332V
IGS-10285-CVDP-959B4320-D850-43B7-9D90-5C03C7012A04,S:K182R
IGS-10285-CVDP-959B4320-D850-43B7-9D90-5C03C7012A04,S:K356T
IGS-10285-CVDP-959B4320-D850-43B7-9D90-5C03C7012A04,S:K417N
IGS-10285-CVDP-959B4320-D850-43B7-9D90-5C03C7012A04,S:K444R
IGS-10285-CVDP-959B4320-D850-43B7-9D90-5C03C7012A04,S:L212I
IGS-10285-CVDP-959B4320-D850-43B7-9D90-5C03C7012A04,S:L216F
IGS-10285-CVDP-959B4320-D850-43B7-9D90-5C03C7012A04,S:L24-
IGS-10285-CVDP-959B4320-D850-43B7-9D90-5C03C7012A04,S:L441R
IGS-10285-CVDP-959B4320-D850-43B7-9D90-5C03C7012A04,S:L452W
IGS-10285-CVDP-959B4320-D850-43B7-9D90-5C03C7012A04,S:L455S
IGS-10285-CVDP-959B4320-D850-43B7-9D90-5C03C7012A04,S:N211-
IGS-10285-CVDP-959B4320-D850-43B7-9D90-5C03C7012A04,S:N440K
IGS-10285-CVDP-959B4320-D850-43B7-9D90-5C03C7012A04,S:N450D
IGS-10285-CVDP-959B4320-D850-43B7-9D90-5C03C7012A04,S:N460K
IGS-10285-CVDP-959B4320-D850-43B7-9D90-5C03C7012A04,S:N481K
IGS-10285-CVDP-959B4320-D850-43B7-9D90-5C03C7012A04,S:N50L
IGS-10285-CVDP-959B4320-D850-43B7-9D90-5C03C7012A04,S:N679R
IGS-10285-CVDP-959B4320-D850-43B7-9D90-5C03C7012A04,S:N764K
IGS-10285-CVDP-959B4320-D850-43B7-9D90-5C03C7012A04,S:N969K
IGS-10285-CVDP-959B4320-D850-43B7-9D90-5C03C7012A04,S:P1143L
IGS-10285-CVDP-959B4320-D850-43B7-9D90-5C03C7012A04,S:P25-
IGS-10285-CVDP-959B4320-D850-43B7-9D90-5C03C7012A04,S:P26-
IGS-10285-CVDP-959B4320-D850-43B7-9D90-5C03C7012A04,S:P621S
IGS-10285-CVDP-959B4320-D850-43B7-9D90-5C03C7012A04,S:P681R
IGS-10285-CVDP-959B4320-D850-43B7-9D90-5C03C7012A04,S:Q498R
IGS-10285-CVDP-959B4320-D850-43B7-9D90-5C03C7012A04,S:R158G
IGS-10285-CVDP-959B4320-D850-43B7-9D90-5C03C7012A04,S:R190S
IGS-10285-CVDP-959B4320-D850-43B7-9D90-5C03C7012A04,S:R346T
IGS-10285-CVDP-959B4320-D850-43B7-9D90-5C03C7012A04,S:R403K
IGS-10285-CVDP-959B4320-D850-43B7-9D90-5C03C7012A04,S:R408S
IGS-10285-CVDP-959B4320-D850-43B7-9D90-5C03C7012A04,S:S31P
IGS-10285-CVDP-959B4320-D850-43B7-9D90-5C03C7012A04,S:S371F
IGS-10285-CVDP-959B4320-D850-43B7-9D90-5C03C7012A04,S:S373P
IGS-10285-CVDP-959B4320-D850-43B7-9D90-5C03C7012A04,S:S375F
IGS-10285-CVDP-959B4320-D850-43B7-9D90-5C03C7012A04,S:S477N
IGS-10285-CVDP-959B4320-D850-43B7-9D90-5C03C7012A04,S:S939F
IGS-10285-CVDP-959B4320-D850-43B7-9D90-5C03C7012A04,S:T19I
IGS-10285-CVDP-959B4320-D850-43B7-9D90-5C03C7012A04,S:T22N
IGS-10285-CVDP-959B4320-D850-43B7-9D90-5C03C7012A04,S:T376A
IGS-10285-CVDP-959B4320-D850-43B7-9D90-5C03C7012A04,S:T478K
IGS-10285-CVDP-959B4320-D850-43B7-9D90-5C03C7012A04,S:V1264L
IGS-10285-CVDP-959B4320-D850-43B7-9D90-5C03C7012A04,S:V127F
IGS-10285-CVDP-959B4320-D850-43B7-9D90-5C03C7012A04,S:V21T
IGS-10285-CVDP-959B4320-D850-43B7-9D90-5C03C7012A04,S:V445P
IGS-10285-CVDP-959B4320-D850-43B7-9D90-5C03C7012A04,S:V483-
IGS-10285-CVDP-959B4320-D850-43B7-9D90-5C03C7012A04,S:V70-
IGS-10285-CVDP-959B4320-D850-43B7-9D90-5C03C7012A04,S:Y144-
IGS-10285-CVDP-A225AECE-AFC7-4A6B-A752-1FCCD2CC3687,S:A264D
IGS-10285-CVDP-A225AECE-AFC7-4A6B-A752-1FCCD2CC3687,S:A27S
IGS-10285-CVDP-A225AECE-AFC7-4A6B-A752-1FCCD2CC3687,S:A435S
IGS-10285-CVDP-A225AECE-AFC7-4A6B-A752-1FCCD2CC3687,S:A570V
IGS-10285-CVDP-A225AECE-AFC7-4A6B-A752-1FCCD2CC3687,S:D405N
IGS-10285-CVDP-A225AECE-AFC7-4A6B-A752-1FCCD2CC3687,S:D614G
IGS-10285-CVDP-A225AECE-AFC7-4A6B-A752-1FCCD2CC3687,S:D796Y
IGS-10285-CVDP-A225AECE-AFC7-4A6B-A752-1FCCD2CC3687,S:E156D
IGS-10285-CVDP-A225AECE-AFC7-4A6B-A752-1FCCD2CC3687,S:E484K
IGS-10285-CVDP-A225AECE-AFC7-4A6B-A752-1FCCD2CC3687,S:E554K
IGS-10285-CVDP-A225AECE-AFC7-4A6B-A752-1FCCD2CC3687,S:F157S
IGS-10285-CVDP-A225AECE-AFC7-4A6B-A752-1FCCD2CC3687,S:F456L
IGS-10285-CVDP-A225AECE-AFC7-4A6B-A752-1FCCD2CC3687,S:F486P
IGS-10285-CVDP-A225AECE-AFC7-4A6B-A752-1FCCD2CC3687,S:F59S
IGS-10285-CVDP-A225AECE-AFC7-4A6B-A752-1FCCD2CC3687,S:G142D
IGS-10285-CVDP-A225AECE-AFC7-4A6B-A752-1FCCD2CC3687,S:G184S
IGS-10285-CVDP-A225AECE-AFC7-4A6B-A752-1FCCD2CC3687,S:G339H
IGS-10285-CVDP-A225AECE-AFC7-4A6B-A752-1FCCD2CC3687,S:G446S
IGS-10285-CVDP-A225AECE-AFC7-4A6B-A752-1FCCD2CC3687,S:H245N
IGS-10285-CVDP-A225AECE-AFC7-4A6B-A752-1FCCD2CC3687,S:H655Y
IGS-10285-CVDP-A225AECE-AFC7-4A6B-A752-1FCCD2CC3687,S:H69-
IGS-10285-CVDP-A225AECE-AFC7-4A6B-A752-1FCCD2CC3687,S:I332V
IGS-10285-CVDP-A225AECE-AFC7-4A6B-A752-1FCCD2CC3687,S:K356T
IGS-10285-CVDP-A225AECE-AFC7-4A6B-A752-1FCCD2CC3687,S:K417N
IGS-10285-CVDP-A225AECE-AFC7-4A6B-A752-1FCCD2CC3687,S:L212I
IGS-10285-CVDP-A225AECE-AFC7-4A6B-A752-1FCCD2CC3687,S:L216F
IGS-10285-CVDP-A225AECE-AFC7-4A6B-A752-1FCCD2CC3687,S:L24-
IGS-10285-CVDP-A225AECE-AFC7-4A6B-A752-1FCCD2CC3687,S:L452W
IGS-10285-CVDP-A225AECE-AFC7-4A6B-A752-1FCCD2CC3687,S:L455S
IGS-10285-CVDP-A225AECE-AFC7-4A6B-A752-1FCCD2CC3687,S:N211-
IGS-10285-CVDP-A225AECE-AFC7-4A6B-A752-1FCCD2CC3687,S:N440K
IGS-10285-CVDP-A225AECE-AFC7-4A6B-A752-1FCCD2CC3687,S:N450D
IGS-10285-CVDP-A225AECE-AFC7-4A6B-A752-1FCCD2CC3687,S:N460K
IGS-10285-CVDP-A225AECE-AFC7-4A6B-A752-1FCCD2CC3687,S:N481K
IGS-10285-CVDP-A225AECE-AFC7-4A6B-A752-1FCCD2CC3687,S:N50L
IGS-10285-CVDP-A225AECE-AFC7-4A6B-A752-1FCCD2CC3687,S:N679K
IGS-10285-CVDP-A225AECE-AFC7-4A6B-A752-1FCCD2CC3687,S:N764K
IGS-10285-CVDP-A225AECE-AFC7-4A6B-A752-1FCCD2CC3687,S:N969K
IGS-10285-CVDP-A225AECE-AFC7-4A6B-A752-1FCCD2CC3687,S:P1143L
IGS-10285-CVDP-A225AECE-AFC7-4A6B-A752-1FCCD2CC3687,S:P25-
IGS-10285-CVDP-A225AECE-AFC7-4A6B-A752-1FCCD2CC3687,S:P26-
IGS-10285-CVDP-A225AECE-AFC7-4A6B-A752-1FCCD2CC3687,S:P621S
IGS-10285-CVDP-A225AECE-AFC7-4A6B-A752-1FCCD2CC3687,S:P681R
IGS-10285-CVDP-A225AECE-AFC7-4A6B-A752-1FCCD2CC3687,S:Q493E
IGS-10285-CVDP-A225AECE-AFC7-4A6B-A752-1FCCD2CC3687,S:Q498R
IGS-10285-CVDP-A225AECE-AFC7-4A6B-A752-1FCCD2CC3687,S:R158G
IGS-10285-CVDP-A225AECE-AFC7-4A6B-A752-1FCCD2CC3687,S:R403K
IGS-10285-CVDP-A225AECE-AFC7-4A6B-A752-1FCCD2CC3687,S:R408S
IGS-10285-CVDP-A225AECE-AFC7-4A6B-A752-1FCCD2CC3687,S:S371F
IGS-10285-CVDP-A225AECE-AFC7-4A6B-A752-1FCCD2CC3687,S:S373P
IGS-10285-CVDP-A225AECE-AFC7-4A6B-A752-1FCCD2CC3687,S:S375F
IGS-10285-CVDP-A225AECE-AFC7-4A6B-A752-1FCCD2CC3687,S:S477N
IGS-10285-CVDP-A225AECE-AFC7-4A6B-A752-1FCCD2CC3687,S:S939F
IGS-10285-CVDP-A225AECE-AFC7-4A6B-A752-1FCCD2CC3687,S:T19I
IGS-10285-CVDP-A225AECE-AFC7-4A6B-A752-1FCCD2CC3687,S:T22N
IGS-10285-CVDP-A225AECE-AFC7-4A6B-A752-1FCCD2CC3687,S:T376A
IGS-10285-CVDP-A225AECE-AFC7-4A6B-A752-1FCCD2CC3687,S:V127F
IGS-10285-CVDP-A225AECE-AFC7-4A6B-A752-1FCCD2CC3687,S:V21T
IGS-10285-CVDP-A225AECE-AFC7-4A6B-A752-1FCCD2CC3687,S:V445H
IGS-10285-CVDP-A225AECE-AFC7-4A6B-A752-1FCCD2CC3687,S:V483-
IGS-10285-CVDP-A225AECE-AFC7-4A6B-A752-1FCCD2CC3687,S:V70-
IGS-10285-CVDP-A225AECE-AFC7-4A6B-A752-1FCCD2CC3687,S:Y144-
IGS-10285-CVDP-A57D9C70-9B42-48AD-84C3-5D79EA86439E,S:A264D
IGS-10285-CVDP-A57D9C70-9B42-48AD-84C3-5D79EA86439E,S:A27S
IGS-10285-CVDP-A57D9C70-9B42-48AD-84C3-5D79EA86439E,S:A570V
IGS-10285-CVDP-A57D9C70-9B42-48AD-84C3-5D79EA86439E,S:D253G
IGS-10285-CVDP-A57D9C70-9B42-48AD-84C3-5D79EA86439E,S:D405N
IGS-10285-CVDP-A57D9C70-9B42-48AD-84C3-5D79EA86439E,S:D614G
IGS-10285-CVDP-A57D9C70-9B42-48AD-84C3-5D79EA86439E,S:D796Y
IGS-10285-CVDP-A57D9C70-9B42-48AD-84C3-5D79EA86439E,S:E484K
IGS-10285-CVDP-A57D9C70-9B42-48AD-84C3-5D79EA86439E,S:E554K
IGS-10285-CVDP-A57D9C70-9B42-48AD-84C3-5D79EA86439E,S:F157S
IGS-10285-CVDP-A57D9C70-9B42-48AD-84C3-5D79EA86439E,S:F456L
IGS-10285-CVDP-A57D9C70-9B42-48AD-84C3-5D79EA86439E,S:F486P
IGS-10285-CVDP-A57D9C70-9B42-48AD-84C3-5D79EA86439E,S:G142D
IGS-10285-CVDP-A57D9C70-9B42-48AD-84C3-5D79EA86439E,S:G339H
IGS-10285-CVDP-A57D9C70-9B42-48AD-84C3-5D79EA86439E,S:G446S
IGS-10285-CVDP-A57D9C70-9B42-48AD-84C3-5D79EA86439E,S:H245N
IGS-10285-CVDP-A57D9C70-9B42-48AD-84C3-5D79EA86439E,S:H655Y
IGS-10285-CVDP-A57D9C70-9B42-48AD-84C3-5D79EA86439E,S:H69-
IGS-10285-CVDP-A57D9C70-9B42-48AD-84C3-5D79EA86439E,S:I332V
IGS-10285-CVDP-A57D9C70-9B42-48AD-84C3-5D79EA86439E,S:K182R
IGS-10285-CVDP-A57D9C70-9B42-48AD-84C3-5D79EA86439E,S:K356T
IGS-10285-CVDP-A57D9C70-9B42-48AD-84C3-5D79EA86439E,S:K417N
IGS-10285-CVDP-A57D9C70-9B42-48AD-84C3-5D79EA86439E,S:K444R
IGS-10285-CVDP-A57D9C70-9B42-48AD-84C3-5D79EA86439E,S:L212I
IGS-10285-CVDP-A57D9C70-9B42-48AD-84C3-5D79EA86439E,S:L216F
IGS-10285-CVDP-A57D9C70-9B42-48AD-84C3-5D79EA86439E,S:L24-
IGS-10285-CVDP-A57D9C70-9B42-48AD-84C3-5D79EA86439E,S:L441I
IGS-10285-CVDP-A57D9C70-9B42-48AD-84C3-5D79EA86439E,S:L452W
IGS-10285-CVDP-A57D9C70-9B42-48AD-84C3-5D79EA86439E,S:L455S
IGS-10285-CVDP-A57D9C70-9B42-48AD-84C3-5D79EA86439E,S:N211-
IGS-10285-CVDP-A57D9C70-9B42-48AD-84C3-5D79EA86439E,S:N440K
IGS-10285-CVDP-A57D9C70-9B42-48AD-84C3-5D79EA86439E,S:N450D
IGS-10285-CVDP-A57D9C70-9B42-48AD-84C3-5D79EA86439E,S:N460K
IGS-10285-CVDP-A57D9C70-9B42-48AD-84C3-5D79EA86439E,S:N481K
IGS-10285-CVDP-A57D9C70-9B42-48AD-84C3-5D79EA86439E,S:N487D
IGS-10285-CVDP-A57D9C70-9B42-48AD-84C3-5D79EA86439E,S:N50L
IGS-10285-CVDP-A57D9C70-9B42-48AD-84C3-5D79EA86439E,S:N679K
IGS-10285-CVDP-A57D9C70-9B42-48AD-84C3-5D79EA86439E,S:N764K
IGS-10285-CVDP-A57D9C70-9B42-48AD-84C3-5D79EA86439E,S:N969K
IGS-10285-CVDP-A57D9C70-9B42-48AD-84C3-5D79EA86439E,S:P1143L
IGS-10285-CVDP-A57D9C70-9B42-48AD-84C3-5D79EA86439E,S:P25-
IGS-10285-CVDP-A57D9C70-9B42-48AD-84C3-5D79EA86439E,S:P26-
IGS-10285-CVDP-A57D9C70-9B42-48AD-84C3-5D79EA86439E,S:P621S
IGS-10285-CVDP-A57D9C70-9B42-48AD-84C3-5D79EA86439E,S:P681R
IGS-10285-CVDP-A57D9C70-9B42-48AD-84C3-5D79EA86439E,S:Q493E
IGS-10285-CVDP-A57D9C70-9B42-48AD-84C3-5D79EA86439E,S:Q498R
IGS-10285-CVDP-A57D9C70-9B42-48AD-84C3-5D79EA86439E,S:R158G
IGS-10285-CVDP-A57D9C70-9B42-48AD-84C3-5D79EA86439E,S:R190S
IGS-10285-CVDP-A57D9C70-9B42-48AD-84C3-5D79EA86439E,S:R346T
IGS-10285-CVDP-A57D9C70-9B42-48AD-84C3-5D79EA86439E,S:R403K
IGS-10285-CVDP-A57D9C70-9B42-48AD-84C3-5D79EA86439E,S:R408S
IGS-10285-CVDP-A57D9C70-9B42-48AD-84C3-5D79EA86439E,S:S31P
IGS-10285-CVDP-A57D9C70-9B42-48AD-84C3-5D79EA86439E,S:S371F
IGS-10285-CVDP-A57D9C70-9B42-48AD-84C3-5D79EA86439E,S:S373P
IGS-10285-CVDP-A57D9C70-9B42-48AD-84C3-5D79EA86439E,S:S375F
IGS-10285-CVDP-A57D9C70-9B42-48AD-84C3-5D79EA86439E,S:S477N
IGS-10285-CVDP-A57D9C70-9B42-48AD-84C3-5D79EA86439E,S:S939F
IGS-10285-CVDP-A57D9C70-9B42-48AD-84C3-5D79EA86439E,S:T19I
IGS-10285-CVDP-A57D9C70-9B42-48AD-84C3-5D79EA86439E,S:T22N
IGS-10285-CVDP-A57D9C70-9B42-48AD-84C3-5D79EA86439E,S:T376A
IGS-10285-CVDP-A57D9C70-9B42-48AD-84C3-5D79EA86439E,S:T478K
IGS-10285-CVDP-A57D9C70-9B42-48AD-84C3-5D79EA86439E,S:T572I
IGS-10285-CVDP-A57D9C70-9B42-48AD-84C3-5D79EA86439E,S:V127F
IGS-10285-CVDP-A57D9C70-9B42-48AD-84C3-5D79EA86439E,S:V21T
IGS-10285-CVDP-A57D9C70-9B42-48AD-84C3-5D79EA86439E,S:V445R
IGS-10285-CVDP-A57D9C70-9B42-48AD-84C3-5D79EA86439E,S:V483-
IGS-10285-CVDP-A57D9C70-9B42-48AD-84C3-5D79EA86439E,S:V70-
IGS-10285-CVDP-A57D9C70-9B42-48AD-84C3-5D79EA86439E,S:Y144-
IGS-10285-CVDP-B4C52F76-C3D4-4C89-997F-58D53A7AECB5,S:A264D
IGS-10285-CVDP-B4C52F76-C3D4-4C89-997F-58D53A7AECB5,S:A27S
IGS-10285-CVDP-B4C52F76-C3D4-4C89-997F-58D53A7AECB5,S:A435S
IGS-10285-CVDP-B4C52F76-C3D4-4C89-997F-58D53A7AECB5,S:A475V
IGS-10285-CVDP-B4C52F76-C3D4-4C89-997F-58D53A7AECB5,S:A570V
IGS-10285-CVDP-B4C52F76-C3D4-4C89-997F-58D53A7AECB5,S:D405N
IGS-10285-CVDP-B4C52F76-C3D4-4C89-997F-58D53A7AECB5,S:D614G
IGS-10285-CVDP-B4C52F76-C3D4-4C89-997F-58D53A7AECB5,S:D796Y
IGS-10285-CVDP-B4C52F76-C3D4-4C89-997F-58D53A7AECB5,S:E484K
IGS-10285-CVDP-B4C52F76-C3D4-4C89-997F-58D53A7AECB5,S:E554K
IGS-10285-CVDP-B4C52F76-C3D4-4C89-997F-58D53A7AECB5,S:F157S
IGS-10285-CVDP-B4C52F76-C3D4-4C89-997F-58D53A7AECB5,S:F456L
IGS-10285-CVDP-B4C52F76-C3D4-4C89-997F-58D53A7AECB5,S:F486P
IGS-10285-CVDP-B4C52F76-C3D4-4C89-997F-58D53A7AECB5,S:G142D
IGS-10285-CVDP-B4C52F76-C3D4-4C89-997F-58D53A7AECB5,S:G339H
IGS-10285-CVDP-B4C52F76-C3D4-4C89-997F-58D53A7AECB5,S:G446S
IGS-10285-CVDP-B4C52F76-C3D4-4C89-997F-58D53A7AECB5,S:H245N
IGS-10285-CVDP-B4C52F76-C3D4-4C89-997F-58D53A7AECB5,S:H655Y
IGS-10285-CVDP-B4C52F76-C3D4-4C89-997F-58D53A7AECB5,S:H69-
IGS-10285-CVDP-B4C52F76-C3D4-4C89-997F-58D53A7AECB5,S:I332V
IGS-10285-CVDP-B4C52F76-C3D4-4C89-997F-58D53A7AECB5,S:K182R
IGS-10285-CVDP-B4C52F76-C3D4-4C89-997F-58D53A7AECB5,S:K356T
IGS-10285-CVDP-B4C52F76-C3D4-4C89-997F-58D53A7AECB5,S:K417N
IGS-10285-CVDP-B4C52F76-C3D4-4C89-997F-58D53A7AECB5,S:K444R
IGS-10285-CVDP-B4C52F76-C3D4-4C89-997F-58D53A7AECB5,S:L212I
IGS-10285-CVDP-B4C52F76-C3D4-4C89-997F-58D53A7AECB5,S:L216F
IGS-10285-CVDP-B4C52F76-C3D4-4C89-997F-58D53A7AECB5,S:L24-
IGS-10285-CVDP-B4C52F76-C3D4-4C89-997F-58D53A7AECB5,S:L441R
IGS-10285-CVDP-B4C52F76-C3D4-4C89-997F-58D53A7AECB5,S:L452W
IGS-10285-CVDP-B4C52F76-C3D4-4C89-997F-58D53A7AECB5,S:L455S
IGS-10285-CVDP-B4C52F76-C3D4-4C89-997F-58D53A7AECB5,S:M153I
IGS-10285-CVDP-B4C52F76-C3D4-4C89-997F-58D53A7AECB5,S:N211-
IGS-10285-CVDP-B4C52F76-C3D4-4C89-997F-58D53A7AECB5,S:N440K
IGS-10285-CVDP-B4C52F76-C3D4-4C89-997F-58D53A7AECB5,S:N450D
IGS-10285-CVDP-B4C52F76-C3D4-4C89-997F-58D53A7AECB5,S:N460K
IGS-10285-CVDP-B4C52F76-C3D4-4C89-997F-58D53A7AECB5,S:N481K
IGS-10285-CVDP-B4C52F76-C3D4-4C89-997F-58D53A7AECB5,S:N50L
IGS-10285-CVDP-B4C52F76-C3D4-4C89-997F-58D53A7AECB5,S:N679R
IGS-10285-CVDP-B4C52F76-C3D4-4C89-997F-58D53A7AECB5,S:N764K
IGS-10285-CVDP-B4C52F76-C3D4-4C89-997F-58D53A7AECB5,S:N969K
IGS-10285-CVDP-B4C52F76-C3D4-4C89-997F-58D53A7AECB5,S:P1143L
IGS-10285-CVDP-B4C52F76-C3D4-4C89-997F-58D53A7AECB5,S:P25-
IGS-10285-CVDP-B4C52F76-C3D4-4C89-997F-58D53A7AECB5,S:P26-
IGS-10285-CVDP-B4C52F76-C3D4-4C89-997F-58D53A7AECB5,S:P621S
IGS-10285-CVDP-B4C52F76-C3D4-4C89-997F-58D53A7AECB5,S:P681R
IGS-10285-CVDP-B4C52F76-C3D4-4C89-997F-58D53A7AECB5,S:Q498R
IGS-10285-CVDP-B4C52F76-C3D4-4C89-997F-58D53A7AECB5,S:R158G
IGS-10285-CVDP-B4C52F76-C3D4-4C89-997F-58D53A7AECB5,S:R190S
IGS-10285-CVDP-B4C52F76-C3D4-4C89-997F-58D53A7AECB5,S:R346T
IGS-10285-CVDP-B4C52F76-C3D4-4C89-997F-58D53A7AECB5,S:R403K
IGS-10285-CVDP-B4C52F76-C3D4-4C89-997F-58D53A7AECB5,S:R408S
IGS-10285-CVDP-B4C52F76-C3D4-4C89-997F-58D53A7AECB5,S:S31P
IGS-10285-CVDP-B4C52F76-C3D4-4C89-997F-58D53A7AECB5,S:S371F
IGS-10285-CVDP-B4C52F76-C3D4-4C89-997F-58D53A7AECB5,S:S373P
IGS-10285-CVDP-B4C52F76-C3D4-4C89-997F-58D53A7AECB5,S:S375F
IGS-10285-CVDP-B4C52F76-C3D4-4C89-997F-58D53A7AECB5,S:S477N
IGS-10285-CVDP-B4C52F76-C3D4-4C89-997F-58D53A7AECB5,S:S939F
IGS-10285-CVDP-B4C52F76-C3D4-4C89-997F-58D53A7AECB5,S:T19I
IGS-10285-CVDP-B4C52F76-C3D4-4C89-997F-58D53A7AECB5,S:T22N
IGS-10285-CVDP-B4C52F76-C3D4-4C89-997F-58D53A7AECB5,S:T376A
IGS-10285-CVDP-B4C52F76-C3D4-4C89-997F-58D53A7AECB5,S:V127F
IGS-10285-CVDP-B4C52F76-C3D4-4C89-997F-58D53A7AECB5,S:V21T
IGS-10285-CVDP-B4C52F76-C3D4-4C89-997F-58D53A7AECB5,S:V445P
IGS-10285-CVDP-B4C52F76-C3D4-4C89-997F-58D53A7AECB5,S:V483-
IGS-10285-CVDP-B4C52F76-C3D4-4C89-997F-58D53A7AECB5,S:V70-
IGS-10285-CVDP-B4C52F76-C3D4-4C89-997F-58D53A7AECB5,S:Y144-
IGS-10285-CVDP-B5226372-4D4A-4F02-A683-2510BF61382A,S:A264D
IGS-10285-CVDP-B5226372-4D4A-4F02-A683-2510BF61382A,S:A27S
IGS-10285-CVDP-B5226372-4D4A-4F02-A683-2510BF61382A,S:A435S
IGS-10285-CVDP-B5226372-4D4A-4F02-A683-2510BF61382A,S:A570V
IGS-10285-CVDP-B5226372-4D4A-4F02-A683-2510BF61382A,S:A575S
IGS-10285-CVDP-B5226372-4D4A-4F02-A683-2510BF61382A,S:D405N
IGS-10285-CVDP-B5226372-4D4A-4F02-A683-2510BF61382A,S:D614G
IGS-10285-CVDP-B5226372-4D4A-4F02-A683-2510BF61382A,S:D796Y
IGS-10285-CVDP-B5226372-4D4A-4F02-A683-2510BF61382A,S:E484K
IGS-10285-CVDP-B5226372-4D4A-4F02-A683-2510BF61382A,S:E554K
IGS-10285-CVDP-B5226372-4D4A-4F02-A683-2510BF61382A,S:F157S
IGS-10285-CVDP-B5226372-4D4A-4F02-A683-2510BF61382A,S:F456L
IGS-10285-CVDP-B5226372-4D4A-4F02-A683-2510BF61382A,S:F486P
IGS-10285-CVDP-B5226372-4D4A-4F02-A683-2510BF61382A,S:F59S
IGS-10285-CVDP-B5226372-4D4A-4F02-A683-2510BF61382A,S:G142D
IGS-10285-CVDP-B5226372-4D4A-4F02-A683-2510BF61382A,S:G339H
IGS-10285-CVDP-B5226372-4D4A-4F02-A683-2510BF61382A,S:G446S
IGS-10285-CVDP-B5226372-4D4A-4F02-A683-2510BF61382A,S:H245N
IGS-10285-CVDP-B5226372-4D4A-4F02-A683-2510BF61382A,S:H655Y
IGS-10285-CVDP-B5226372-4D4A-4F02-A683-2510BF61382A,S:H69-
IGS-10285-CVDP-B5226372-4D4A-4F02-A683-2510BF61382A,S:I332V
IGS-10285-CVDP-B5226372-4D4A-4F02-A683-2510BF61382A,S:K356T
IGS-10285-CVDP-B5226372-4D4A-4F02-A683-2510BF61382A,S:K417N
IGS-10285-CVDP-B5226372-4D4A-4F02-A683-2510BF61382A,S:L212I
IGS-10285-CVDP-B5226372-4D4A-4F02-A683-2510BF61382A,S:L216F
IGS-10285-CVDP-B5226372-4D4A-4F02-A683-2510BF61382A,S:L24-
IGS-10285-CVDP-B5226372-4D4A-4F02-A683-2510BF61382A,S:L452W
IGS-10285-CVDP-B5226372-4D4A-4F02-A683-2510BF61382A,S:L455S
IGS-10285-CVDP-B5226372-4D4A-4F02-A683-2510BF61382A,S:N211-
IGS-10285-CVDP-B5226372-4D4A-4F02-A683-2510BF61382A,S:N440K
IGS-10285-CVDP-B5226372-4D4A-4F02-A683-2510BF61382A,S:N450D
IGS-10285-CVDP-B5226372-4D4A-4F02-A683-2510BF61382A,S:N460K
IGS-10285-CVDP-B5226372-4D4A-4F02-A683-2510BF61382A,S:N481R
IGS-10285-CVDP-B5226372-4D4A-4F02-A683-2510BF61382A,S:N50L
IGS-10285-CVDP-B5226372-4D4A-4F02-A683-2510BF61382A,S:N679K
IGS-10285-CVDP-B5226372-4D4A-4F02-A683-2510BF61382A,S:N764K
IGS-10285-CVDP-B5226372-4D4A-4F02-A683-2510BF61382A,S:N969K
IGS-10285-CVDP-B5226372-4D4A-4F02-A683-2510BF61382A,S:P1143L
IGS-10285-CVDP-B5226372-4D4A-4F02-A683-2510BF61382A,S:P25-
IGS-10285-CVDP-B5226372-4D4A-4F02-A683-2510BF61382A,S:P26-
IGS-10285-CVDP-B5226372-4D4A-4F02-A683-2510BF61382A,S:P621S
IGS-10285-CVDP-B5226372-4D4A-4F02-A683-2510BF61382A,S:P681R
IGS-10285-CVDP-B5226372-4D4A-4F02-A683-2510BF61382A,S:Q493E
IGS-10285-CVDP-B5226372-4D4A-4F02-A683-2510BF61382A,S:Q498R
IGS-10285-CVDP-B5226372-4D4A-4F02-A683-2510BF61382A,S:R158G
IGS-10285-CVDP-B5226372-4D4A-4F02-A683-2510BF61382A,S:R403K
IGS-10285-CVDP-B5226372-4D4A-4F02-A683-2510BF61382A,S:R408S
IGS-10285-CVDP-B5226372-4D4A-4F02-A683-2510BF61382A,S:S371F
IGS-10285-CVDP-B5226372-4D4A-4F02-A683-2510BF61382A,S:S373P
IGS-10285-CVDP-B5226372-4D4A-4F02-A683-2510BF61382A,S:S375F
IGS-10285-CVDP-B5226372-4D4A-4F02-A683-2510BF61382A,S:S477N
IGS-10285-CVDP-B5226372-4D4A-4F02-A683-2510BF61382A,S:S939F
IGS-10285-CVDP-B5226372-4D4A-4F02-A683-2510BF61382A,S:T19I
IGS-10285-CVDP-B5226372-4D4A-4F02-A683-2510BF61382A,S:T22N
IGS-10285-CVDP-B5226372-4D4A-4F02-A683-2510BF61382A,S:T376A
IGS-10285-CVDP-B5226372-4D4A-4F02-A683-2510BF61382A,S:T478K
IGS-10285-CVDP-B5226372-4D4A-4F02-A683-2510BF61382A,S:V1104L
IGS-10285-CVDP-B5226372-4D4A-4F02-A683-2510BF61382A,S:V127F
IGS-10285-CVDP-B5226372-4D4A-4F02-A683-2510BF61382A,S:V21T
IGS-10285-CVDP-B5226372-4D4A-4F02-A683-2510BF61382A,S:V445H
IGS-10285-CVDP-B5226372-4D4A-4F02-A683-2510BF61382A,S:V483-
IGS-10285-CVDP-B5226372-4D4A-4F02-A683-2510BF61382A,S:V70-
IGS-10285-CVDP-B5226372-4D4A-4F02-A683-2510BF61382A,S:Y144-
IGS-10285-CVDP-B6642A49-21F3-4C5F-9408-BB662FD6A042,S:A243-
IGS-10285-CVDP-B6642A49-21F3-4C5F-9408-BB662FD6A042,S:A348P
IGS-10285-CVDP-B6642A49-21F3-4C5F-9408-BB662FD6A042,S:A435S
IGS-10285-CVDP-B6642A49-21F3-4C5F-9408-BB662FD6A042,S:A575S
IGS-10285-CVDP-B6642A49-21F3-4C5F-9408-BB662FD6A042,S:A688D
IGS-10285-CVDP-B6642A49-21F3-4C5F-9408-BB662FD6A042,S:A852K
IGS-10285-CVDP-B6642A49-21F3-4C5F-9408-BB662FD6A042,S:C136-
IGS-10285-CVDP-B6642A49-21F3-4C5F-9408-BB662FD6A042,S:D1184E
IGS-10285-CVDP-B6642A49-21F3-4C5F-9408-BB662FD6A042,S:D138-
IGS-10285-CVDP-B6642A49-21F3-4C5F-9408-BB662FD6A042,S:D405N
IGS-10285-CVDP-B6642A49-21F3-4C5F-9408-BB662FD6A042,S:D614G
IGS-10285-CVDP-B6642A49-21F3-4C5F-9408-BB662FD6A042,S:D796Y
IGS-10285-CVDP-B6642A49-21F3-4C5F-9408-BB662FD6A042,S:E484K
IGS-10285-CVDP-B6642A49-21F3-4C5F-9408-BB662FD6A042,S:E554D
IGS-10285-CVDP-B6642A49-21F3-4C5F-9408-BB662FD6A042,S:E583D
IGS-10285-CVDP-B6642A49-21F3-4C5F-9408-BB662FD6A042,S:E654K
IGS-10285-CVDP-B6642A49-21F3-4C5F-9408-BB662FD6A042,S:F140-
IGS-10285-CVDP-B6642A49-21F3-4C5F-9408-BB662FD6A042,S:F157S
IGS-10285-CVDP-B6642A49-21F3-4C5F-9408-BB662FD6A042,S:G142-
IGS-10285-CVDP-B6642A49-21F3-4C5F-9408-BB662FD6A042,S:G339Y
IGS-10285-CVDP-B6642A49-21F3-4C5F-9408-BB662FD6A042,S:G446D
IGS-10285-CVDP-B6642A49-21F3-4C5F-9408-BB662FD6A042,S:G496S
IGS-10285-CVDP-B6642A49-21F3-4C5F-9408-BB662FD6A042,S:H146-
IGS-10285-CVDP-B6642A49-21F3-4C5F-9408-BB662FD6A042,S:H625R
IGS-10285-CVDP-B6642A49-21F3-4C5F-9408-BB662FD6A042,S:H655Y
IGS-10285-CVDP-B6642A49-21F3-4C5F-9408-BB662FD6A042,S:H69-
IGS-10285-CVDP-B6642A49-21F3-4C5F-9408-BB662FD6A042,S:I101T
IGS-10285-CVDP-B6642A49-21F3-4C5F-9408-BB662FD6A042,S:I326V
IGS-10285-CVDP-B6642A49-21F3-4C5F-9408-BB662FD6A042,S:K147-
IGS-10285-CVDP-B6642A49-21F3-4C5F-9408-BB662FD6A042,S:K187T
IGS-10285-CVDP-B6642A49-21F3-4C5F-9408-BB662FD6A042,S:K356T
IGS-10285-CVDP-B6642A49-21F3-4C5F-9408-BB662FD6A042,S:K417N
IGS-10285-CVDP-B6642A49-21F3-4C5F-9408-BB662FD6A042,S:K529N
IGS-10285-CVDP-B6642A49-21F3-4C5F-9408-BB662FD6A042,S:K679R
IGS-10285-CVDP-B6642A49-21F3-4C5F-9408-BB662FD6A042,S:K795T
IGS-10285-CVDP-B6642A49-21F3-4C5F-9408-BB662FD6A042,S:L141-
IGS-10285-CVDP-B6642A49-21F3-4C5F-9408-BB662FD6A042,S:L212I
IGS-10285-CVDP-B6642A49-21F3-4C5F-9408-BB662FD6A042,S:L242-
IGS-10285-CVDP-B6642A49-21F3-4C5F-9408-BB662FD6A042,S:L452W
IGS-10285-CVDP-B6642A49-21F3-4C5F-9408-BB662FD6A042,S:N137-
IGS-10285-CVDP-B6642A49-21F3-4C5F-9408-BB662FD6A042,S:N164K
IGS-10285-CVDP-B6642A49-21F3-4C5F-9408-BB662FD6A042,S:N211-
IGS-10285-CVDP-B6642A49-21F3-4C5F-9408-BB662FD6A042,S:N440R
IGS-10285-CVDP-B6642A49-21F3-4C5F-9408-BB662FD6A042,S:N460K
IGS-10285-CVDP-B6642A49-21F3-4C5F-9408-BB662FD6A042,S:N501Y
IGS-10285-CVDP-B6642A49-21F3-4C5F-9408-BB662FD6A042,S:N641K
IGS-10285-CVDP-B6642A49-21F3-4C5F-9408-BB662FD6A042,S:N67V
IGS-10285-CVDP-B6642A49-21F3-4C5F-9408-BB662FD6A042,S:N764K
IGS-10285-CVDP-B6642A49-21F3-4C5F-9408-BB662FD6A042,S:P139-
IGS-10285-CVDP-B6642A49-21F3-4C5F-9408-BB662FD6A042,S:P251S
IGS-10285-CVDP-B6642A49-21F3-4C5F-9408-BB662FD6A042,S:P26L
IGS-10285-CVDP-B6642A49-21F3-4C5F-9408-BB662FD6A042,S:P681H
IGS-10285-CVDP-B6642A49-21F3-4C5F-9408-BB662FD6A042,S:Q498R
IGS-10285-CVDP-B6642A49-21F3-4C5F-9408-BB662FD6A042,S:R21T
IGS-10285-CVDP-B6642A49-21F3-4C5F-9408-BB662FD6A042,S:R403K
IGS-10285-CVDP-B6642A49-21F3-4C5F-9408-BB662FD6A042,S:R408S
IGS-10285-CVDP-B6642A49-21F3-4C5F-9408-BB662FD6A042,S:S172F
IGS-10285-CVDP-B6642A49-21F3-4C5F-9408-BB662FD6A042,S:S371F
IGS-10285-CVDP-B6642A49-21F3-4C5F-9408-BB662FD6A042,S:S373P
IGS-10285-CVDP-B6642A49-21F3-4C5F-9408-BB662FD6A042,S:S375F
IGS-10285-CVDP-B6642A49-21F3-4C5F-9408-BB662FD6A042,S:S477N
IGS-10285-CVDP-B6642A49-21F3-4C5F-9408-BB662FD6A042,S:S704L
IGS-10285-CVDP-B6642A49-21F3-4C5F-9408-BB662FD6A042,S:S939F
IGS-10285-CVDP-B6642A49-21F3-4C5F-9408-BB662FD6A042,S:T478N
IGS-10285-CVDP-B6642A49-21F3-4C5F-9408-BB662FD6A042,S:T9L
IGS-10285-CVDP-B6642A49-21F3-4C5F-9408-BB662FD6A042,S:V143-
IGS-10285-CVDP-B6642A49-21F3-4C5F-9408-BB662FD6A042,S:V445A
IGS-10285-CVDP-B6642A49-21F3-4C5F-9408-BB662FD6A042,S:V642G
IGS-10285-CVDP-B6642A49-21F3-4C5F-9408-BB662FD6A042,S:V70-
IGS-10285-CVDP-B6642A49-21F3-4C5F-9408-BB662FD6A042,S:Y144-
IGS-10285-CVDP-B6642A49-21F3-4C5F-9408-BB662FD6A042,S:Y145-
IGS-10285-CVDP-C9275C6B-5A47-46A3-B148-422FA7E21B0D,S:A264D
IGS-10285-CVDP-C9275C6B-5A47-46A3-B148-422FA7E21B0D,S:A27S
IGS-10285-CVDP-C9275C6B-5A47-46A3-B148-422FA7E21B0D,S:A435S
IGS-10285-CVDP-C9275C6B-5A47-46A3-B148-422FA7E21B0D,S:A570V
IGS-10285-CVDP-C9275C6B-5A47-46A3-B148-422FA7E21B0D,S:D405N
IGS-10285-CVDP-C9275C6B-5A47-46A3-B148-422FA7E21B0D,S:D420N
IGS-10285-CVDP-C9275C6B-5A47-46A3-B148-422FA7E21B0D,S:D614G
IGS-10285-CVDP-C9275C6B-5A47-46A3-B148-422FA7E21B0D,S:D796Y
IGS-10285-CVDP-C9275C6B-5A47-46A3-B148-422FA7E21B0D,S:E484K
IGS-10285-CVDP-C9275C6B-5A47-46A3-B148-422FA7E21B0D,S:E554K
IGS-10285-CVDP-C9275C6B-5A47-46A3-B148-422FA7E21B0D,S:F157S
IGS-10285-CVDP-C9275C6B-5A47-46A3-B148-422FA7E21B0D,S:F456L
IGS-10285-CVDP-C9275C6B-5A47-46A3-B148-422FA7E21B0D,S:F486P
IGS-10285-CVDP-C9275C6B-5A47-46A3-B148-422FA7E21B0D,S:F59S
IGS-10285-CVDP-C9275C6B-5A47-46A3-B148-422FA7E21B0D,S:G142D
IGS-10285-CVDP-C9275C6B-5A47-46A3-B148-422FA7E21B0D,S:G184S
IGS-10285-CVDP-C9275C6B-5A47-46A3-B148-422FA7E21B0D,S:G339H
IGS-10285-CVDP-C9275C6B-5A47-46A3-B148-422FA7E21B0D,S:G446S
IGS-10285-CVDP-C9275C6B-5A47-46A3-B148-422FA7E21B0D,S:H245N
IGS-10285-CVDP-C9275C6B-5A47-46A3-B148-422FA7E21B0D,S:H655Y
IGS-10285-CVDP-C9275C6B-5A47-46A3-B148-422FA7E21B0D,S:H69-
IGS-10285-CVDP-C9275C6B-5A47-46A3-B148-422FA7E21B0D,S:I332V
IGS-10285-CVDP-C9275C6B-5A47-46A3-B148-422FA7E21B0D,S:K356T
IGS-10285-CVDP-C9275C6B-5A47-46A3-B148-422FA7E21B0D,S:K417N
IGS-10285-CVDP-C9275C6B-5A47-46A3-B148-422FA7E21B0D,S:L212I
IGS-10285-CVDP-C9275C6B-5A47-46A3-B148-422FA7E21B0D,S:L216F
IGS-10285-CVDP-C9275C6B-5A47-46A3-B148-422FA7E21B0D,S:L24-
IGS-10285-CVDP-C9275C6B-5A47-46A3-B148-422FA7E21B0D,S:L452W
IGS-10285-CVDP-C9275C6B-5A47-46A3-B148-422FA7E21B0D,S:L455S
IGS-10285-CVDP-C9275C6B-5A47-46A3-B148-422FA7E21B0D,S:N211-
IGS-10285-CVDP-C9275C6B-5A47-46A3-B148-422FA7E21B0D,S:N440K
IGS-10285-CVDP-C9275C6B-5A47-46A3-B148-422FA7E21B0D,S:N450D
IGS-10285-CVDP-C9275C6B-5A47-46A3-B148-422FA7E21B0D,S:N460K
IGS-10285-CVDP-C9275C6B-5A47-46A3-B148-422FA7E21B0D,S:N481K
IGS-10285-CVDP-C9275C6B-5A47-46A3-B148-422FA7E21B0D,S:N50L
IGS-10285-CVDP-C9275C6B-5A47-46A3-B148-422FA7E21B0D,S:N679K
IGS-10285-CVDP-C9275C6B-5A47-46A3-B148-422FA7E21B0D,S:N764K
IGS-10285-CVDP-C9275C6B-5A47-46A3-B148-422FA7E21B0D,S:N969K
IGS-10285-CVDP-C9275C6B-5A47-46A3-B148-422FA7E21B0D,S:P1143L
IGS-10285-CVDP-C9275C6B-5A47-46A3-B148-422FA7E21B0D,S:P25-
IGS-10285-CVDP-C9275C6B-5A47-46A3-B148-422FA7E21B0D,S:P26-
IGS-10285-CVDP-C9275C6B-5A47-46A3-B148-422FA7E21B0D,S:P621S
IGS-10285-CVDP-C9275C6B-5A47-46A3-B148-422FA7E21B0D,S:P681R
IGS-10285-CVDP-C9275C6B-5A47-46A3-B148-422FA7E21B0D,S:Q493E
IGS-10285-CVDP-C9275C6B-5A47-46A3-B148-422FA7E21B0D,S:Q498R
IGS-10285-CVDP-C9275C6B-5A47-46A3-B148-422FA7E21B0D,S:R158G
IGS-10285-CVDP-C9275C6B-5A47-46A3-B148-422FA7E21B0D,S:R403K
IGS-10285-CVDP-C9275C6B-5A47-46A3-B148-422FA7E21B0D,S:R408S
IGS-10285-CVDP-C9275C6B-5A47-46A3-B148-422FA7E21B0D,S:S371F
IGS-10285-CVDP-C9275C6B-5A47-46A3-B148-422FA7E21B0D,S:S373P
IGS-10285-CVDP-C9275C6B-5A47-46A3-B148-422FA7E21B0D,S:S375F
IGS-10285-CVDP-C9275C6B-5A47-46A3-B148-422FA7E21B0D,S:S477N
IGS-10285-CVDP-C9275C6B-5A47-46A3-B148-422FA7E21B0D,S:S939F
IGS-10285-CVDP-C9275C6B-5A47-46A3-B148-422FA7E21B0D,S:T19I
IGS-10285-CVDP-C9275C6B-5A47-46A3-B148-422FA7E21B0D,S:T22N
IGS-10285-CVDP-C9275C6B-5A47-46A3-B148-422FA7E21B0D,S:T299I
IGS-10285-CVDP-C9275C6B-5A47-46A3-B148-422FA7E21B0D,S:T376A
IGS-10285-CVDP-C9275C6B-5A47-46A3-B148-422FA7E21B0D,S:V127F
IGS-10285-CVDP-C9275C6B-5A47-46A3-B148-422FA7E21B0D,S:V21T
IGS-10285-CVDP-C9275C6B-5A47-46A3-B148-422FA7E21B0D,S:V445P
IGS-10285-CVDP-C9275C6B-5A47-46A3-B148-422FA7E21B0D,S:V483-
IGS-10285-CVDP-C9275C6B-5A47-46A3-B148-422FA7E21B0D,S:V70-
IGS-10285-CVDP-C9275C6B-5A47-46A3-B148-422FA7E21B0D,S:Y144-
IGS-10285-CVDP-CE3F8739-E45C-4CDC-A17C-7465CFAEF1E3,S:A264D
IGS-10285-CVDP-CE3F8739-E45C-4CDC-A17C-7465CFAEF1E3,S:A27S
IGS-10285-CVDP-CE3F8739-E45C-4CDC-A17C-7465CFAEF1E3,S:A570V
IGS-10285-CVDP-CE3F8739-E45C-4CDC-A17C-7465CFAEF1E3,S:D405N
IGS-10285-CVDP-CE3F8739-E45C-4CDC-A17C-7465CFAEF1E3,S:D614G
IGS-10285-CVDP-CE3F8739-E45C-4CDC-A17C-7465CFAEF1E3,S:D796Y
IGS-10285-CVDP-CE3F8739-E45C-4CDC-A17C-7465CFAEF1E3,S:E484K
IGS-10285-CVDP-CE3F8739-E45C-4CDC-A17C-7465CFAEF1E3,S:E554K
IGS-10285-CVDP-CE3F8739-E45C-4CDC-A17C-7465CFAEF1E3,S:F157S
IGS-10285-CVDP-CE3F8739-E45C-4CDC-A17C-7465CFAEF1E3,S:F456L
IGS-10285-CVDP-CE3F8739-E45C-4CDC-A17C-7465CFAEF1E3,S:F486P
IGS-10285-CVDP-CE3F8739-E45C-4CDC-A17C-7465CFAEF1E3,S:G142D
IGS-10285-CVDP-CE3F8739-E45C-4CDC-A17C-7465CFAEF1E3,S:G339H
IGS-10285-CVDP-CE3F8739-E45C-4CDC-A17C-7465CFAEF1E3,S:G446S
IGS-10285-CVDP-CE3F8739-E45C-4CDC-A17C-7465CFAEF1E3,S:H245N
IGS-10285-CVDP-CE3F8739-E45C-4CDC-A17C-7465CFAEF1E3,S:H655Y
IGS-10285-CVDP-CE3F8739-E45C-4CDC-A17C-7465CFAEF1E3,S:H69-
IGS-10285-CVDP-CE3F8739-E45C-4CDC-A17C-7465CFAEF1E3,S:I332V
IGS-10285-CVDP-CE3F8739-E45C-4CDC-A17C-7465CFAEF1E3,S:K182R
IGS-10285-CVDP-CE3F8739-E45C-4CDC-A17C-7465CFAEF1E3,S:K356T
IGS-10285-CVDP-CE3F8739-E45C-4CDC-A17C-7465CFAEF1E3,S:K417N
IGS-10285-CVDP-CE3F8739-E45C-4CDC-A17C-7465CFAEF1E3,S:K444R
IGS-10285-CVDP-CE3F8739-E45C-4CDC-A17C-7465CFAEF1E3,S:L212I
IGS-10285-CVDP-CE3F8739-E45C-4CDC-A17C-7465CFAEF1E3,S:L216F
IGS-10285-CVDP-CE3F8739-E45C-4CDC-A17C-7465CFAEF1E3,S:L24-
IGS-10285-CVDP-CE3F8739-E45C-4CDC-A17C-7465CFAEF1E3,S:L452W
IGS-10285-CVDP-CE3F8739-E45C-4CDC-A17C-7465CFAEF1E3,S:L455S
IGS-10285-CVDP-CE3F8739-E45C-4CDC-A17C-7465CFAEF1E3,S:N211-
IGS-10285-CVDP-CE3F8739-E45C-4CDC-A17C-7465CFAEF1E3,S:N440K
IGS-10285-CVDP-CE3F8739-E45C-4CDC-A17C-7465CFAEF1E3,S:N450D
IGS-10285-CVDP-CE3F8739-E45C-4CDC-A17C-7465CFAEF1E3,S:N460K
IGS-10285-CVDP-CE3F8739-E45C-4CDC-A17C-7465CFAEF1E3,S:N481K
IGS-10285-CVDP-CE3F8739-E45C-4CDC-A17C-7465CFAEF1E3,S:N487D
IGS-10285-CVDP-CE3F8739-E45C-4CDC-A17C-7465CFAEF1E3,S:N50L
IGS-10285-CVDP-CE3F8739-E45C-4CDC-A17C-7465CFAEF1E3,S:N679K
IGS-10285-CVDP-CE3F8739-E45C-4CDC-A17C-7465CFAEF1E3,S:N764K
IGS-10285-CVDP-CE3F8739-E45C-4CDC-A17C-7465CFAEF1E3,S:N969K
IGS-10285-CVDP-CE3F8739-E45C-4CDC-A17C-7465CFAEF1E3,S:P1143L
IGS-10285-CVDP-CE3F8739-E45C-4CDC-A17C-7465CFAEF1E3,S:P25-
IGS-10285-CVDP-CE3F8739-E45C-4CDC-A17C-7465CFAEF1E3,S:P26-
IGS-10285-CVDP-CE3F8739-E45C-4CDC-A17C-7465CFAEF1E3,S:P621S
IGS-10285-CVDP-CE3F8739-E45C-4CDC-A17C-7465CFAEF1E3,S:P681R
IGS-10285-CVDP-CE3F8739-E45C-4CDC-A17C-7465CFAEF1E3,S:Q493E
IGS-10285-CVDP-CE3F8739-E45C-4CDC-A17C-7465CFAEF1E3,S:Q498R
IGS-10285-CVDP-CE3F8739-E45C-4CDC-A17C-7465CFAEF1E3,S:R158G
IGS-10285-CVDP-CE3F8739-E45C-4CDC-A17C-7465CFAEF1E3,S:R190S
IGS-10285-CVDP-CE3F8739-E45C-4CDC-A17C-7465CFAEF1E3,S:R346T
IGS-10285-CVDP-CE3F8739-E45C-4CDC-A17C-7465CFAEF1E3,S:R403K
IGS-10285-CVDP-CE3F8739-E45C-4CDC-A17C-7465CFAEF1E3,S:R408S
IGS-10285-CVDP-CE3F8739-E45C-4CDC-A17C-7465CFAEF1E3,S:R765L
IGS-10285-CVDP-CE3F8739-E45C-4CDC-A17C-7465CFAEF1E3,S:S31P
IGS-10285-CVDP-CE3F8739-E45C-4CDC-A17C-7465CFAEF1E3,S:S371F
IGS-10285-CVDP-CE3F8739-E45C-4CDC-A17C-7465CFAEF1E3,S:S373P
IGS-10285-CVDP-CE3F8739-E45C-4CDC-A17C-7465CFAEF1E3,S:S375F
IGS-10285-CVDP-CE3F8739-E45C-4CDC-A17C-7465CFAEF1E3,S:S477N
IGS-10285-CVDP-CE3F8739-E45C-4CDC-A17C-7465CFAEF1E3,S:S939F
IGS-10285-CVDP-CE3F8739-E45C-4CDC-A17C-7465CFAEF1E3,S:T19I
IGS-10285-CVDP-CE3F8739-E45C-4CDC-A17C-7465CFAEF1E3,S:T22N
IGS-10285-CVDP-CE3F8739-E45C-4CDC-A17C-7465CFAEF1E3,S:T376A
IGS-10285-CVDP-CE3F8739-E45C-4CDC-A17C-7465CFAEF1E3,S:T478K
IGS-10285-CVDP-CE3F8739-E45C-4CDC-A17C-7465CFAEF1E3,S:T572I
IGS-10285-CVDP-CE3F8739-E45C-4CDC-A17C-7465CFAEF1E3,S:V127F
IGS-10285-CVDP-CE3F8739-E45C-4CDC-A17C-7465CFAEF1E3,S:V21T
IGS-10285-CVDP-CE3F8739-E45C-4CDC-A17C-7465CFAEF1E3,S:V445R
IGS-10285-CVDP-CE3F8739-E45C-4CDC-A17C-7465CFAEF1E3,S:V483-
IGS-10285-CVDP-CE3F8739-E45C-4CDC-A17C-7465CFAEF1E3,S:V70-
IGS-10285-CVDP-CE3F8739-E45C-4CDC-A17C-7465CFAEF1E3,S:Y144-
IGS-10285-CVDP-D1D94C78-D067-4DF8-8711-9A22F71CD17E,S:A243-
IGS-10285-CVDP-D1D94C78-D067-4DF8-8711-9A22F71CD17E,S:A264D
IGS-10285-CVDP-D1D94C78-D067-4DF8-8711-9A22F71CD17E,S:A27S
IGS-10285-CVDP-D1D94C78-D067-4DF8-8711-9A22F71CD17E,S:A570V
IGS-10285-CVDP-D1D94C78-D067-4DF8-8711-9A22F71CD17E,S:D405N
IGS-10285-CVDP-D1D94C78-D067-4DF8-8711-9A22F71CD17E,S:D614G
IGS-10285-CVDP-D1D94C78-D067-4DF8-8711-9A22F71CD17E,S:D796Y
IGS-10285-CVDP-D1D94C78-D067-4DF8-8711-9A22F71CD17E,S:E484K
IGS-10285-CVDP-D1D94C78-D067-4DF8-8711-9A22F71CD17E,S:E554K
IGS-10285-CVDP-D1D94C78-D067-4DF8-8711-9A22F71CD17E,S:F157S
IGS-10285-CVDP-D1D94C78-D067-4DF8-8711-9A22F71CD17E,S:F186L
IGS-10285-CVDP-D1D94C78-D067-4DF8-8711-9A22F71CD17E,S:F456L
IGS-10285-CVDP-D1D94C78-D067-4DF8-8711-9A22F71CD17E,S:F486P
IGS-10285-CVDP-D1D94C78-D067-4DF8-8711-9A22F71CD17E,S:G142D
IGS-10285-CVDP-D1D94C78-D067-4DF8-8711-9A22F71CD17E,S:G339H
IGS-10285-CVDP-D1D94C78-D067-4DF8-8711-9A22F71CD17E,S:G446S
IGS-10285-CVDP-D1D94C78-D067-4DF8-8711-9A22F71CD17E,S:H245N
IGS-10285-CVDP-D1D94C78-D067-4DF8-8711-9A22F71CD17E,S:H655Y
IGS-10285-CVDP-D1D94C78-D067-4DF8-8711-9A22F71CD17E,S:H69-
IGS-10285-CVDP-D1D94C78-D067-4DF8-8711-9A22F71CD17E,S:I332V
IGS-10285-CVDP-D1D94C78-D067-4DF8-8711-9A22F71CD17E,S:K1086R
IGS-10285-CVDP-D1D94C78-D067-4DF8-8711-9A22F71CD17E,S:K356T
IGS-10285-CVDP-D1D94C78-D067-4DF8-8711-9A22F71CD17E,S:K417N
IGS-10285-CVDP-D1D94C78-D067-4DF8-8711-9A22F71CD17E,S:L212I
IGS-10285-CVDP-D1D94C78-D067-4DF8-8711-9A22F71CD17E,S:L216F
IGS-10285-CVDP-D1D94C78-D067-4DF8-8711-9A22F71CD17E,S:L24-
IGS-10285-CVDP-D1D94C78-D067-4DF8-8711-9A22F71CD17E,S:L244-
IGS-10285-CVDP-D1D94C78-D067-4DF8-8711-9A22F71CD17E,S:L452W
IGS-10285-CVDP-D1D94C78-D067-4DF8-8711-9A22F71CD17E,S:L455S
IGS-10285-CVDP-D1D94C78-D067-4DF8-8711-9A22F71CD17E,S:N211-
IGS-10285-CVDP-D1D94C78-D067-4DF8-8711-9A22F71CD17E,S:N440K
IGS-10285-CVDP-D1D94C78-D067-4DF8-8711-9A22F71CD17E,S:N450D
IGS-10285-CVDP-D1D94C78-D067-4DF8-8711-9A22F71CD17E,S:N460K
IGS-10285-CVDP-D1D94C78-D067-4DF8-8711-9A22F71CD17E,S:N481K
IGS-10285-CVDP-D1D94C78-D067-4DF8-8711-9A22F71CD17E,S:N50L
IGS-10285-CVDP-D1D94C78-D067-4DF8-8711-9A22F71CD17E,S:N679K
IGS-10285-CVDP-D1D94C78-D067-4DF8-8711-9A22F71CD17E,S:N764K
IGS-10285-CVDP-D1D94C78-D067-4DF8-8711-9A22F71CD17E,S:N969K
IGS-10285-CVDP-D1D94C78-D067-4DF8-8711-9A22F71CD17E,S:P1143L
IGS-10285-CVDP-D1D94C78-D067-4DF8-8711-9A22F71CD17E,S:P25-
IGS-10285-CVDP-D1D94C78-D067-4DF8-8711-9A22F71CD17E,S:P26-
IGS-10285-CVDP-D1D94C78-D067-4DF8-8711-9A22F71CD17E,S:P621S
IGS-10285-CVDP-D1D94C78-D067-4DF8-8711-9A22F71CD17E,S:P681R
IGS-10285-CVDP-D1D94C78-D067-4DF8-8711-9A22F71CD17E,S:Q493E
IGS-10285-CVDP-D1D94C78-D067-4DF8-8711-9A22F71CD17E,S:Q498R
IGS-10285-CVDP-D1D94C78-D067-4DF8-8711-9A22F71CD17E,S:R158G
IGS-10285-CVDP-D1D94C78-D067-4DF8-8711-9A22F71CD17E,S:R190S
IGS-10285-CVDP-D1D94C78-D067-4DF8-8711-9A22F71CD17E,S:R346T
IGS-10285-CVDP-D1D94C78-D067-4DF8-8711-9A22F71CD17E,S:R403K
IGS-10285-CVDP-D1D94C78-D067-4DF8-8711-9A22F71CD17E,S:R408S
IGS-10285-CVDP-D1D94C78-D067-4DF8-8711-9A22F71CD17E,S:S31-
IGS-10285-CVDP-D1D94C78-D067-4DF8-8711-9A22F71CD17E,S:S371F
IGS-10285-CVDP-D1D94C78-D067-4DF8-8711-9A22F71CD17E,S:S373P
IGS-10285-CVDP-D1D94C78-D067-4DF8-8711-9A22F71CD17E,S:S375F
IGS-10285-CVDP-D1D94C78-D067-4DF8-8711-9A22F71CD17E,S:S477N
IGS-10285-CVDP-D1D94C78-D067-4DF8-8711-9A22F71CD17E,S:S939F
IGS-10285-CVDP-D1D94C78-D067-4DF8-8711-9A22F71CD17E,S:T19I
IGS-10285-CVDP-D1D94C78-D067-4DF8-8711-9A22F71CD17E,S:T22N
IGS-10285-CVDP-D1D94C78-D067-4DF8-8711-9A22F71CD17E,S:T376A
IGS-10285-CVDP-D1D94C78-D067-4DF8-8711-9A22F71CD17E,S:T478K
IGS-10285-CVDP-D1D94C78-D067-4DF8-8711-9A22F71CD17E,S:V1104L
IGS-10285-CVDP-D1D94C78-D067-4DF8-8711-9A22F71CD17E,S:V127F
IGS-10285-CVDP-D1D94C78-D067-4DF8-8711-9A22F71CD17E,S:V21T
IGS-10285-CVDP-D1D94C78-D067-4DF8-8711-9A22F71CD17E,S:V445R
IGS-10285-CVDP-D1D94C78-D067-4DF8-8711-9A22F71CD17E,S:V483-
IGS-10285-CVDP-D1D94C78-D067-4DF8-8711-9A22F71CD17E,S:V70-
IGS-10285-CVDP-D1D94C78-D067-4DF8-8711-9A22F71CD17E,S:Y144-
IGS-10285-CVDP-D2612724-4559-4937-8B51-9151821DFF15,S:A222S
IGS-10285-CVDP-D2612724-4559-4937-8B51-9151821DFF15,S:A243-
IGS-10285-CVDP-D2612724-4559-4937-8B51-9151821DFF15,S:A348P
IGS-10285-CVDP-D2612724-4559-4937-8B51-9151821DFF15,S:A435S
IGS-10285-CVDP-D2612724-4559-4937-8B51-9151821DFF15,S:A575S
IGS-10285-CVDP-D2612724-4559-4937-8B51-9151821DFF15,S:A688D
IGS-10285-CVDP-D2612724-4559-4937-8B51-9151821DFF15,S:A852K
IGS-10285-CVDP-D2612724-4559-4937-8B51-9151821DFF15,S:C136-
IGS-10285-CVDP-D2612724-4559-4937-8B51-9151821DFF15,S:D1184E
IGS-10285-CVDP-D2612724-4559-4937-8B51-9151821DFF15,S:D138-
IGS-10285-CVDP-D2612724-4559-4937-8B51-9151821DFF15,S:D405N
IGS-10285-CVDP-D2612724-4559-4937-8B51-9151821DFF15,S:D614G
IGS-10285-CVDP-D2612724-4559-4937-8B51-9151821DFF15,S:D796Y
IGS-10285-CVDP-D2612724-4559-4937-8B51-9151821DFF15,S:E484K
IGS-10285-CVDP-D2612724-4559-4937-8B51-9151821DFF15,S:E554D
IGS-10285-CVDP-D2612724-4559-4937-8B51-9151821DFF15,S:E583D
IGS-10285-CVDP-D2612724-4559-4937-8B51-9151821DFF15,S:E654K
IGS-10285-CVDP-D2612724-4559-4937-8B51-9151821DFF15,S:F140-
IGS-10285-CVDP-D2612724-4559-4937-8B51-9151821DFF15,S:F157S
IGS-10285-CVDP-D2612724-4559-4937-8B51-9151821DFF15,S:G142-
IGS-10285-CVDP-D2612724-4559-4937-8B51-9151821DFF15,S:G339Y
IGS-10285-CVDP-D2612724-4559-4937-8B51-9151821DFF15,S:G446D
IGS-10285-CVDP-D2612724-4559-4937-8B51-9151821DFF15,S:G496S
IGS-10285-CVDP-D2612724-4559-4937-8B51-9151821DFF15,S:H146-
IGS-10285-CVDP-D2612724-4559-4937-8B51-9151821DFF15,S:H625R
IGS-10285-CVDP-D2612724-4559-4937-8B51-9151821DFF15,S:H655Y
IGS-10285-CVDP-D2612724-4559-4937-8B51-9151821DFF15,S:H69-
IGS-10285-CVDP-D2612724-4559-4937-8B51-9151821DFF15,S:I101T
IGS-10285-CVDP-D2612724-4559-4937-8B51-9151821DFF15,S:I326V
IGS-10285-CVDP-D2612724-4559-4937-8B51-9151821DFF15,S:K147-
IGS-10285-CVDP-D2612724-4559-4937-8B51-9151821DFF15,S:K187T
IGS-10285-CVDP-D2612724-4559-4937-8B51-9151821DFF15,S:K356T
IGS-10285-CVDP-D2612724-4559-4937-8B51-9151821DFF15,S:K417N
IGS-10285-CVDP-D2612724-4559-4937-8B51-9151821DFF15,S:K529N
IGS-10285-CVDP-D2612724-4559-4937-8B51-9151821DFF15,S:K679R
IGS-10285-CVDP-D2612724-4559-4937-8B51-9151821DFF15,S:K795T
IGS-10285-CVDP-D2612724-4559-4937-8B51-9151821DFF15,S:L141-
IGS-10285-CVDP-D2612724-4559-4937-8B51-9151821DFF15,S:L212I
IGS-10285-CVDP-D2612724-4559-4937-8B51-9151821DFF15,S:L242-
IGS-10285-CVDP-D2612724-4559-4937-8B51-9151821DFF15,S:L452W
IGS-10285-CVDP-D2612724-4559-4937-8B51-9151821DFF15,S:N137-
IGS-10285-CVDP-D2612724-4559-4937-8B51-9151821DFF15,S:N164K
IGS-10285-CVDP-D2612724-4559-4937-8B51-9151821DFF15,S:N211-
IGS-10285-CVDP-D2612724-4559-4937-8B51-9151821DFF15,S:N440R
IGS-10285-CVDP-D2612724-4559-4937-8B51-9151821DFF15,S:N460K
IGS-10285-CVDP-D2612724-4559-4937-8B51-9151821DFF15,S:N501Y
IGS-10285-CVDP-D2612724-4559-4937-8B51-9151821DFF15,S:N641K
IGS-10285-CVDP-D2612724-4559-4937-8B51-9151821DFF15,S:N67V
IGS-10285-CVDP-D2612724-4559-4937-8B51-9151821DFF15,S:N764K
IGS-10285-CVDP-D2612724-4559-4937-8B51-9151821DFF15,S:P139-
IGS-10285-CVDP-D2612724-4559-4937-8B51-9151821DFF15,S:P251S
IGS-10285-CVDP-D2612724-4559-4937-8B51-9151821DFF15,S:P26L
IGS-10285-CVDP-D2612724-4559-4937-8B51-9151821DFF15,S:P681H
IGS-10285-CVDP-D2612724-4559-4937-8B51-9151821DFF15,S:Q498R
IGS-10285-CVDP-D2612724-4559-4937-8B51-9151821DFF15,S:R21T
IGS-10285-CVDP-D2612724-4559-4937-8B51-9151821DFF15,S:R403K
IGS-10285-CVDP-D2612724-4559-4937-8B51-9151821DFF15,S:R408S
IGS-10285-CVDP-D2612724-4559-4937-8B51-9151821DFF15,S:S172F
IGS-10285-CVDP-D2612724-4559-4937-8B51-9151821DFF15,S:S371F
IGS-10285-CVDP-D2612724-4559-4937-8B51-9151821DFF15,S:S373P
IGS-10285-CVDP-D2612724-4559-4937-8B51-9151821DFF15,S:S375F
IGS-10285-CVDP-D2612724-4559-4937-8B51-9151821DFF15,S:S477N
IGS-10285-CVDP-D2612724-4559-4937-8B51-9151821DFF15,S:S704L
IGS-10285-CVDP-D2612724-4559-4937-8B51-9151821DFF15,S:S939F
IGS-10285-CVDP-D2612724-4559-4937-8B51-9151821DFF15,S:T478N
IGS-10285-CVDP-D2612724-4559-4937-8B51-9151821DFF15,S:T9L
IGS-10285-CVDP-D2612724-4559-4937-8B51-9151821DFF15,S:V143-
IGS-10285-CVDP-D2612724-4559-4937-8B51-9151821DFF15,S:V445A
IGS-10285-CVDP-D2612724-4559-4937-8B51-9151821DFF15,S:V642G
IGS-10285-CVDP-D2612724-4559-4937-8B51-9151821DFF15,S:V70-
IGS-10285-CVDP-D2612724-4559-4937-8B51-9151821DFF15,S:Y144-
IGS-10285-CVDP-D2612724-4559-4937-8B51-9151821DFF15,S:Y145-
IGS-10285-CVDP-D91AC4C7-7341-405D-B14E-3FC2439D7B20,S:A264D
IGS-10285-CVDP-D91AC4C7-7341-405D-B14E-3FC2439D7B20,S:A27S
IGS-10285-CVDP-D91AC4C7-7341-405D-B14E-3FC2439D7B20,S:A570V
IGS-10285-CVDP-D91AC4C7-7341-405D-B14E-3FC2439D7B20,S:D405N
IGS-10285-CVDP-D91AC4C7-7341-405D-B14E-3FC2439D7B20,S:D614G
IGS-10285-CVDP-D91AC4C7-7341-405D-B14E-3FC2439D7B20,S:D796Y
IGS-10285-CVDP-D91AC4C7-7341-405D-B14E-3FC2439D7B20,S:E484K
IGS-10285-CVDP-D91AC4C7-7341-405D-B14E-3FC2439D7B20,S:E554K
IGS-10285-CVDP-D91AC4C7-7341-405D-B14E-3FC2439D7B20,S:F157S
IGS-10285-CVDP-D91AC4C7-7341-405D-B14E-3FC2439D7B20,S:F456L
IGS-10285-CVDP-D91AC4C7-7341-405D-B14E-3FC2439D7B20,S:F486P
IGS-10285-CVDP-D91AC4C7-7341-405D-B14E-3FC2439D7B20,S:G142D
IGS-10285-CVDP-D91AC4C7-7341-405D-B14E-3FC2439D7B20,S:G339H
IGS-10285-CVDP-D91AC4C7-7341-405D-B14E-3FC2439D7B20,S:G446S
IGS-10285-CVDP-D91AC4C7-7341-405D-B14E-3FC2439D7B20,S:H245N
IGS-10285-CVDP-D91AC4C7-7341-405D-B14E-3FC2439D7B20,S:H655Y
IGS-10285-CVDP-D91AC4C7-7341-405D-B14E-3FC2439D7B20,S:H69-
IGS-10285-CVDP-D91AC4C7-7341-405D-B14E-3FC2439D7B20,S:I332V
IGS-10285-CVDP-D91AC4C7-7341-405D-B14E-3FC2439D7B20,S:K182R
IGS-10285-CVDP-D91AC4C7-7341-405D-B14E-3FC2439D7B20,S:K356T
IGS-10285-CVDP-D91AC4C7-7341-405D-B14E-3FC2439D7B20,S:K417N
IGS-10285-CVDP-D91AC4C7-7341-405D-B14E-3FC2439D7B20,S:K444R
IGS-10285-CVDP-D91AC4C7-7341-405D-B14E-3FC2439D7B20,S:L212I
IGS-10285-CVDP-D91AC4C7-7341-405D-B14E-3FC2439D7B20,S:L216F
IGS-10285-CVDP-D91AC4C7-7341-405D-B14E-3FC2439D7B20,S:L24-
IGS-10285-CVDP-D91AC4C7-7341-405D-B14E-3FC2439D7B20,S:L452W
IGS-10285-CVDP-D91AC4C7-7341-405D-B14E-3FC2439D7B20,S:L455S
IGS-10285-CVDP-D91AC4C7-7341-405D-B14E-3FC2439D7B20,S:N211-
IGS-10285-CVDP-D91AC4C7-7341-405D-B14E-3FC2439D7B20,S:N440K
IGS-10285-CVDP-D91AC4C7-7341-405D-B14E-3FC2439D7B20,S:N450D
IGS-10285-CVDP-D91AC4C7-7341-405D-B14E-3FC2439D7B20,S:N460K
IGS-10285-CVDP-D91AC4C7-7341-405D-B14E-3FC2439D7B20,S:N481K
IGS-10285-CVDP-D91AC4C7-7341-405D-B14E-3FC2439D7B20,S:N487D
IGS-10285-CVDP-D91AC4C7-7341-405D-B14E-3FC2439D7B20,S:N50L
IGS-10285-CVDP-D91AC4C7-7341-405D-B14E-3FC2439D7B20,S:N679K
IGS-10285-CVDP-D91AC4C7-7341-405D-B14E-3FC2439D7B20,S:N764K
IGS-10285-CVDP-D91AC4C7-7341-405D-B14E-3FC2439D7B20,S:N969K
IGS-10285-CVDP-D91AC4C7-7341-405D-B14E-3FC2439D7B20,S:P1143L
IGS-10285-CVDP-D91AC4C7-7341-405D-B14E-3FC2439D7B20,S:P25-
IGS-10285-CVDP-D91AC4C7-7341-405D-B14E-3FC2439D7B20,S:P26-
IGS-10285-CVDP-D91AC4C7-7341-405D-B14E-3FC2439D7B20,S:P621S
IGS-10285-CVDP-D91AC4C7-7341-405D-B14E-3FC2439D7B20,S:P681R
IGS-10285-CVDP-D91AC4C7-7341-405D-B14E-3FC2439D7B20,S:Q493E
IGS-10285-CVDP-D91AC4C7-7341-405D-B14E-3FC2439D7B20,S:Q498R
IGS-10285-CVDP-D91AC4C7-7341-405D-B14E-3FC2439D7B20,S:R158G
IGS-10285-CVDP-D91AC4C7-7341-405D-B14E-3FC2439D7B20,S:R190S
IGS-10285-CVDP-D91AC4C7-7341-405D-B14E-3FC2439D7B20,S:R346T
IGS-10285-CVDP-D91AC4C7-7341-405D-B14E-3FC2439D7B20,S:R403K
IGS-10285-CVDP-D91AC4C7-7341-405D-B14E-3FC2439D7B20,S:R408S
IGS-10285-CVDP-D91AC4C7-7341-405D-B14E-3FC2439D7B20,S:S31P
IGS-10285-CVDP-D91AC4C7-7341-405D-B14E-3FC2439D7B20,S:S371F
IGS-10285-CVDP-D91AC4C7-7341-405D-B14E-3FC2439D7B20,S:S373P
IGS-10285-CVDP-D91AC4C7-7341-405D-B14E-3FC2439D7B20,S:S375F
IGS-10285-CVDP-D91AC4C7-7341-405D-B14E-3FC2439D7B20,S:S477N
IGS-10285-CVDP-D91AC4C7-7341-405D-B14E-3FC2439D7B20,S:S939F
IGS-10285-CVDP-D91AC4C7-7341-405D-B14E-3FC2439D7B20,S:T19I
IGS-10285-CVDP-D91AC4C7-7341-405D-B14E-3FC2439D7B20,S:T22N
IGS-10285-CVDP-D91AC4C7-7341-405D-B14E-3FC2439D7B20,S:T376A
IGS-10285-CVDP-D91AC4C7-7341-405D-B14E-3FC2439D7B20,S:T478K
IGS-10285-CVDP-D91AC4C7-7341-405D-B14E-3FC2439D7B20,S:T572I
IGS-10285-CVDP-D91AC4C7-7341-405D-B14E-3FC2439D7B20,S:V127F
IGS-10285-CVDP-D91AC4C7-7341-405D-B14E-3FC2439D7B20,S:V21T
IGS-10285-CVDP-D91AC4C7-7341-405D-B14E-3FC2439D7B20,S:V445R
IGS-10285-CVDP-D91AC4C7-7341-405D-B14E-3FC2439D7B20,S:V483-
IGS-10285-CVDP-D91AC4C7-7341-405D-B14E-3FC2439D7B20,S:V70-
IGS-10285-CVDP-D91AC4C7-7341-405D-B14E-3FC2439D7B20,S:Y144-
IGS-10285-CVDP-E4FC8ED8-345E-4E58-8C9D-E1F88BEBD9CA,S:A264D
IGS-10285-CVDP-E4FC8ED8-345E-4E58-8C9D-E1F88BEBD9CA,S:A27S
IGS-10285-CVDP-E4FC8ED8-345E-4E58-8C9D-E1F88BEBD9CA,S:A570V
IGS-10285-CVDP-E4FC8ED8-345E-4E58-8C9D-E1F88BEBD9CA,S:D405N
IGS-10285-CVDP-E4FC8ED8-345E-4E58-8C9D-E1F88BEBD9CA,S:D614G
IGS-10285-CVDP-E4FC8ED8-345E-4E58-8C9D-E1F88BEBD9CA,S:D796Y
IGS-10285-CVDP-E4FC8ED8-345E-4E58-8C9D-E1F88BEBD9CA,S:E484K
IGS-10285-CVDP-E4FC8ED8-345E-4E58-8C9D-E1F88BEBD9CA,S:E554K
IGS-10285-CVDP-E4FC8ED8-345E-4E58-8C9D-E1F88BEBD9CA,S:F157S
IGS-10285-CVDP-E4FC8ED8-345E-4E58-8C9D-E1F88BEBD9CA,S:F456L
IGS-10285-CVDP-E4FC8ED8-345E-4E58-8C9D-E1F88BEBD9CA,S:F486P
IGS-10285-CVDP-E4FC8ED8-345E-4E58-8C9D-E1F88BEBD9CA,S:G142D
IGS-10285-CVDP-E4FC8ED8-345E-4E58-8C9D-E1F88BEBD9CA,S:G339H
IGS-10285-CVDP-E4FC8ED8-345E-4E58-8C9D-E1F88BEBD9CA,S:G446S
IGS-10285-CVDP-E4FC8ED8-345E-4E58-8C9D-E1F88BEBD9CA,S:H245N
IGS-10285-CVDP-E4FC8ED8-345E-4E58-8C9D-E1F88BEBD9CA,S:H655Y
IGS-10285-CVDP-E4FC8ED8-345E-4E58-8C9D-E1F88BEBD9CA,S:H69-
IGS-10285-CVDP-E4FC8ED8-345E-4E58-8C9D-E1F88BEBD9CA,S:I332V
IGS-10285-CVDP-E4FC8ED8-345E-4E58-8C9D-E1F88BEBD9CA,S:K182R
IGS-10285-CVDP-E4FC8ED8-345E-4E58-8C9D-E1F88BEBD9CA,S:K356T
IGS-10285-CVDP-E4FC8ED8-345E-4E58-8C9D-E1F88BEBD9CA,S:K417N
IGS-10285-CVDP-E4FC8ED8-345E-4E58-8C9D-E1F88BEBD9CA,S:L212I
IGS-10285-CVDP-E4FC8ED8-345E-4E58-8C9D-E1F88BEBD9CA,S:L216F
IGS-10285-CVDP-E4FC8ED8-345E-4E58-8C9D-E1F88BEBD9CA,S:L24-
IGS-10285-CVDP-E4FC8ED8-345E-4E58-8C9D-E1F88BEBD9CA,S:L452W
IGS-10285-CVDP-E4FC8ED8-345E-4E58-8C9D-E1F88BEBD9CA,S:L455S
IGS-10285-CVDP-E4FC8ED8-345E-4E58-8C9D-E1F88BEBD9CA,S:N211-
IGS-10285-CVDP-E4FC8ED8-345E-4E58-8C9D-E1F88BEBD9CA,S:N440K
IGS-10285-CVDP-E4FC8ED8-345E-4E58-8C9D-E1F88BEBD9CA,S:N450D
IGS-10285-CVDP-E4FC8ED8-345E-4E58-8C9D-E1F88BEBD9CA,S:N460K
IGS-10285-CVDP-E4FC8ED8-345E-4E58-8C9D-E1F88BEBD9CA,S:N481K
IGS-10285-CVDP-E4FC8ED8-345E-4E58-8C9D-E1F88BEBD9CA,S:N50L
IGS-10285-CVDP-E4FC8ED8-345E-4E58-8C9D-E1F88BEBD9CA,S:N679R
IGS-10285-CVDP-E4FC8ED8-345E-4E58-8C9D-E1F88BEBD9CA,S:N764K
IGS-10285-CVDP-E4FC8ED8-345E-4E58-8C9D-E1F88BEBD9CA,S:N969K
IGS-10285-CVDP-E4FC8ED8-345E-4E58-8C9D-E1F88BEBD9CA,S:P1143L
IGS-10285-CVDP-E4FC8ED8-345E-4E58-8C9D-E1F88BEBD9CA,S:P25-
IGS-10285-CVDP-E4FC8ED8-345E-4E58-8C9D-E1F88BEBD9CA,S:P26-
IGS-10285-CVDP-E4FC8ED8-345E-4E58-8C9D-E1F88BEBD9CA,S:P621S
IGS-10285-CVDP-E4FC8ED8-345E-4E58-8C9D-E1F88BEBD9CA,S:P681R
IGS-10285-CVDP-E4FC8ED8-345E-4E58-8C9D-E1F88BEBD9CA,S:Q493E
IGS-10285-CVDP-E4FC8ED8-345E-4E58-8C9D-E1F88BEBD9CA,S:Q498R
IGS-10285-CVDP-E4FC8ED8-345E-4E58-8C9D-E1F88BEBD9CA,S:R158G
IGS-10285-CVDP-E4FC8ED8-345E-4E58-8C9D-E1F88BEBD9CA,S:R190S
IGS-10285-CVDP-E4FC8ED8-345E-4E58-8C9D-E1F88BEBD9CA,S:R346T
IGS-10285-CVDP-E4FC8ED8-345E-4E58-8C9D-E1F88BEBD9CA,S:R403K
IGS-10285-CVDP-E4FC8ED8-345E-4E58-8C9D-E1F88BEBD9CA,S:R408S
IGS-10285-CVDP-E4FC8ED8-345E-4E58-8C9D-E1F88BEBD9CA,S:S31P
IGS-10285-CVDP-E4FC8ED8-345E-4E58-8C9D-E1F88BEBD9CA,S:S371F
IGS-10285-CVDP-E4FC8ED8-345E-4E58-8C9D-E1F88BEBD9CA,S:S373P
IGS-10285-CVDP-E4FC8ED8-345E-4E58-8C9D-E1F88BEBD9CA,S:S375F
IGS-10285-CVDP-E4FC8ED8-345E-4E58-8C9D-E1F88BEBD9CA,S:S477N
IGS-10285-CVDP-E4FC8ED8-345E-4E58-8C9D-E1F88BEBD9CA,S:S939F
IGS-10285-CVDP-E4FC8ED8-345E-4E58-8C9D-E1F88BEBD9CA,S:T19I
IGS-10285-CVDP-E4FC8ED8-345E-4E58-8C9D-E1F88BEBD9CA,S:T22N
IGS-10285-CVDP-E4FC8ED8-345E-4E58-8C9D-E1F88BEBD9CA,S:T376A
IGS-10285-CVDP-E4FC8ED8-345E-4E58-8C9D-E1F88BEBD9CA,S:T478E
IGS-10285-CVDP-E4FC8ED8-345E-4E58-8C9D-E1F88BEBD9CA,S:V1104L
IGS-10285-CVDP-E4FC8ED8-345E-4E58-8C9D-E1F88BEBD9CA,S:V1264L
IGS-10285-CVDP-E4FC8ED8-345E-4E58-8C9D-E1F88BEBD9CA,S:V127F
IGS-10285-CVDP-E4FC8ED8-345E-4E58-8C9D-E1F88BEBD9CA,S:V21T
IGS-10285-CVDP-E4FC8ED8-345E-4E58-8C9D-E1F88BEBD9CA,S:V445R
IGS-10285-CVDP-E4FC8ED8-345E-4E58-8C9D-E1F88BEBD9CA,S:V483-
IGS-10285-CVDP-E4FC8ED8-345E-4E58-8C9D-E1F88BEBD9CA,S:V70-
IGS-10285-CVDP-E4FC8ED8-345E-4E58-8C9D-E1F88BEBD9CA,S:Y144-
IGS-10285-CVDP-F6849E29-7A4D-4E6B-912B-481C5A9059B0,S:A264D
IGS-10285-CVDP-F6849E29-7A4D-4E6B-912B-481C5A9059B0,S:A27S
IGS-10285-CVDP-F6849E29-7A4D-4E6B-912B-481C5A9059B0,S:A570V
IGS-10285-CVDP-F6849E29-7A4D-4E6B-912B-481C5A9059B0,S:D405N
IGS-10285-CVDP-F6849E29-7A4D-4E6B-912B-481C5A9059B0,S:D614G
IGS-10285-CVDP-F6849E29-7A4D-4E6B-912B-481C5A9059B0,S:D796Y
IGS-10285-CVDP-F6849E29-7A4D-4E6B-912B-481C5A9059B0,S:E484K
IGS-10285-CVDP-F6849E29-7A4D-4E6B-912B-481C5A9059B0,S:E554K
IGS-10285-CVDP-F6849E29-7A4D-4E6B-912B-481C5A9059B0,S:F157S
IGS-10285-CVDP-F6849E29-7A4D-4E6B-912B-481C5A9059B0,S:F456L
IGS-10285-CVDP-F6849E29-7A4D-4E6B-912B-481C5A9059B0,S:F486P
IGS-10285-CVDP-F6849E29-7A4D-4E6B-912B-481C5A9059B0,S:G142D
IGS-10285-CVDP-F6849E29-7A4D-4E6B-912B-481C5A9059B0,S:G339H
IGS-10285-CVDP-F6849E29-7A4D-4E6B-912B-481C5A9059B0,S:G446S
IGS-10285-CVDP-F6849E29-7A4D-4E6B-912B-481C5A9059B0,S:H245N
IGS-10285-CVDP-F6849E29-7A4D-4E6B-912B-481C5A9059B0,S:H655Y
IGS-10285-CVDP-F6849E29-7A4D-4E6B-912B-481C5A9059B0,S:H69-
IGS-10285-CVDP-F6849E29-7A4D-4E6B-912B-481C5A9059B0,S:I332V
IGS-10285-CVDP-F6849E29-7A4D-4E6B-912B-481C5A9059B0,S:K182R
IGS-10285-CVDP-F6849E29-7A4D-4E6B-912B-481C5A9059B0,S:K356T
IGS-10285-CVDP-F6849E29-7A4D-4E6B-912B-481C5A9059B0,S:K417N
IGS-10285-CVDP-F6849E29-7A4D-4E6B-912B-481C5A9059B0,S:L212I
IGS-10285-CVDP-F6849E29-7A4D-4E6B-912B-481C5A9059B0,S:L216F
IGS-10285-CVDP-F6849E29-7A4D-4E6B-912B-481C5A9059B0,S:L24-
IGS-10285-CVDP-F6849E29-7A4D-4E6B-912B-481C5A9059B0,S:L452W
IGS-10285-CVDP-F6849E29-7A4D-4E6B-912B-481C5A9059B0,S:L455S
IGS-10285-CVDP-F6849E29-7A4D-4E6B-912B-481C5A9059B0,S:N211-
IGS-10285-CVDP-F6849E29-7A4D-4E6B-912B-481C5A9059B0,S:N440K
IGS-10285-CVDP-F6849E29-7A4D-4E6B-912B-481C5A9059B0,S:N450D
IGS-10285-CVDP-F6849E29-7A4D-4E6B-912B-481C5A9059B0,S:N460K
IGS-10285-CVDP-F6849E29-7A4D-4E6B-912B-481C5A9059B0,S:N481K
IGS-10285-CVDP-F6849E29-7A4D-4E6B-912B-481C5A9059B0,S:N50L
IGS-10285-CVDP-F6849E29-7A4D-4E6B-912B-481C5A9059B0,S:N679R
IGS-10285-CVDP-F6849E29-7A4D-4E6B-912B-481C5A9059B0,S:N764K
IGS-10285-CVDP-F6849E29-7A4D-4E6B-912B-481C5A9059B0,S:N969K
IGS-10285-CVDP-F6849E29-7A4D-4E6B-912B-481C5A9059B0,S:P1143L
IGS-10285-CVDP-F6849E29-7A4D-4E6B-912B-481C5A9059B0,S:P25-
IGS-10285-CVDP-F6849E29-7A4D-4E6B-912B-481C5A9059B0,S:P26-
IGS-10285-CVDP-F6849E29-7A4D-4E6B-912B-481C5A9059B0,S:P621S
IGS-10285-CVDP-F6849E29-7A4D-4E6B-912B-481C5A9059B0,S:P681R
IGS-10285-CVDP-F6849E29-7A4D-4E6B-912B-481C5A9059B0,S:Q493E
IGS-10285-CVDP-F6849E29-7A4D-4E6B-912B-481C5A9059B0,S:Q498R
IGS-10285-CVDP-F6849E29-7A4D-4E6B-912B-481C5A9059B0,S:R158G
IGS-10285-CVDP-F6849E29-7A4D-4E6B-912B-481C5A9059B0,S:R190S
IGS-10285-CVDP-F6849E29-7A4D-4E6B-912B-481C5A9059B0,S:R346T
IGS-10285-CVDP-F6849E29-7A4D-4E6B-912B-481C5A9059B0,S:R403K
IGS-10285-CVDP-F6849E29-7A4D-4E6B-912B-481C5A9059B0,S:R408S
IGS-10285-CVDP-F6849E29-7A4D-4E6B-912B-481C5A9059B0,S:S31P
IGS-10285-CVDP-F6849E29-7A4D-4E6B-912B-481C5A9059B0,S:S371F
IGS-10285-CVDP-F6849E29-7A4D-4E6B-912B-481C5A9059B0,S:S373P
IGS-10285-CVDP-F6849E29-7A4D-4E6B-912B-481C5A9059B0,S:S375F
IGS-10285-CVDP-F6849E29-7A4D-4E6B-912B-481C5A9059B0,S:S477N
IGS-10285-CVDP-F6849E29-7A4D-4E6B-912B-481C5A9059B0,S:S939F
IGS-10285-CVDP-F6849E29-7A4D-4E6B-912B-481C5A9059B0,S:T19I
IGS-10285-CVDP-F6849E29-7A4D-4E6B-912B-481C5A9059B0,S:T22N
IGS-10285-CVDP-F6849E29-7A4D-4E6B-912B-481C5A9059B0,S:T376A
IGS-10285-CVDP-F6849E29-7A4D-4E6B-912B-481C5A9059B0,S:T478E
IGS-10285-CVDP-F6849E29-7A4D-4E6B-912B-481C5A9059B0,S:V1104L
IGS-10285-CVDP-F6849E29-7A4D-4E6B-912B-481C5A9059B0,S:V1264L
IGS-10285-CVDP-F6849E29-7A4D-4E6B-912B-481C5A9059B0,S:V127F
IGS-10285-CVDP-F6849E29-7A4D-4E6B-912B-481C5A9059B0,S:V21T
IGS-10285-CVDP-F6849E29-7A4D-4E6B-912B-481C5A9059B0,S:V445R
IGS-10285-CVDP-F6849E29-7A4D-4E6B-912B-481C5A9059B0,S:V483-
IGS-10285-CVDP-F6849E29-7A4D-4E6B-912B-481C5A9059B0,S:V70-
IGS-10285-CVDP-F6849E29-7A4D-4E6B-912B-481C5A9059B0,S:Y144-
IGS-10285-CVDP-FAA69E7B-A361-459B-A6F4-7AF2F474D3CE,S:A264D
IGS-10285-CVDP-FAA69E7B-A361-459B-A6F4-7AF2F474D3CE,S:A27S
IGS-10285-CVDP-FAA69E7B-A361-459B-A6F4-7AF2F474D3CE,S:A435S
IGS-10285-CVDP-FAA69E7B-A361-459B-A6F4-7AF2F474D3CE,S:A570V
IGS-10285-CVDP-FAA69E7B-A361-459B-A6F4-7AF2F474D3CE,S:D215G
IGS-10285-CVDP-FAA69E7B-A361-459B-A6F4-7AF2F474D3CE,S:D405N
IGS-10285-CVDP-FAA69E7B-A361-459B-A6F4-7AF2F474D3CE,S:D614G
IGS-10285-CVDP-FAA69E7B-A361-459B-A6F4-7AF2F474D3CE,S:D745A
IGS-10285-CVDP-FAA69E7B-A361-459B-A6F4-7AF2F474D3CE,S:D796Y
IGS-10285-CVDP-FAA69E7B-A361-459B-A6F4-7AF2F474D3CE,S:E484K
IGS-10285-CVDP-FAA69E7B-A361-459B-A6F4-7AF2F474D3CE,S:E554K
IGS-10285-CVDP-FAA69E7B-A361-459B-A6F4-7AF2F474D3CE,S:F157S
IGS-10285-CVDP-FAA69E7B-A361-459B-A6F4-7AF2F474D3CE,S:F456L
IGS-10285-CVDP-FAA69E7B-A361-459B-A6F4-7AF2F474D3CE,S:F486P
IGS-10285-CVDP-FAA69E7B-A361-459B-A6F4-7AF2F474D3CE,S:F59S
IGS-10285-CVDP-FAA69E7B-A361-459B-A6F4-7AF2F474D3CE,S:G142D
IGS-10285-CVDP-FAA69E7B-A361-459B-A6F4-7AF2F474D3CE,S:G184S
IGS-10285-CVDP-FAA69E7B-A361-459B-A6F4-7AF2F474D3CE,S:G339H
IGS-10285-CVDP-FAA69E7B-A361-459B-A6F4-7AF2F474D3CE,S:G446S
IGS-10285-CVDP-FAA69E7B-A361-459B-A6F4-7AF2F474D3CE,S:H245N
IGS-10285-CVDP-FAA69E7B-A361-459B-A6F4-7AF2F474D3CE,S:H655Y
IGS-10285-CVDP-FAA69E7B-A361-459B-A6F4-7AF2F474D3CE,S:H69-
IGS-10285-CVDP-FAA69E7B-A361-459B-A6F4-7AF2F474D3CE,S:I332V
IGS-10285-CVDP-FAA69E7B-A361-459B-A6F4-7AF2F474D3CE,S:K356T
IGS-10285-CVDP-FAA69E7B-A361-459B-A6F4-7AF2F474D3CE,S:K417N
IGS-10285-CVDP-FAA69E7B-A361-459B-A6F4-7AF2F474D3CE,S:L212I
IGS-10285-CVDP-FAA69E7B-A361-459B-A6F4-7AF2F474D3CE,S:L216F
IGS-10285-CVDP-FAA69E7B-A361-459B-A6F4-7AF2F474D3CE,S:L24-
IGS-10285-CVDP-FAA69E7B-A361-459B-A6F4-7AF2F474D3CE,S:L452W
IGS-10285-CVDP-FAA69E7B-A361-459B-A6F4-7AF2F474D3CE,S:L455S
IGS-10285-CVDP-FAA69E7B-A361-459B-A6F4-7AF2F474D3CE,S:N211-
IGS-10285-CVDP-FAA69E7B-A361-459B-A6F4-7AF2F474D3CE,S:N440K
IGS-10285-CVDP-FAA69E7B-A361-459B-A6F4-7AF2F474D3CE,S:N450D
IGS-10285-CVDP-FAA69E7B-A361-459B-A6F4-7AF2F474D3CE,S:N460K
IGS-10285-CVDP-FAA69E7B-A361-459B-A6F4-7AF2F474D3CE,S:N481K
IGS-10285-CVDP-FAA69E7B-A361-459B-A6F4-7AF2F474D3CE,S:N50L
IGS-10285-CVDP-FAA69E7B-A361-459B-A6F4-7AF2F474D3CE,S:N679K
IGS-10285-CVDP-FAA69E7B-A361-459B-A6F4-7AF2F474D3CE,S:N764K
IGS-10285-CVDP-FAA69E7B-A361-459B-A6F4-7AF2F474D3CE,S:N969K
IGS-10285-CVDP-FAA69E7B-A361-459B-A6F4-7AF2F474D3CE,S:P1143L
IGS-10285-CVDP-FAA69E7B-A361-459B-A6F4-7AF2F474D3CE,S:P25-
IGS-10285-CVDP-FAA69E7B-A361-459B-A6F4-7AF2F474D3CE,S:P26-
IGS-10285-CVDP-FAA69E7B-A361-459B-A6F4-7AF2F474D3CE,S:P621S
IGS-10285-CVDP-FAA69E7B-A361-459B-A6F4-7AF2F474D3CE,S:P681R
IGS-10285-CVDP-FAA69E7B-A361-459B-A6F4-7AF2F474D3CE,S:Q493E
IGS-10285-CVDP-FAA69E7B-A361-459B-A6F4-7AF2F474D3CE,S:Q498R
IGS-10285-CVDP-FAA69E7B-A361-459B-A6F4-7AF2F474D3CE,S:Q677H
IGS-10285-CVDP-FAA69E7B-A361-459B-A6F4-7AF2F474D3CE,S:R158G
IGS-10285-CVDP-FAA69E7B-A361-459B-A6F4-7AF2F474D3CE,S:R403K
IGS-10285-CVDP-FAA69E7B-A361-459B-A6F4-7AF2F474D3CE,S:R408S
IGS-10285-CVDP-FAA69E7B-A361-459B-A6F4-7AF2F474D3CE,S:S371F
IGS-10285-CVDP-FAA69E7B-A361-459B-A6F4-7AF2F474D3CE,S:S373P
IGS-10285-CVDP-FAA69E7B-A361-459B-A6F4-7AF2F474D3CE,S:S375F
IGS-10285-CVDP-FAA69E7B-A361-459B-A6F4-7AF2F474D3CE,S:S477N
IGS-10285-CVDP-FAA69E7B-A361-459B-A6F4-7AF2F474D3CE,S:S939F
IGS-10285-CVDP-FAA69E7B-A361-459B-A6F4-7AF2F474D3CE,S:T19I
IGS-10285-CVDP-FAA69E7B-A361-459B-A6F4-7AF2F474D3CE,S:T22N
IGS-10285-CVDP-FAA69E7B-A361-459B-A6F4-7AF2F474D3CE,S:T376A
IGS-10285-CVDP-FAA69E7B-A361-459B-A6F4-7AF2F474D3CE,S:T478I
IGS-10285-CVDP-FAA69E7B-A361-459B-A6F4-7AF2F474D3CE,S:V127F
IGS-10285-CVDP-FAA69E7B-A361-459B-A6F4-7AF2F474D3CE,S:V21T
IGS-10285-CVDP-FAA69E7B-A361-459B-A6F4-7AF2F474D3CE,S:V445H
IGS-10285-CVDP-FAA69E7B-A361-459B-A6F4-7AF2F474D3CE,S:V483-
IGS-10285-CVDP-FAA69E7B-A361-459B-A6F4-7AF2F474D3CE,S:V70-
IGS-10285-CVDP-FAA69E7B-A361-459B-A6F4-7AF2F474D3CE,S:Y144-
IGS-10285-CVDP-FD896702-328F-4924-B5F2-1A0D5469DE10,S:A264D
IGS-10285-CVDP-FD896702-328F-4924-B5F2-1A0D5469DE10,S:A27S
IGS-10285-CVDP-FD896702-328F-4924-B5F2-1A0D5469DE10,S:A570V
IGS-10285-CVDP-FD896702-328F-4924-B5F2-1A0D5469DE10,S:D1084G
IGS-10285-CVDP-FD896702-328F-4924-B5F2-1A0D5469DE10,S:D405N
IGS-10285-CVDP-FD896702-328F-4924-B5F2-1A0D5469DE10,S:D614G
IGS-10285-CVDP-FD896702-328F-4924-B5F2-1A0D5469DE10,S:D796Y
IGS-10285-CVDP-FD896702-328F-4924-B5F2-1A0D5469DE10,S:E484K
IGS-10285-CVDP-FD896702-328F-4924-B5F2-1A0D5469DE10,S:E554K
IGS-10285-CVDP-FD896702-328F-4924-B5F2-1A0D5469DE10,S:F157S
IGS-10285-CVDP-FD896702-328F-4924-B5F2-1A0D5469DE10,S:F456L
IGS-10285-CVDP-FD896702-328F-4924-B5F2-1A0D5469DE10,S:F486P
IGS-10285-CVDP-FD896702-328F-4924-B5F2-1A0D5469DE10,S:G142D
IGS-10285-CVDP-FD896702-328F-4924-B5F2-1A0D5469DE10,S:G339H
IGS-10285-CVDP-FD896702-328F-4924-B5F2-1A0D5469DE10,S:G446S
IGS-10285-CVDP-FD896702-328F-4924-B5F2-1A0D5469DE10,S:H245N
IGS-10285-CVDP-FD896702-328F-4924-B5F2-1A0D5469DE10,S:H655Y
IGS-10285-CVDP-FD896702-328F-4924-B5F2-1A0D5469DE10,S:H69-
IGS-10285-CVDP-FD896702-328F-4924-B5F2-1A0D5469DE10,S:I332V
IGS-10285-CVDP-FD896702-328F-4924-B5F2-1A0D5469DE10,S:K182R
IGS-10285-CVDP-FD896702-328F-4924-B5F2-1A0D5469DE10,S:K356T
IGS-10285-CVDP-FD896702-328F-4924-B5F2-1A0D5469DE10,S:K417N
IGS-10285-CVDP-FD896702-328F-4924-B5F2-1A0D5469DE10,S:K444R
IGS-10285-CVDP-FD896702-328F-4924-B5F2-1A0D5469DE10,S:L212I
IGS-10285-CVDP-FD896702-328F-4924-B5F2-1A0D5469DE10,S:L216F
IGS-10285-CVDP-FD896702-328F-4924-B5F2-1A0D5469DE10,S:L24-
IGS-10285-CVDP-FD896702-328F-4924-B5F2-1A0D5469DE10,S:L452W
IGS-10285-CVDP-FD896702-328F-4924-B5F2-1A0D5469DE10,S:L455S
IGS-10285-CVDP-FD896702-328F-4924-B5F2-1A0D5469DE10,S:N211-
IGS-10285-CVDP-FD896702-328F-4924-B5F2-1A0D5469DE10,S:N440K
IGS-10285-CVDP-FD896702-328F-4924-B5F2-1A0D5469DE10,S:N450D
IGS-10285-CVDP-FD896702-328F-4924-B5F2-1A0D5469DE10,S:N460K
IGS-10285-CVDP-FD896702-328F-4924-B5F2-1A0D5469DE10,S:N481K
IGS-10285-CVDP-FD896702-328F-4924-B5F2-1A0D5469DE10,S:N487D
IGS-10285-CVDP-FD896702-328F-4924-B5F2-1A0D5469DE10,S:N50L
IGS-10285-CVDP-FD896702-328F-4924-B5F2-1A0D5469DE10,S:N679K
IGS-10285-CVDP-FD896702-328F-4924-B5F2-1A0D5469DE10,S:N764K
IGS-10285-CVDP-FD896702-328F-4924-B5F2-1A0D5469DE10,S:N969K
IGS-10285-CVDP-FD896702-328F-4924-B5F2-1A0D5469DE10,S:P1143L
IGS-10285-CVDP-FD896702-328F-4924-B5F2-1A0D5469DE10,S:P25-
IGS-10285-CVDP-FD896702-328F-4924-B5F2-1A0D5469DE10,S:P26-
IGS-10285-CVDP-FD896702-328F-4924-B5F2-1A0D5469DE10,S:P621S
IGS-10285-CVDP-FD896702-328F-4924-B5F2-1A0D5469DE10,S:P681R
IGS-10285-CVDP-FD896702-328F-4924-B5F2-1A0D5469DE10,S:Q493E
IGS-10285-CVDP-FD896702-328F-4924-B5F2-1A0D5469DE10,S:Q498R
IGS-10285-CVDP-FD896702-328F-4924-B5F2-1A0D5469DE10,S:R158G
IGS-10285-CVDP-FD896702-328F-4924-B5F2-1A0D5469DE10,S:R190S
IGS-10285-CVDP-FD896702-328F-4924-B5F2-1A0D5469DE10,S:R346T
IGS-10285-CVDP-FD896702-328F-4924-B5F2-1A0D5469DE10,S:R403K
IGS-10285-CVDP-FD896702-328F-4924-B5F2-1A0D5469DE10,S:R408S
IGS-10285-CVDP-FD896702-328F-4924-B5F2-1A0D5469DE10,S:S31P
IGS-10285-CVDP-FD896702-328F-4924-B5F2-1A0D5469DE10,S:S371F
IGS-10285-CVDP-FD896702-328F-4924-B5F2-1A0D5469DE10,S:S373P
IGS-10285-CVDP-FD896702-328F-4924-B5F2-1A0D5469DE10,S:S375F
IGS-10285-CVDP-FD896702-328F-4924-B5F2-1A0D5469DE10,S:S477N
IGS-10285-CVDP-FD896702-328F-4924-B5F2-1A0D5469DE10,S:S939F
IGS-10285-CVDP-FD896702-328F-4924-B5F2-1A0D5469DE10,S:T19I
IGS-10285-CVDP-FD896702-328F-4924-B5F2-1A0D5469DE10,S:T22N
IGS-10285-CVDP-FD896702-328F-4924-B5F2-1A0D5469DE10,S:T376A
IGS-10285-CVDP-FD896702-328F-4924-B5F2-1A0D5469DE10,S:T478K
IGS-10285-CVDP-FD896702-328F-4924-B5F2-1A0D5469DE10,S:T572I
IGS-10285-CVDP-FD896702-328F-4924-B5F2-1A0D5469DE10,S:V127F
IGS-10285-CVDP-FD896702-328F-4924-B5F2-1A0D5469DE10,S:V21T
IGS-10285-CVDP-FD896702-328F-4924-B5F2-1A0D5469DE10,S:V445R
IGS-10285-CVDP-FD896702-328F-4924-B5F2-1A0D5469DE10,S:V483-
IGS-10285-CVDP-FD896702-328F-4924-B5F2-1A0D5469DE10,S:V70-
IGS-10285-CVDP-FD896702-328F-4924-B5F2-1A0D5469DE10,S:Y144-
IGS-10285-CVDP-FD9380EB-8692-4776-84F6-BBC7D83ABAB7,S:A264D
IGS-10285-CVDP-FD9380EB-8692-4776-84F6-BBC7D83ABAB7,S:A27S
IGS-10285-CVDP-FD9380EB-8692-4776-84F6-BBC7D83ABAB7,S:A435S
IGS-10285-CVDP-FD9380EB-8692-4776-84F6-BBC7D83ABAB7,S:A570V
IGS-10285-CVDP-FD9380EB-8692-4776-84F6-BBC7D83ABAB7,S:D405N
IGS-10285-CVDP-FD9380EB-8692-4776-84F6-BBC7D83ABAB7,S:D614G
IGS-10285-CVDP-FD9380EB-8692-4776-84F6-BBC7D83ABAB7,S:D796Y
IGS-10285-CVDP-FD9380EB-8692-4776-84F6-BBC7D83ABAB7,S:E484K
IGS-10285-CVDP-FD9380EB-8692-4776-84F6-BBC7D83ABAB7,S:E554K
IGS-10285-CVDP-FD9380EB-8692-4776-84F6-BBC7D83ABAB7,S:F157L
IGS-10285-CVDP-FD9380EB-8692-4776-84F6-BBC7D83ABAB7,S:F456L
IGS-10285-CVDP-FD9380EB-8692-4776-84F6-BBC7D83ABAB7,S:F486P
IGS-10285-CVDP-FD9380EB-8692-4776-84F6-BBC7D83ABAB7,S:F59S
IGS-10285-CVDP-FD9380EB-8692-4776-84F6-BBC7D83ABAB7,S:G142D
IGS-10285-CVDP-FD9380EB-8692-4776-84F6-BBC7D83ABAB7,S:G184S
IGS-10285-CVDP-FD9380EB-8692-4776-84F6-BBC7D83ABAB7,S:G339H
IGS-10285-CVDP-FD9380EB-8692-4776-84F6-BBC7D83ABAB7,S:G446S
IGS-10285-CVDP-FD9380EB-8692-4776-84F6-BBC7D83ABAB7,S:H245N
IGS-10285-CVDP-FD9380EB-8692-4776-84F6-BBC7D83ABAB7,S:H655Y
IGS-10285-CVDP-FD9380EB-8692-4776-84F6-BBC7D83ABAB7,S:H69-
IGS-10285-CVDP-FD9380EB-8692-4776-84F6-BBC7D83ABAB7,S:I332V
IGS-10285-CVDP-FD9380EB-8692-4776-84F6-BBC7D83ABAB7,S:K356T
IGS-10285-CVDP-FD9380EB-8692-4776-84F6-BBC7D83ABAB7,S:K417N
IGS-10285-CVDP-FD9380EB-8692-4776-84F6-BBC7D83ABAB7,S:L212I
IGS-10285-CVDP-FD9380EB-8692-4776-84F6-BBC7D83ABAB7,S:L216F
IGS-10285-CVDP-FD9380EB-8692-4776-84F6-BBC7D83ABAB7,S:L24-
IGS-10285-CVDP-FD9380EB-8692-4776-84F6-BBC7D83ABAB7,S:L452W
IGS-10285-CVDP-FD9380EB-8692-4776-84F6-BBC7D83ABAB7,S:L455S
IGS-10285-CVDP-FD9380EB-8692-4776-84F6-BBC7D83ABAB7,S:N211-
IGS-10285-CVDP-FD9380EB-8692-4776-84F6-BBC7D83ABAB7,S:N440K
IGS-10285-CVDP-FD9380EB-8692-4776-84F6-BBC7D83ABAB7,S:N450D
IGS-10285-CVDP-FD9380EB-8692-4776-84F6-BBC7D83ABAB7,S:N460K
IGS-10285-CVDP-FD9380EB-8692-4776-84F6-BBC7D83ABAB7,S:N481K
IGS-10285-CVDP-FD9380EB-8692-4776-84F6-BBC7D83ABAB7,S:N50L
IGS-10285-CVDP-FD9380EB-8692-4776-84F6-BBC7D83ABAB7,S:N679K
IGS-10285-CVDP-FD9380EB-8692-4776-84F6-BBC7D83ABAB7,S:N764K
IGS-10285-CVDP-FD9380EB-8692-4776-84F6-BBC7D83ABAB7,S:N969K
IGS-10285-CVDP-FD9380EB-8692-4776-84F6-BBC7D83ABAB7,S:P1143L
IGS-10285-CVDP-FD9380EB-8692-4776-84F6-BBC7D83ABAB7,S:P25-
IGS-10285-CVDP-FD9380EB-8692-4776-84F6-BBC7D83ABAB7,S:P26-
IGS-10285-CVDP-FD9380EB-8692-4776-84F6-BBC7D83ABAB7,S:P621S
IGS-10285-CVDP-FD9380EB-8692-4776-84F6-BBC7D83ABAB7,S:P681R
IGS-10285-CVDP-FD9380EB-8692-4776-84F6-BBC7D83ABAB7,S:Q493E
IGS-10285-CVDP-FD9380EB-8692-4776-84F6-BBC7D83ABAB7,S:Q498R
IGS-10285-CVDP-FD9380EB-8692-4776-84F6-BBC7D83ABAB7,S:Q677H
IGS-10285-CVDP-FD9380EB-8692-4776-84F6-BBC7D83ABAB7,S:R158G
IGS-10285-CVDP-FD9380EB-8692-4776-84F6-BBC7D83ABAB7,S:R403K
IGS-10285-CVDP-FD9380EB-8692-4776-84F6-BBC7D83ABAB7,S:R408S
IGS-10285-CVDP-FD9380EB-8692-4776-84F6-BBC7D83ABAB7,S:S371F
IGS-10285-CVDP-FD9380EB-8692-4776-84F6-BBC7D83ABAB7,S:S373P
IGS-10285-CVDP-FD9380EB-8692-4776-84F6-BBC7D83ABAB7,S:S375F
IGS-10285-CVDP-FD9380EB-8692-4776-84F6-BBC7D83ABAB7,S:S477N
IGS-10285-CVDP-FD9380EB-8692-4776-84F6-BBC7D83ABAB7,S:S939F
IGS-10285-CVDP-FD9380EB-8692-4776-84F6-BBC7D83ABAB7,S:T19I
IGS-10285-CVDP-FD9380EB-8692-4776-84F6-BBC7D83ABAB7,S:T22N
IGS-10285-CVDP-FD9380EB-8692-4776-84F6-BBC7D83ABAB7,S:T376A
IGS-10285-CVDP-FD9380EB-8692-4776-84F6-BBC7D83ABAB7,S:T478I
IGS-10285-CVDP-FD9380EB-8692-4776-84F6-BBC7D83ABAB7,S:T500A
IGS-10285-CVDP-FD9380EB-8692-4776-84F6-BBC7D83ABAB7,S:V127F
IGS-10285-CVDP-FD9380EB-8692-4776-84F6-BBC7D83ABAB7,S:V21T
IGS-10285-CVDP-FD9380EB-8692-4776-84F6-BBC7D83ABAB7,S:V445P
IGS-10285-CVDP-FD9380EB-8692-4776-84F6-BBC7D83ABAB7,S:V483-
IGS-10285-CVDP-FD9380EB-8692-4776-84F6-BBC7D83ABAB7,S:V70-
IGS-10285-CVDP-FD9380EB-8692-4776-84F6-BBC7D83ABAB7,S:Y144-
IMS-10285-CVDP-FDBDA770-BF1B-4461-AECB-190E99399202,S:A264D
IMS-10285-CVDP-FDBDA770-BF1B-4461-AECB-190E99399202,S:A27S
IMS-10285-CVDP-FDBDA770-BF1B-4461-AECB-190E99399202,S:A570V
IMS-10285-CVDP-FDBDA770-BF1B-4461-AECB-190E99399202,S:D405N
IMS-10285-CVDP-FDBDA770-BF1B-4461-AECB-190E99399202,S:D614G
IMS-10285-CVDP-FDBDA770-BF1B-4461-AECB-190E99399202,S:D796Y
IMS-10285-CVDP-FDBDA770-BF1B-4461-AECB-190E99399202,S:E484K
IMS-10285-CVDP-FDBDA770-BF1B-4461-AECB-190E99399202,S:E554K
IMS-10285-CVDP-FDBDA770-BF1B-4461-AECB-190E99399202,S:F157S
IMS-10285-CVDP-FDBDA770-BF1B-4461-AECB-190E99399202,S:F456L
IMS-10285-CVDP-FDBDA770-BF1B-4461-AECB-190E99399202,S:F486P
IMS-10285-CVDP-FDBDA770-BF1B-4461-AECB-190E99399202,S:G142D
IMS-10285-CVDP-FDBDA770-BF1B-4461-AECB-190E99399202,S:G339H
IMS-10285-CVDP-FDBDA770-BF1B-4461-AECB-190E99399202,S:G446S
IMS-10285-CVDP-FDBDA770-BF1B-4461-AECB-190E99399202,S:H245N
IMS-10285-CVDP-FDBDA770-BF1B-4461-AECB-190E99399202,S:H655Y
IMS-10285-CVDP-FDBDA770-BF1B-4461-AECB-190E99399202,S:H69-
IMS-10285-CVDP-FDBDA770-BF1B-4461-AECB-190E99399202,S:I332V
IMS-10285-CVDP-FDBDA770-BF1B-4461-AECB-190E99399202,S:K356T
IMS-10285-CVDP-FDBDA770-BF1B-4461-AECB-190E99399202,S:K417N
IMS-10285-CVDP-FDBDA770-BF1B-4461-AECB-190E99399202,S:L212I
IMS-10285-CVDP-FDBDA770-BF1B-4461-AECB-190E99399202,S:L216F
IMS-10285-CVDP-FDBDA770-BF1B-4461-AECB-190E99399202,S:L24-
IMS-10285-CVDP-FDBDA770-BF1B-4461-AECB-190E99399202,S:L452W
IMS-10285-CVDP-FDBDA770-BF1B-4461-AECB-190E99399202,S:L455S
IMS-10285-CVDP-FDBDA770-BF1B-4461-AECB-190E99399202,S:N211-
IMS-10285-CVDP-FDBDA770-BF1B-4461-AECB-190E99399202,S:N440K
IMS-10285-CVDP-FDBDA770-BF1B-4461-AECB-190E99399202,S:N450D
IMS-10285-CVDP-FDBDA770-BF1B-4461-AECB-190E99399202,S:N460K
IMS-10285-CVDP-FDBDA770-BF1B-4461-AECB-190E99399202,S:N481K
IMS-10285-CVDP-FDBDA770-BF1B-4461-AECB-190E99399202,S:N50L
IMS-10285-CVDP-FDBDA770-BF1B-4461-AECB-190E99399202,S:N679K
IMS-10285-CVDP-FDBDA770-BF1B-4461-AECB-190E99399202,S:N764K
IMS-10285-CVDP-FDBDA770-BF1B-4461-AECB-190E99399202,S:N969K
IMS-10285-CVDP-FDBDA770-BF1B-4461-AECB-190E99399202,S:P1143L
IMS-10285-CVDP-FDBDA770-BF1B-4461-AECB-190E99399202,S:P25-
IMS-10285-CVDP-FDBDA770-BF1B-4461-AECB-190E99399202,S:P26-
IMS-10285-CVDP-FDBDA770-BF1B-4461-AECB-190E99399202,S:P621S
IMS-10285-CVDP-FDBDA770-BF1B-4461-AECB-190E99399202,S:P681R
IMS-10285-CVDP-FDBDA770-BF1B-4461-AECB-190E99399202,S:Q498R
IMS-10285-CVDP-FDBDA770-BF1B-4461-AECB-190E99399202,S:R158G
IMS-10285-CVDP-FDBDA770-BF1B-4461-AECB-190E99399202,S:R403K
IMS-10285-CVDP-FDBDA770-BF1B-4461-AECB-190E99399202,S:R408S
IMS-10285-CVDP-FDBDA770-BF1B-4461-AECB-190E99399202,S:S371F
IMS-10285-CVDP-FDBDA770-BF1B-4461-AECB-190E99399202,S:S373P
IMS-10285-CVDP-FDBDA770-BF1B-4461-AECB-190E99399202,S:S375F
IMS-10285-CVDP-FDBDA770-BF1B-4461-AECB-190E99399202,S:S477N
IMS-10285-CVDP-FDBDA770-BF1B-4461-AECB-190E99399202,S:S939F
IMS-10285-CVDP-FDBDA770-BF1B-4461-AECB-190E99399202,S:T19I
IMS-10285-CVDP-FDBDA770-BF1B-4461-AECB-190E99399202,S:T376A
IMS-10285-CVDP-FDBDA770-BF1B-4461-AECB-190E99399202,S:T478K
IMS-10285-CVDP-FDBDA770-BF1B-4461-AECB-190E99399202,S:V1104L
IMS-10285-CVDP-FDBDA770-BF1B-4461-AECB-190E99399202,S:V127F
IMS-10285-CVDP-FDBDA770-BF1B-4461-AECB-190E99399202,S:V21T
IMS-10285-CVDP-FDBDA770-BF1B-4461-AECB-190E99399202,S:V445P
IMS-10285-CVDP-FDBDA770-BF1B-4461-AECB-190E99399202,S:V483-
IMS-10285-CVDP-FDBDA770-BF1B-4461-AECB-190E99399202,S:V70-
IMS-10285-CVDP-FDBDA770-BF1B-4461-AECB-190E99399202,S:Y144-
IMS-10375-CVDP-CB1BFB82-C5D0-4778-9A97-DFB29FAF1191,S:A27S
IMS-10375-CVDP-CB1BFB82-C5D0-4778-9A97-DFB29FAF1191,S:D405N
IMS-10375-CVDP-CB1BFB82-C5D0-4778-9A97-DFB29FAF1191,S:D614G
IMS-10375-CVDP-CB1BFB82-C5D0-4778-9A97-DFB29FAF1191,S:D796Y
IMS-10375-CVDP-CB1BFB82-C5D0-4778-9A97-DFB29FAF1191,S:E484A
IMS-10375-CVDP-CB1BFB82-C5D0-4778-9A97-DFB29FAF1191,S:F486V
IMS-10375-CVDP-CB1BFB82-C5D0-4778-9A97-DFB29FAF1191,S:G142D
IMS-10375-CVDP-CB1BFB82-C5D0-4778-9A97-DFB29FAF1191,S:G339D
IMS-10375-CVDP-CB1BFB82-C5D0-4778-9A97-DFB29FAF1191,S:H655Y
IMS-10375-CVDP-CB1BFB82-C5D0-4778-9A97-DFB29FAF1191,S:H69-
IMS-10375-CVDP-CB1BFB82-C5D0-4778-9A97-DFB29FAF1191,S:K417N
IMS-10375-CVDP-CB1BFB82-C5D0-4778-9A97-DFB29FAF1191,S:L24-
IMS-10375-CVDP-CB1BFB82-C5D0-4778-9A97-DFB29FAF1191,S:L452R
IMS-10375-CVDP-CB1BFB82-C5D0-4778-9A97-DFB29FAF1191,S:N440K
IMS-10375-CVDP-CB1BFB82-C5D0-4778-9A97-DFB29FAF1191,S:N501Y
IMS-10375-CVDP-CB1BFB82-C5D0-4778-9A97-DFB29FAF1191,S:N679K
IMS-10375-CVDP-CB1BFB82-C5D0-4778-9A97-DFB29FAF1191,S:N764K
IMS-10375-CVDP-CB1BFB82-C5D0-4778-9A97-DFB29FAF1191,S:N969K
IMS-10375-CVDP-CB1BFB82-C5D0-4778-9A97-DFB29FAF1191,S:P25-
IMS-10375-CVDP-CB1BFB82-C5D0-4778-9A97-DFB29FAF1191,S:P26-
IMS-10375-CVDP-CB1BFB82-C5D0-4778-9A97-DFB29FAF1191,S:P68-
IMS-10375-CVDP-CB1BFB82-C5D0-4778-9A97-DFB29FAF1191,S:Q498R
IMS-10375-CVDP-CB1BFB82-C5D0-4778-9A97-DFB29FAF1191,S:R408S
IMS-10375-CVDP-CB1BFB82-C5D0-4778-9A97-DFB29FAF1191,S:S371F
IMS-10375-CVDP-CB1BFB82-C5D0-4778-9A97-DFB29FAF1191,S:S373P
IMS-10375-CVDP-CB1BFB82-C5D0-4778-9A97-DFB29FAF1191,S:S375F
IMS-10375-CVDP-CB1BFB82-C5D0-4778-9A97-DFB29FAF1191,S:S477N
IMS-10375-CVDP-CB1BFB82-C5D0-4778-9A97-DFB29FAF1191,S:T19I
IMS-10375-CVDP-CB1BFB82-C5D0-4778-9A97-DFB29FAF1191,S:T376A
IMS-10375-CVDP-CB1BFB82-C5D0-4778-9A97-DFB29FAF1191,S:T478K
IMS-10375-CVDP-CB1BFB82-C5D0-4778-9A97-DFB29FAF1191,S:V213G
IMS-10375-CVDP-CB1BFB82-C5D0-4778-9A97-DFB29FAF1191,S:V70-
IMS-10375-CVDP-CB1BFB82-C5D0-4778-9A97-DFB29FAF1191,S:Y505H
IND/2923/2023,S:A27S
IND/2923/2023,S:D405N
IND/2923/2023,S:D614G
IND/2923/2023,S:D796Y
IND/2923/2023,S:E180V
IND/2923/2023,S:E484A
IND/2923/2023,S:F486P
IND/2923/2023,S:F490S
IND/2923/2023,S:G142D
IND/2923/2023,S:G252V
IND/2923/2023,S:G339H
IND/2923/2023,S:G446S
IND/2923/2023,S:H146Q
IND/2923/2023,S:H655Y
IND/2923/2023,S:K417N
IND/2923/2023,S:L24-
IND/2923/2023,S:L368I
IND/2923/2023,S:N440K
IND/2923/2023,S:N460K
IND/2923/2023,S:N501Y
IND/2923/2023,S:N679K
IND/2923/2023,S:N764K
IND/2923/2023,S:N969K
IND/2923/2023,S:P25-
IND/2923/2023,S:P26-
IND/2923/2023,S:P681H
IND/2923/2023,S:Q183E
IND/2923/2023,S:Q498R
IND/2923/2023,S:R346T
IND/2923/2023,S:R408S
IND/2923/2023,S:S371F
IND/2923/2023,S:S373P
IND/2923/2023,S:S375F
IND/2923/2023,S:S477N
IND/2923/2023,S:T19I
IND/2923/2023,S:T376A
IND/2923/2023,S:T478R
IND/2923/2023,S:T547I
IND/2923/2023,S:V213E
IND/2923/2023,S:V445P
IND/2923/2023,S:Y144-
IND/554MN908947.3/2021,S:D614G
IND/554MN908947.3/2021,S:D95T
IND/554MN908947.3/2021,S:G142D
IND/554MN908947.3/2021,S:L452R
IND/554MN908947.3/2021,S:P681R
IND/554MN908947.3/2021,S:T19R
IND/554MN908947.3/2021,S:T478K
IND/CG-VRDL-AIIMS-348/2022,S:A27S
IND/CG-VRDL-AIIMS-348/2022,S:D405N
IND/CG-VRDL-AIIMS-348/2022,S:D614G
IND/CG-VRDL-AIIMS-348/2022,S:D796Y
IND/CG-VRDL-AIIMS-348/2022,S:E484A
IND/CG-VRDL-AIIMS-348/2022,S:F157L
IND/CG-VRDL-AIIMS-348/2022,S:G142D
IND/CG-VRDL-AIIMS-348/2022,S:G257S
IND/CG-VRDL-AIIMS-348/2022,S:G339H
IND/CG-VRDL-AIIMS-348/2022,S:G446S
IND/CG-VRDL-AIIMS-348/2022,S:H655Y
IND/CG-VRDL-AIIMS-348/2022,S:I210V
IND/CG-VRDL-AIIMS-348/2022,S:K147E
IND/CG-VRDL-AIIMS-348/2022,S:K417N
IND/CG-VRDL-AIIMS-348/2022,S:L24-
IND/CG-VRDL-AIIMS-348/2022,S:N440K
IND/CG-VRDL-AIIMS-348/2022,S:N501Y
IND/CG-VRDL-AIIMS-348/2022,S:N679K
IND/CG-VRDL-AIIMS-348/2022,S:N764K
IND/CG-VRDL-AIIMS-348/2022,S:N969K
IND/CG-VRDL-AIIMS-348/2022,S:P25-
IND/CG-VRDL-AIIMS-348/2022,S:P26-
IND/CG-VRDL-AIIMS-348/2022,S:P681H
IND/CG-VRDL-AIIMS-348/2022,S:Q498R
IND/CG-VRDL-AIIMS-348/2022,S:R408S
IND/CG-VRDL-AIIMS-348/2022,S:S371F
IND/CG-VRDL-AIIMS-348/2022,S:S373P
IND/CG-VRDL-AIIMS-348/2022,S:S375F
IND/CG-VRDL-AIIMS-348/2022,S:S477N
IND/CG-VRDL-AIIMS-348/2022,S:T19I
IND/CG-VRDL-AIIMS-348/2022,S:T376A
IND/CG-VRDL-AIIMS-348/2022,S:T478K
IND/CG-VRDL-AIIMS-348/2022,S:W152R
IND/CG-VRDL-AIIMS-348/2022,S:Y505H
IND/CWS_0047_54463387/2021,S:D614G
IND/CWS_0047_54463387/2021,S:D950N
IND/CWS_0047_54463387/2021,S:G142D
IND/CWS_0047_54463387/2021,S:L452R
IND/CWS_0047_54463387/2021,S:P681R
IND/CWS_0047_54463387/2021,S:T19R
IND/CWS_0047_54463387/2021,S:T478K
IND/CWS_0064_55744582/2021,S:D614G
IND/CWS_0064_55744582/2021,S:D95T
IND/CWS_0064_55744582/2021,S:G142D
IND/CWS_0064_55744582/2021,S:L452R
IND/CWS_0064_55744582/2021,S:P681R
IND/CWS_0064_55744582/2021,S:T19R
IND/CWS_0064_55744582/2021,S:T478K
IND/DL-NCR_NICPR416/2023,S:A27S
IND/DL-NCR_NICPR416/2023,S:D405N
IND/DL-NCR_NICPR416/2023,S:D614G
IND/DL-NCR_NICPR416/2023,S:D796Y
IND/DL-NCR_NICPR416/2023,S:E180V
IND/DL-NCR_NICPR416/2023,S:E484A
IND/DL-NCR_NICPR416/2023,S:F486P
IND/DL-NCR_NICPR416/2023,S:F490S
IND/DL-NCR_NICPR416/2023,S:G142D
IND/DL-NCR_NICPR416/2023,S:G252V
IND/DL-NCR_NICPR416/2023,S:G339H
IND/DL-NCR_NICPR416/2023,S:G446S
IND/DL-NCR_NICPR416/2023,S:H146Q
IND/DL-NCR_NICPR416/2023,S:H655Y
IND/DL-NCR_NICPR416/2023,S:K417N
IND/DL-NCR_NICPR416/2023,S:L24-
IND/DL-NCR_NICPR416/2023,S:L368I
IND/DL-NCR_NICPR416/2023,S:N440K
IND/DL-NCR_NICPR416/2023,S:N460K
IND/DL-NCR_NICPR416/2023,S:N501Y
IND/DL-NCR_NICPR416/2023,S:N679K
IND/DL-NCR_NICPR416/2023,S:N764K
IND/DL-NCR_NICPR416/2023,S:N969K
IND/DL-NCR_NICPR416/2023,S:P25-
IND/DL-NCR_NICPR416/2023,S:P26-
IND/DL-NCR_NICPR416/2023,S:P681H
IND/DL-NCR_NICPR416/2023,S:Q183E
IND/DL-NCR_NICPR416/2023,S:Q498R
IND/DL-NCR_NICPR416/2023,S:R346T
IND/DL-NCR_NICPR416/2023,S:R408S
IND/DL-NCR_NICPR416/2023,S:S371F
IND/DL-NCR_NICPR416/2023,S:S373P
IND/DL-NCR_NICPR416/2023,S:S375F
IND/DL-NCR_NICPR416/2023,S:S477N
IND/DL-NCR_NICPR416/2023,S:T19I
IND/DL-NCR_NICPR416/2023,S:T259A
IND/DL-NCR_NICPR416/2023,S:T376A
IND/DL-NCR_NICPR416/2023,S:T478R
IND/DL-NCR_NICPR416/2023,S:V213E
IND/DL-NCR_NICPR416/2023,S:V445P
IND/DL-NCR_NICPR416/2023,S:Y144-
IND/GBRC-386a/2020,S:D614G
IND/GBRC-386a/2020,S:P812L
IND/GBRC1224/2021,S:A222V
IND/GBRC1224/2021,S:D614G
IND/GBRC1224/2021,S:D950N
IND/GBRC1224/2021,S:E156-
IND/GBRC1224/2021,S:F157-
IND/GBRC1224/2021,S:G142D
IND/GBRC1224/2021,S:L452R
IND/GBRC1224/2021,S:P681R
IND/GBRC1224/2021,S:R158G
IND/GBRC1224/2021,S:T19R
IND/GBRC1224/2021,S:T478K
IND/GBRC600/2021,S:A570D
IND/GBRC600/2021,S:D1118H
IND/GBRC600/2021,S:D614G
IND/GBRC600/2021,S:H69-
IND/GBRC600/2021,S:N501Y
IND/GBRC600/2021,S:P681H
IND/GBRC600/2021,S:P812L
IND/GBRC600/2021,S:S982A
IND/GBRC600/2021,S:T716I
IND/GBRC600/2021,S:V70-
IND/GBRC600/2021,S:Y144-
IND/GBRC641/2021,S:A222V
IND/GBRC641/2021,S:D614G
IND/GBRC641/2021,S:D950N
IND/GBRC641/2021,S:E156-
IND/GBRC641/2021,S:F157-
IND/GBRC641/2021,S:G142D
IND/GBRC641/2021,S:L452R
IND/GBRC641/2021,S:P681R
IND/GBRC641/2021,S:R158G
IND/GBRC641/2021,S:T19R
IND/GBRC641/2021,S:T478K
IND/GBRC691/2021,S:D614G
IND/GBRC691/2021,S:D950N
IND/GBRC691/2021,S:E156-
IND/GBRC691/2021,S:F157-
IND/GBRC691/2021,S:G1219V
IND/GBRC691/2021,S:G142D
IND/GBRC691/2021,S:L452R
IND/GBRC691/2021,S:P681R
IND/GBRC691/2021,S:R158G
IND/GBRC691/2021,S:T19R
IND/GBRC691/2021,S:T478K
IND/GBRC775/2021,S:D614G
IND/GBRC775/2021,S:D950N
IND/GBRC775/2021,S:E156-
IND/GBRC775/2021,S:F157-
IND/GBRC775/2021,S:G142D
IND/GBRC775/2021,S:L452R
IND/GBRC775/2021,S:P681R
IND/GBRC775/2021,S:R158G
IND/GBRC775/2021,S:T19R
IND/GBRC775/2021,S:T478K
IND/GBRC828/2021,S:D614G
IND/GBRC828/2021,S:D95T
IND/GBRC828/2021,S:E156-
IND/GBRC828/2021,S:F157-
IND/GBRC828/2021,S:G142D
IND/GBRC828/2021,S:L452R
IND/GBRC828/2021,S:P681R
IND/GBRC828/2021,S:R158G
IND/GBRC828/2021,S:T19R
IND/GBRC828/2021,S:T478K
IND/INSACOG-GBRC1369/2021,S:D1153Y
IND/INSACOG-GBRC1369/2021,S:D614G
IND/INSACOG-GBRC1369/2021,S:E154K
IND/INSACOG-GBRC1369/2021,S:E484Q
IND/INSACOG-GBRC1369/2021,S:L452R
IND/INSACOG-GBRC1369/2021,S:P681R
IND/INSACOG-GBRC1369/2021,S:V382L
IND/INSACOG-GBRC1386/2021,S:D614G
IND/INSACOG-GBRC1386/2021,S:E154K
IND/INSACOG-GBRC1386/2021,S:E484Q
IND/INSACOG-GBRC1386/2021,S:L452R
IND/INSACOG-GBRC1386/2021,S:P681R
IND/INSACOG-GBRC1386/2021,S:T95I
IND/KA-NIMH-SEQ-101/2020,S:D614G
IND/KA-NIMH-SEQ-101/2020,S:N440K
IND/KA-NIMH-SEQ-109/2021,S:A570D
IND/KA-NIMH-SEQ-109/2021,S:D1118H
IND/KA-NIMH-SEQ-109/2021,S:D614G
IND/KA-NIMH-SEQ-109/2021,S:H69-
IND/KA-NIMH-SEQ-109/2021,S:N501Y
IND/KA-NIMH-SEQ-109/2021,S:P681H
IND/KA-NIMH-SEQ-109/2021,S:S982A
IND/KA-NIMH-SEQ-109/2021,S:T716I
IND/KA-NIMH-SEQ-109/2021,S:V70-
IND/KA-NIMH-SEQ-109/2021,S:Y144-
IND/NGS-1031/2022,S:A27S
IND/NGS-1031/2022,S:D1199N
IND/NGS-1031/2022,S:D405N
IND/NGS-1031/2022,S:D614G
IND/NGS-1031/2022,S:D796Y
IND/NGS-1031/2022,S:E484A
IND/NGS-1031/2022,S:F157L
IND/NGS-1031/2022,S:F486S
IND/NGS-1031/2022,S:G142D
IND/NGS-1031/2022,S:G257S
IND/NGS-1031/2022,S:G339H
IND/NGS-1031/2022,S:G446S
IND/NGS-1031/2022,S:H655Y
IND/NGS-1031/2022,S:I210V
IND/NGS-1031/2022,S:K147E
IND/NGS-1031/2022,S:K417N
IND/NGS-1031/2022,S:L24-
IND/NGS-1031/2022,S:N440K
IND/NGS-1031/2022,S:N460K
IND/NGS-1031/2022,S:N501Y
IND/NGS-1031/2022,S:N679K
IND/NGS-1031/2022,S:N764K
IND/NGS-1031/2022,S:N969K
IND/NGS-1031/2022,S:P25-
IND/NGS-1031/2022,S:P26-
IND/NGS-1031/2022,S:P681H
IND/NGS-1031/2022,S:Q498R
IND/NGS-1031/2022,S:R346T
IND/NGS-1031/2022,S:R408S
IND/NGS-1031/2022,S:S371F
IND/NGS-1031/2022,S:S373P
IND/NGS-1031/2022,S:S375F
IND/NGS-1031/2022,S:S477N
IND/NGS-1031/2022,S:S494P
IND/NGS-1031/2022,S:T19I
IND/NGS-1031/2022,S:T376A
IND/NGS-1031/2022,S:T478K
IND/NGS-1031/2022,S:V213G
IND/NGS-1031/2022,S:W152R
IND/NGS-1053/2022,S:A27S
IND/NGS-1053/2022,S:D405N
IND/NGS-1053/2022,S:D614G
IND/NGS-1053/2022,S:D796Y
IND/NGS-1053/2022,S:E484A
IND/NGS-1053/2022,S:F157L
IND/NGS-1053/2022,S:G142D
IND/NGS-1053/2022,S:G257S
IND/NGS-1053/2022,S:G339H
IND/NGS-1053/2022,S:G446S
IND/NGS-1053/2022,S:H655Y
IND/NGS-1053/2022,S:I210V
IND/NGS-1053/2022,S:K147E
IND/NGS-1053/2022,S:K356T
IND/NGS-1053/2022,S:K417N
IND/NGS-1053/2022,S:L24-
IND/NGS-1053/2022,S:N440K
IND/NGS-1053/2022,S:N460K
IND/NGS-1053/2022,S:N501Y
IND/NGS-1053/2022,S:N679K
IND/NGS-1053/2022,S:N764K
IND/NGS-1053/2022,S:N969K
IND/NGS-1053/2022,S:P25-
IND/NGS-1053/2022,S:P26-
IND/NGS-1053/2022,S:P681H
IND/NGS-1053/2022,S:Q498R
IND/NGS-1053/2022,S:R408S
IND/NGS-1053/2022,S:S371F
IND/NGS-1053/2022,S:S373P
IND/NGS-1053/2022,S:S375F
IND/NGS-1053/2022,S:S477N
IND/NGS-1053/2022,S:T19I
IND/NGS-1053/2022,S:T376A
IND/NGS-1053/2022,S:T478K
IND/NGS-1053/2022,S:V213G
IND/NGS-1053/2022,S:W152R
IND/NGS-1053/2022,S:Y505H
IND/NGS-1196/2022,S:A27S
IND/NGS-1196/2022,S:D1199N
IND/NGS-1196/2022,S:D405N
IND/NGS-1196/2022,S:D614G
IND/NGS-1196/2022,S:D796Y
IND/NGS-1196/2022,S:E484A
IND/NGS-1196/2022,S:F157L
IND/NGS-1196/2022,S:F486S
IND/NGS-1196/2022,S:G142D
IND/NGS-1196/2022,S:G257S
IND/NGS-1196/2022,S:G339H
IND/NGS-1196/2022,S:G446S
IND/NGS-1196/2022,S:H655Y
IND/NGS-1196/2022,S:I210V
IND/NGS-1196/2022,S:K147E
IND/NGS-1196/2022,S:K417N
IND/NGS-1196/2022,S:L24-
IND/NGS-1196/2022,S:N440K
IND/NGS-1196/2022,S:N460K
IND/NGS-1196/2022,S:N501Y
IND/NGS-1196/2022,S:N679K
IND/NGS-1196/2022,S:N764K
IND/NGS-1196/2022,S:N969K
IND/NGS-1196/2022,S:P25-
IND/NGS-1196/2022,S:P26-
IND/NGS-1196/2022,S:P681H
IND/NGS-1196/2022,S:Q498R
IND/NGS-1196/2022,S:R346T
IND/NGS-1196/2022,S:R408S
IND/NGS-1196/2022,S:S371F
IND/NGS-1196/2022,S:S373P
IND/NGS-1196/2022,S:S375F
IND/NGS-1196/2022,S:S477N
IND/NGS-1196/2022,S:T19I
IND/NGS-1196/2022,S:T376A
IND/NGS-1196/2022,S:T478K
IND/NGS-1196/2022,S:V213G
IND/NGS-1196/2022,S:W152R
IND/NGS-1196/2022,S:Y505H
IND/NGS-1206/2022,S:A27S
IND/NGS-1206/2022,S:A653V
IND/NGS-1206/2022,S:D405N
IND/NGS-1206/2022,S:D614G
IND/NGS-1206/2022,S:D796Y
IND/NGS-1206/2022,S:E484A
IND/NGS-1206/2022,S:F486S
IND/NGS-1206/2022,S:F490S
IND/NGS-1206/2022,S:G142D
IND/NGS-1206/2022,S:G339H
IND/NGS-1206/2022,S:G446S
IND/NGS-1206/2022,S:H146Q
IND/NGS-1206/2022,S:H655Y
IND/NGS-1206/2022,S:K417N
IND/NGS-1206/2022,S:L24-
IND/NGS-1206/2022,S:L368I
IND/NGS-1206/2022,S:N440K
IND/NGS-1206/2022,S:N460K
IND/NGS-1206/2022,S:N501Y
IND/NGS-1206/2022,S:N679K
IND/NGS-1206/2022,S:N764K
IND/NGS-1206/2022,S:N969K
IND/NGS-1206/2022,S:P25-
IND/NGS-1206/2022,S:P26-
IND/NGS-1206/2022,S:P681H
IND/NGS-1206/2022,S:Q183E
IND/NGS-1206/2022,S:Q498R
IND/NGS-1206/2022,S:R346T
IND/NGS-1206/2022,S:R408S
IND/NGS-1206/2022,S:S371F
IND/NGS-1206/2022,S:S373P
IND/NGS-1206/2022,S:S375F
IND/NGS-1206/2022,S:S477N
IND/NGS-1206/2022,S:T19I
IND/NGS-1206/2022,S:T376A
IND/NGS-1206/2022,S:T478K
IND/NGS-1206/2022,S:V213E
IND/NGS-1206/2022,S:V445P
IND/NGS-1206/2022,S:Y144-
IND/NGS-1206/2022,S:Y505H
IND/NGS-1242/2022,S:A27S
IND/NGS-1242/2022,S:D405N
IND/NGS-1242/2022,S:D614G
IND/NGS-1242/2022,S:D796Y
IND/NGS-1242/2022,S:E484A
IND/NGS-1242/2022,S:F486S
IND/NGS-1242/2022,S:F490S
IND/NGS-1242/2022,S:G142D
IND/NGS-1242/2022,S:G252V
IND/NGS-1242/2022,S:G339H
IND/NGS-1242/2022,S:G446S
IND/NGS-1242/2022,S:H146Q
IND/NGS-1242/2022,S:H655Y
IND/NGS-1242/2022,S:K417N
IND/NGS-1242/2022,S:L24-
IND/NGS-1242/2022,S:L368I
IND/NGS-1242/2022,S:N440K
IND/NGS-1242/2022,S:N460K
IND/NGS-1242/2022,S:N501Y
IND/NGS-1242/2022,S:N679K
IND/NGS-1242/2022,S:N764K
IND/NGS-1242/2022,S:N969K
IND/NGS-1242/2022,S:P25-
IND/NGS-1242/2022,S:P26-
IND/NGS-1242/2022,S:P681H
IND/NGS-1242/2022,S:Q183E
IND/NGS-1242/2022,S:Q498R
IND/NGS-1242/2022,S:R346T
IND/NGS-1242/2022,S:R408S
IND/NGS-1242/2022,S:S371F
IND/NGS-1242/2022,S:S373P
IND/NGS-1242/2022,S:S375F
IND/NGS-1242/2022,S:S477N
IND/NGS-1242/2022,S:T19I
IND/NGS-1242/2022,S:T376A
IND/NGS-1242/2022,S:T478K
IND/NGS-1242/2022,S:V213E
IND/NGS-1242/2022,S:V445P
IND/NGS-1242/2022,S:Y144-
IND/NGS-133/2022,S:A27S
IND/NGS-133/2022,S:D405N
IND/NGS-133/2022,S:D614G
IND/NGS-133/2022,S:D796Y
IND/NGS-133/2022,S:E484A
IND/NGS-133/2022,S:F486S
IND/NGS-133/2022,S:F490S
IND/NGS-133/2022,S:G142D
IND/NGS-133/2022,S:G339H
IND/NGS-133/2022,S:G446S
IND/NGS-133/2022,S:H146Q
IND/NGS-133/2022,S:H655Y
IND/NGS-133/2022,S:K417N
IND/NGS-133/2022,S:L24-
IND/NGS-133/2022,S:L368I
IND/NGS-133/2022,S:N440K
IND/NGS-133/2022,S:N460K
IND/NGS-133/2022,S:N501Y
IND/NGS-133/2022,S:N679K
IND/NGS-133/2022,S:N764K
IND/NGS-133/2022,S:N969K
IND/NGS-133/2022,S:P25-
IND/NGS-133/2022,S:P26-
IND/NGS-133/2022,S:P681H
IND/NGS-133/2022,S:Q183E
IND/NGS-133/2022,S:Q498R
IND/NGS-133/2022,S:R346T
IND/NGS-133/2022,S:R408S
IND/NGS-133/2022,S:S371F
IND/NGS-133/2022,S:S373P
IND/NGS-133/2022,S:S375F
IND/NGS-133/2022,S:S477N
IND/NGS-133/2022,S:T19I
IND/NGS-133/2022,S:T376A
IND/NGS-133/2022,S:T478K
IND/NGS-133/2022,S:V213E
IND/NGS-133/2022,S:V445P
IND/NGS-133/2022,S:Y144-
IND/NGS-133/2022,S:Y505H
IND/NGS-1410/2023,S:A27S
IND/NGS-1410/2023,S:D405N
IND/NGS-1410/2023,S:D614G
IND/NGS-1410/2023,S:D796Y
IND/NGS-1410/2023,S:E484A
IND/NGS-1410/2023,S:F486V
IND/NGS-1410/2023,S:G142D
IND/NGS-1410/2023,S:G339D
IND/NGS-1410/2023,S:H655Y
IND/NGS-1410/2023,S:H69-
IND/NGS-1410/2023,S:K417N
IND/NGS-1410/2023,S:K444T
IND/NGS-1410/2023,S:L24-
IND/NGS-1410/2023,S:L452R
IND/NGS-1410/2023,S:N440K
IND/NGS-1410/2023,S:N460K
IND/NGS-1410/2023,S:N501Y
IND/NGS-1410/2023,S:N679K
IND/NGS-1410/2023,S:N764K
IND/NGS-1410/2023,S:N969K
IND/NGS-1410/2023,S:P25-
IND/NGS-1410/2023,S:P26-
IND/NGS-1410/2023,S:P681H
IND/NGS-1410/2023,S:Q498R
IND/NGS-1410/2023,S:R408S
IND/NGS-1410/2023,S:S371F
IND/NGS-1410/2023,S:S373P
IND/NGS-1410/2023,S:S375F
IND/NGS-1410/2023,S:S477N
IND/NGS-1410/2023,S:T19I
IND/NGS-1410/2023,S:T376A
IND/NGS-1410/2023,S:T478K
IND/NGS-1410/2023,S:V213G
IND/NGS-1410/2023,S:V70-
IND/NGS-149/2021,S:D614G
IND/NGS-149/2021,S:D796Y
IND/NGS-149/2021,S:E484A
IND/NGS-149/2021,S:G142-
IND/NGS-149/2021,S:G339D
IND/NGS-149/2021,S:G446S
IND/NGS-149/2021,S:G496S
IND/NGS-149/2021,S:H655Y
IND/NGS-149/2021,S:H69-
IND/NGS-149/2021,S:K417N
IND/NGS-149/2021,S:L212I
IND/NGS-149/2021,S:L981F
IND/NGS-149/2021,S:N211-
IND/NGS-149/2021,S:N440K
IND/NGS-149/2021,S:N501Y
IND/NGS-149/2021,S:N67V
IND/NGS-149/2021,S:N764K
IND/NGS-149/2021,S:N856K
IND/NGS-149/2021,S:N969K
IND/NGS-149/2021,S:P681H
IND/NGS-149/2021,S:Q493R
IND/NGS-149/2021,S:Q498R
IND/NGS-149/2021,S:S371L
IND/NGS-149/2021,S:S373P
IND/NGS-149/2021,S:S375F
IND/NGS-149/2021,S:S477N
IND/NGS-149/2021,S:T478K
IND/NGS-149/2021,S:T547K
IND/NGS-149/2021,S:V143-
IND/NGS-149/2021,S:V70-
IND/NGS-149/2021,S:Y144-
IND/NGS-149/2021,S:Y145D
IND/NGS-149/2021,S:Y505H
IND/NGS-184/2022,S:A27S
IND/NGS-184/2022,S:D405N
IND/NGS-184/2022,S:D614G
IND/NGS-184/2022,S:D796Y
IND/NGS-184/2022,S:E484A
IND/NGS-184/2022,S:F486S
IND/NGS-184/2022,S:F490S
IND/NGS-184/2022,S:G142D
IND/NGS-184/2022,S:G252V
IND/NGS-184/2022,S:G339H
IND/NGS-184/2022,S:G446S
IND/NGS-184/2022,S:H146Q
IND/NGS-184/2022,S:H655Y
IND/NGS-184/2022,S:K417N
IND/NGS-184/2022,S:L24-
IND/NGS-184/2022,S:L368I
IND/NGS-184/2022,S:N440K
IND/NGS-184/2022,S:N460K
IND/NGS-184/2022,S:N501Y
IND/NGS-184/2022,S:N679K
IND/NGS-184/2022,S:N764K
IND/NGS-184/2022,S:N969K
IND/NGS-184/2022,S:P25-
IND/NGS-184/2022,S:P26-
IND/NGS-184/2022,S:P681H
IND/NGS-184/2022,S:Q183E
IND/NGS-184/2022,S:Q498R
IND/NGS-184/2022,S:R346T
IND/NGS-184/2022,S:R408S
IND/NGS-184/2022,S:S371F
IND/NGS-184/2022,S:S373P
IND/NGS-184/2022,S:S375F
IND/NGS-184/2022,S:S477N
IND/NGS-184/2022,S:T19I
IND/NGS-184/2022,S:T376A
IND/NGS-184/2022,S:T478K
IND/NGS-184/2022,S:V213E
IND/NGS-184/2022,S:V445P
IND/NGS-184/2022,S:Y144-
IND/NGS-184/2022,S:Y505H
IND/NGS-193/2022,S:A27S
IND/NGS-193/2022,S:D253G
IND/NGS-193/2022,S:D405N
IND/NGS-193/2022,S:D614G
IND/NGS-193/2022,S:D796Y
IND/NGS-193/2022,S:E484A
IND/NGS-193/2022,S:F486S
IND/NGS-193/2022,S:F490S
IND/NGS-193/2022,S:G142D
IND/NGS-193/2022,S:G339H
IND/NGS-193/2022,S:G446S
IND/NGS-193/2022,S:H146Q
IND/NGS-193/2022,S:H655Y
IND/NGS-193/2022,S:K417N
IND/NGS-193/2022,S:L24-
IND/NGS-193/2022,S:L368I
IND/NGS-193/2022,S:N440K
IND/NGS-193/2022,S:N460K
IND/NGS-193/2022,S:N501Y
IND/NGS-193/2022,S:N67S
IND/NGS-193/2022,S:N764K
IND/NGS-193/2022,S:N969K
IND/NGS-193/2022,S:P25-
IND/NGS-193/2022,S:P26-
IND/NGS-193/2022,S:P521Q
IND/NGS-193/2022,S:P681H
IND/NGS-193/2022,S:Q183E
IND/NGS-193/2022,S:Q498R
IND/NGS-193/2022,S:R346T
IND/NGS-193/2022,S:R408S
IND/NGS-193/2022,S:S371F
IND/NGS-193/2022,S:S373P
IND/NGS-193/2022,S:S375F
IND/NGS-193/2022,S:S477N
IND/NGS-193/2022,S:T19I
IND/NGS-193/2022,S:T376A
IND/NGS-193/2022,S:T478K
IND/NGS-193/2022,S:V213E
IND/NGS-193/2022,S:V445P
IND/NGS-193/2022,S:Y144-
IND/NGS-235/2023,S:A27S
IND/NGS-235/2023,S:D405N
IND/NGS-235/2023,S:D614G
IND/NGS-235/2023,S:D796Y
IND/NGS-235/2023,S:E484A
IND/NGS-235/2023,S:F486S
IND/NGS-235/2023,S:F490S
IND/NGS-235/2023,S:G142D
IND/NGS-235/2023,S:G252V
IND/NGS-235/2023,S:G339H
IND/NGS-235/2023,S:G446S
IND/NGS-235/2023,S:H146Q
IND/NGS-235/2023,S:H655Y
IND/NGS-235/2023,S:K417N
IND/NGS-235/2023,S:L24-
IND/NGS-235/2023,S:L368I
IND/NGS-235/2023,S:N440K
IND/NGS-235/2023,S:N460K
IND/NGS-235/2023,S:N501Y
IND/NGS-235/2023,S:N679K
IND/NGS-235/2023,S:N764K
IND/NGS-235/2023,S:N969K
IND/NGS-235/2023,S:P25-
IND/NGS-235/2023,S:P26-
IND/NGS-235/2023,S:P681H
IND/NGS-235/2023,S:Q183E
IND/NGS-235/2023,S:Q498R
IND/NGS-235/2023,S:R346T
IND/NGS-235/2023,S:R408S
IND/NGS-235/2023,S:S371F
IND/NGS-235/2023,S:S373P
IND/NGS-235/2023,S:S375F
IND/NGS-235/2023,S:S477N
IND/NGS-235/2023,S:T19I
IND/NGS-235/2023,S:T376A
IND/NGS-235/2023,S:T478K
IND/NGS-235/2023,S:V213E
IND/NGS-235/2023,S:V445P
IND/NGS-235/2023,S:Y144-
IND/NGS-235/2023,S:Y505H
IND/NGS-589/2022,S:A27S
IND/NGS-589/2022,S:D405N
IND/NGS-589/2022,S:D614G
IND/NGS-589/2022,S:D796Y
IND/NGS-589/2022,S:E1202Q
IND/NGS-589/2022,S:E484A
IND/NGS-589/2022,S:G142D
IND/NGS-589/2022,S:G339D
IND/NGS-589/2022,S:H655Y
IND/NGS-589/2022,S:K417N
IND/NGS-589/2022,S:L24-
IND/NGS-589/2022,S:N440K
IND/NGS-589/2022,S:N501Y
IND/NGS-589/2022,S:N679K
IND/NGS-589/2022,S:N764K
IND/NGS-589/2022,S:N969K
IND/NGS-589/2022,S:P25-
IND/NGS-589/2022,S:P26-
IND/NGS-589/2022,S:P681H
IND/NGS-589/2022,S:Q493R
IND/NGS-589/2022,S:Q498R
IND/NGS-589/2022,S:R408S
IND/NGS-589/2022,S:S371Y
IND/NGS-589/2022,S:S373P
IND/NGS-589/2022,S:S375F
IND/NGS-589/2022,S:S477N
IND/NGS-589/2022,S:T19I
IND/NGS-589/2022,S:T376A
IND/NGS-589/2022,S:T478K
IND/NGS-589/2022,S:V213G
IND/NGS-589/2022,S:Y505H
IND/NGS-592/2022,S:A27S
IND/NGS-592/2022,S:D405N
IND/NGS-592/2022,S:D614G
IND/NGS-592/2022,S:D796Y
IND/NGS-592/2022,S:E484A
IND/NGS-592/2022,S:F486V
IND/NGS-592/2022,S:G142D
IND/NGS-592/2022,S:G339D
IND/NGS-592/2022,S:H655Y
IND/NGS-592/2022,S:H69-
IND/NGS-592/2022,S:K417N
IND/NGS-592/2022,S:L24-
IND/NGS-592/2022,S:L452R
IND/NGS-592/2022,S:N440K
IND/NGS-592/2022,S:N501Y
IND/NGS-592/2022,S:N658S
IND/NGS-592/2022,S:N679K
IND/NGS-592/2022,S:N764K
IND/NGS-592/2022,S:N969K
IND/NGS-592/2022,S:P25-
IND/NGS-592/2022,S:P26-
IND/NGS-592/2022,S:P681H
IND/NGS-592/2022,S:Q498R
IND/NGS-592/2022,S:R408S
IND/NGS-592/2022,S:S371F
IND/NGS-592/2022,S:S373P
IND/NGS-592/2022,S:S375F
IND/NGS-592/2022,S:S477N
IND/NGS-592/2022,S:T19I
IND/NGS-592/2022,S:T376A
IND/NGS-592/2022,S:T478K
IND/NGS-592/2022,S:V213G
IND/NGS-592/2022,S:V70-
IND/NGS-592/2022,S:Y505H
IND/NGS-771/2022,S:A27S
IND/NGS-771/2022,S:D405N
IND/NGS-771/2022,S:D614G
IND/NGS-771/2022,S:D796Y
IND/NGS-771/2022,S:E1202Q
IND/NGS-771/2022,S:E484A
IND/NGS-771/2022,S:G142D
IND/NGS-771/2022,S:G339D
IND/NGS-771/2022,S:H655Y
IND/NGS-771/2022,S:K417N
IND/NGS-771/2022,S:L24-
IND/NGS-771/2022,S:N440K
IND/NGS-771/2022,S:N501Y
IND/NGS-771/2022,S:N679K
IND/NGS-771/2022,S:N764K
IND/NGS-771/2022,S:N969K
IND/NGS-771/2022,S:P25-
IND/NGS-771/2022,S:P26-
IND/NGS-771/2022,S:P681H
IND/NGS-771/2022,S:Q493R
IND/NGS-771/2022,S:Q498R
IND/NGS-771/2022,S:R408S
IND/NGS-771/2022,S:S371Y
IND/NGS-771/2022,S:S373P
IND/NGS-771/2022,S:S375F
IND/NGS-771/2022,S:S477N
IND/NGS-771/2022,S:T19I
IND/NGS-771/2022,S:T376A
IND/NGS-771/2022,S:T478K
IND/NGS-771/2022,S:V213G
IND/NGS-771/2022,S:Y505H
IND/NGS-838/2022,S:A27S
IND/NGS-838/2022,S:D405N
IND/NGS-838/2022,S:D614G
IND/NGS-838/2022,S:D796Y
IND/NGS-838/2022,S:E484A
IND/NGS-838/2022,S:F486V
IND/NGS-838/2022,S:G142D
IND/NGS-838/2022,S:G339D
IND/NGS-838/2022,S:H655Y
IND/NGS-838/2022,S:H69-
IND/NGS-838/2022,S:K417N
IND/NGS-838/2022,S:L24-
IND/NGS-838/2022,S:L452R
IND/NGS-838/2022,S:N440K
IND/NGS-838/2022,S:N501Y
IND/NGS-838/2022,S:N679K
IND/NGS-838/2022,S:N764K
IND/NGS-838/2022,S:N969K
IND/NGS-838/2022,S:P25-
IND/NGS-838/2022,S:P26-
IND/NGS-838/2022,S:P681H
IND/NGS-838/2022,S:Q498R
IND/NGS-838/2022,S:R408S
IND/NGS-838/2022,S:S371F
IND/NGS-838/2022,S:S373P
IND/NGS-838/2022,S:S375F
IND/NGS-838/2022,S:S477N
IND/NGS-838/2022,S:T19I
IND/NGS-838/2022,S:T376A
IND/NGS-838/2022,S:T478K
IND/NGS-838/2022,S:V213G
IND/NGS-838/2022,S:V70-
IND/NGS-838/2022,S:Y505H
IND/NGS-902/2022,S:A27S
IND/NGS-902/2022,S:D405N
IND/NGS-902/2022,S:D614G
IND/NGS-902/2022,S:D796Y
IND/NGS-902/2022,S:E484A
IND/NGS-902/2022,S:F486V
IND/NGS-902/2022,S:G142D
IND/NGS-902/2022,S:H655Y
IND/NGS-902/2022,S:H69-
IND/NGS-902/2022,S:K417N
IND/NGS-902/2022,S:L24-
IND/NGS-902/2022,S:L452R
IND/NGS-902/2022,S:N440K
IND/NGS-902/2022,S:N501Y
IND/NGS-902/2022,S:N679K
IND/NGS-902/2022,S:N764K
IND/NGS-902/2022,S:N969K
IND/NGS-902/2022,S:P25-
IND/NGS-902/2022,S:P26-
IND/NGS-902/2022,S:P681H
IND/NGS-902/2022,S:Q498R
IND/NGS-902/2022,S:R346T
IND/NGS-902/2022,S:R408S
IND/NGS-902/2022,S:S477N
IND/NGS-902/2022,S:T19I
IND/NGS-902/2022,S:T478K
IND/NGS-902/2022,S:V213G
IND/NGS-902/2022,S:V70-
IND/NGS-993/2022,S:A27S
IND/NGS-993/2022,S:D405N
IND/NGS-993/2022,S:D614G
IND/NGS-993/2022,S:D796Y
IND/NGS-993/2022,S:E484A
IND/NGS-993/2022,S:F486V
IND/NGS-993/2022,S:G142D
IND/NGS-993/2022,S:G339D
IND/NGS-993/2022,S:H655Y
IND/NGS-993/2022,S:H69-
IND/NGS-993/2022,S:K417N
IND/NGS-993/2022,S:L24-
IND/NGS-993/2022,S:L452R
IND/NGS-993/2022,S:N440K
IND/NGS-993/2022,S:N501Y
IND/NGS-993/2022,S:N679K
IND/NGS-993/2022,S:N764K
IND/NGS-993/2022,S:N969K
IND/NGS-993/2022,S:P25-
IND/NGS-993/2022,S:P26-
IND/NGS-993/2022,S:P681H
IND/NGS-993/2022,S:Q498R
IND/NGS-993/2022,S:R408S
IND/NGS-993/2022,S:S371F
IND/NGS-993/2022,S:S373P
IND/NGS-993/2022,S:S375F
IND/NGS-993/2022,S:S477N
IND/NGS-993/2022,S:T19I
IND/NGS-993/2022,S:T259A
IND/NGS-993/2022,S:T376A
IND/NGS-993/2022,S:T478K
IND/NGS-993/2022,S:V213G
IND/NGS-993/2022,S:V70-
IND/NGS-993/2022,S:Y505H
IND/NGS-999/2022,S:A27S
IND/NGS-999/2022,S:D405N
IND/NGS-999/2022,S:D574V
IND/NGS-999/2022,S:D614G
IND/NGS-999/2022,S:D796Y
IND/NGS-999/2022,S:E484A
IND/NGS-999/2022,S:F157L
IND/NGS-999/2022,S:G142D
IND/NGS-999/2022,S:G257S
IND/NGS-999/2022,S:G339H
IND/NGS-999/2022,S:G446S
IND/NGS-999/2022,S:H655Y
IND/NGS-999/2022,S:I210V
IND/NGS-999/2022,S:K147E
IND/NGS-999/2022,S:K417N
IND/NGS-999/2022,S:L24-
IND/NGS-999/2022,S:N440K
IND/NGS-999/2022,S:N460K
IND/NGS-999/2022,S:N501Y
IND/NGS-999/2022,S:N679K
IND/NGS-999/2022,S:N764K
IND/NGS-999/2022,S:N969K
IND/NGS-999/2022,S:P25-
IND/NGS-999/2022,S:P26-
IND/NGS-999/2022,S:P681H
IND/NGS-999/2022,S:Q498R
IND/NGS-999/2022,S:R408S
IND/NGS-999/2022,S:S371F
IND/NGS-999/2022,S:S373P
IND/NGS-999/2022,S:S375F
IND/NGS-999/2022,S:S477N
IND/NGS-999/2022,S:T19I
IND/NGS-999/2022,S:T376A
IND/NGS-999/2022,S:T478K
IND/NGS-999/2022,S:V213G
IND/NGS-999/2022,S:W152R
IND/NGS-999/2022,S:Y505H
IND/NIB148306/2021,S:A623V
IND/NIB148306/2021,S:D614G
IND/NIB148306/2021,S:D950N
IND/NIB148306/2021,S:G142D
IND/NIB148306/2021,S:L452R
IND/NIB148306/2021,S:P681R
IND/NIB148306/2021,S:T19R
IND/NIB148306/2021,S:T478K
IND/NIB259368/2022,S:D405N
IND/NIB259368/2022,S:D614G
IND/NIB259368/2022,S:D796Y
IND/NIB259368/2022,S:E484A
IND/NIB259368/2022,S:G142D
IND/NIB259368/2022,S:G339D
IND/NIB259368/2022,S:H655Y
IND/NIB259368/2022,S:K417N
IND/NIB259368/2022,S:N440K
IND/NIB259368/2022,S:N501Y
IND/NIB259368/2022,S:N679K
IND/NIB259368/2022,S:N764K
IND/NIB259368/2022,S:N969K
IND/NIB259368/2022,S:P681H
IND/NIB259368/2022,S:Q493R
IND/NIB259368/2022,S:Q498R
IND/NIB259368/2022,S:R408S
IND/NIB259368/2022,S:S371F
IND/NIB259368/2022,S:S373P
IND/NIB259368/2022,S:S375F
IND/NIB259368/2022,S:S477N
IND/NIB259368/2022,S:T19I
IND/NIB259368/2022,S:T376A
IND/NIB259368/2022,S:T478K
IND/NIB259368/2022,S:V213G
IND/NIB259368/2022,S:Y505H
IND/NICPR415/2023,S:A27S
IND/NICPR415/2023,S:D253G
IND/NICPR415/2023,S:D405N
IND/NICPR415/2023,S:D614G
IND/NICPR415/2023,S:D796Y
IND/NICPR415/2023,S:E484A
IND/NICPR415/2023,S:F486P
IND/NICPR415/2023,S:F490S
IND/NICPR415/2023,S:G142D
IND/NICPR415/2023,S:G339H
IND/NICPR415/2023,S:G446S
IND/NICPR415/2023,S:H146Q
IND/NICPR415/2023,S:H655Y
IND/NICPR415/2023,S:K417N
IND/NICPR415/2023,S:L24-
IND/NICPR415/2023,S:L368I
IND/NICPR415/2023,S:N440K
IND/NICPR415/2023,S:N460K
IND/NICPR415/2023,S:N501Y
IND/NICPR415/2023,S:N679K
IND/NICPR415/2023,S:N764K
IND/NICPR415/2023,S:N969K
IND/NICPR415/2023,S:P25-
IND/NICPR415/2023,S:P26-
IND/NICPR415/2023,S:P521S
IND/NICPR415/2023,S:P681H
IND/NICPR415/2023,S:Q183E
IND/NICPR415/2023,S:Q498R
IND/NICPR415/2023,S:R346T
IND/NICPR415/2023,S:R408S
IND/NICPR415/2023,S:S371F
IND/NICPR415/2023,S:S373P
IND/NICPR415/2023,S:S375F
IND/NICPR415/2023,S:S477N
IND/NICPR415/2023,S:T19I
IND/NICPR415/2023,S:T376A
IND/NICPR415/2023,S:T478N
IND/NICPR415/2023,S:V213E
IND/NICPR415/2023,S:V445P
IND/NICPR415/2023,S:Y144-
IND/NICPR418/2023,S:A27S
IND/NICPR418/2023,S:D405N
IND/NICPR418/2023,S:D614G
IND/NICPR418/2023,S:D796Y
IND/NICPR418/2023,S:E180V
IND/NICPR418/2023,S:E484A
IND/NICPR418/2023,S:F486P
IND/NICPR418/2023,S:F490S
IND/NICPR418/2023,S:G142D
IND/NICPR418/2023,S:G252V
IND/NICPR418/2023,S:G339H
IND/NICPR418/2023,S:G446S
IND/NICPR418/2023,S:H146Q
IND/NICPR418/2023,S:H655Y
IND/NICPR418/2023,S:K417N
IND/NICPR418/2023,S:L24-
IND/NICPR418/2023,S:L368I
IND/NICPR418/2023,S:N440K
IND/NICPR418/2023,S:N460K
IND/NICPR418/2023,S:N501Y
IND/NICPR418/2023,S:N679K
IND/NICPR418/2023,S:N764K
IND/NICPR418/2023,S:N969K
IND/NICPR418/2023,S:P25-
IND/NICPR418/2023,S:P26-
IND/NICPR418/2023,S:P681H
IND/NICPR418/2023,S:Q183E
IND/NICPR418/2023,S:Q498R
IND/NICPR418/2023,S:R346T
IND/NICPR418/2023,S:R408S
IND/NICPR418/2023,S:S371F
IND/NICPR418/2023,S:S373P
IND/NICPR418/2023,S:S375F
IND/NICPR418/2023,S:S477N
IND/NICPR418/2023,S:T19I
IND/NICPR418/2023,S:T376A
IND/NICPR418/2023,S:T478R
IND/NICPR418/2023,S:V213E
IND/NICPR418/2023,S:V445P
IND/NICPR418/2023,S:Y144-
IND/NICPR418/2023,S:Y505H
IND/NICPR437/2023,S:A27S
IND/NICPR437/2023,S:D405N
IND/NICPR437/2023,S:D614G
IND/NICPR437/2023,S:D796Y
IND/NICPR437/2023,S:E180V
IND/NICPR437/2023,S:E484A
IND/NICPR437/2023,S:F486P
IND/NICPR437/2023,S:F490S
IND/NICPR437/2023,S:G142D
IND/NICPR437/2023,S:G252V
IND/NICPR437/2023,S:G339H
IND/NICPR437/2023,S:G446S
IND/NICPR437/2023,S:H146Q
IND/NICPR437/2023,S:H655Y
IND/NICPR437/2023,S:K417N
IND/NICPR437/2023,S:L24-
IND/NICPR437/2023,S:L368I
IND/NICPR437/2023,S:N440K
IND/NICPR437/2023,S:N460K
IND/NICPR437/2023,S:N501Y
IND/NICPR437/2023,S:N679K
IND/NICPR437/2023,S:N764K
IND/NICPR437/2023,S:N969K
IND/NICPR437/2023,S:P25-
IND/NICPR437/2023,S:P26-
IND/NICPR437/2023,S:P681H
IND/NICPR437/2023,S:Q183E
IND/NICPR437/2023,S:Q498R
IND/NICPR437/2023,S:R190S
IND/NICPR437/2023,S:R346T
IND/NICPR437/2023,S:R408S
IND/NICPR437/2023,S:S371F
IND/NICPR437/2023,S:S373P
IND/NICPR437/2023,S:S375F
IND/NICPR437/2023,S:S477N
IND/NICPR437/2023,S:T19I
IND/NICPR437/2023,S:T376A
IND/NICPR437/2023,S:T478R
IND/NICPR437/2023,S:V213E
IND/NICPR437/2023,S:V445P
IND/NICPR437/2023,S:Y144-
IND/Sample180/2022,S:A27S
IND/Sample180/2022,S:D405N
IND/Sample180/2022,S:D614G
IND/Sample180/2022,S:D796Y
IND/Sample180/2022,S:E484A
IND/Sample180/2022,S:F486S
IND/Sample180/2022,S:F490S
IND/Sample180/2022,S:F86A
IND/Sample180/2022,S:G142D
IND/Sample180/2022,S:G252V
IND/Sample180/2022,S:G339H
IND/Sample180/2022,S:G446S
IND/Sample180/2022,S:H146Q
IND/Sample180/2022,S:H655Y
IND/Sample180/2022,S:K417N
IND/Sample180/2022,S:L24-
IND/Sample180/2022,S:L368I
IND/Sample180/2022,S:L84M
IND/Sample180/2022,S:N440K
IND/Sample180/2022,S:N460K
IND/Sample180/2022,S:N501Y
IND/Sample180/2022,S:N679K
IND/Sample180/2022,S:N764K
IND/Sample180/2022,S:N969K
IND/Sample180/2022,S:P25-
IND/Sample180/2022,S:P26-
IND/Sample180/2022,S:P507T
IND/Sample180/2022,S:P681H
IND/Sample180/2022,S:P82Y
IND/Sample180/2022,S:P85H
IND/Sample180/2022,S:Q183E
IND/Sample180/2022,S:Q498R
IND/Sample180/2022,S:R346T
IND/Sample180/2022,S:R408S
IND/Sample180/2022,S:S371F
IND/Sample180/2022,S:S373P
IND/Sample180/2022,S:S375F
IND/Sample180/2022,S:S477N
IND/Sample180/2022,S:S94A
IND/Sample180/2022,S:T19I
IND/Sample180/2022,S:T376A
IND/Sample180/2022,S:T478K
IND/Sample180/2022,S:V213E
IND/Sample180/2022,S:V445P
IND/Sample180/2022,S:V90T
IND/Sample180/2022,S:Y144-
IND/Sample180/2022,S:Y505H
IND/Sample214/2022,S:A27S
IND/Sample214/2022,S:D405N
IND/Sample214/2022,S:D614G
IND/Sample214/2022,S:D796Y
IND/Sample214/2022,S:E484A
IND/Sample214/2022,S:E554Q
IND/Sample214/2022,S:F486S
IND/Sample214/2022,S:F490S
IND/Sample214/2022,S:G142D
IND/Sample214/2022,S:G339H
IND/Sample214/2022,S:G446S
IND/Sample214/2022,S:H146Q
IND/Sample214/2022,S:H655Y
IND/Sample214/2022,S:K417N
IND/Sample214/2022,S:L24-
IND/Sample214/2022,S:L368I
IND/Sample214/2022,S:N440K
IND/Sample214/2022,S:N460K
IND/Sample214/2022,S:N501Y
IND/Sample214/2022,S:N679K
IND/Sample214/2022,S:N764K
IND/Sample214/2022,S:N969K
IND/Sample214/2022,S:P25-
IND/Sample214/2022,S:P26-
IND/Sample214/2022,S:P681H
IND/Sample214/2022,S:Q183E
IND/Sample214/2022,S:Q498R
IND/Sample214/2022,S:R346T
IND/Sample214/2022,S:R408S
IND/Sample214/2022,S:S371F
IND/Sample214/2022,S:S373P
IND/Sample214/2022,S:S375F
IND/Sample214/2022,S:S477N
IND/Sample214/2022,S:T19I
IND/Sample214/2022,S:T376A
IND/Sample214/2022,S:T478K
IND/Sample214/2022,S:V213E
IND/Sample214/2022,S:V445P
IND/Sample214/2022,S:Y144-
IND/Sample214/2022,S:Y505H
IND/Sample240/2023,S:A27S
IND/Sample240/2023,S:D405N
IND/Sample240/2023,S:D614G
IND/Sample240/2023,S:D796Y
IND/Sample240/2023,S:E484A
IND/Sample240/2023,S:F486S
IND/Sample240/2023,S:F490S
IND/Sample240/2023,S:G142D
IND/Sample240/2023,S:G252V
IND/Sample240/2023,S:G339H
IND/Sample240/2023,S:G446S
IND/Sample240/2023,S:H146Q
IND/Sample240/2023,S:H655Y
IND/Sample240/2023,S:K417N
IND/Sample240/2023,S:L24-
IND/Sample240/2023,S:L368I
IND/Sample240/2023,S:N440K
IND/Sample240/2023,S:N460K
IND/Sample240/2023,S:N501Y
IND/Sample240/2023,S:N679K
IND/Sample240/2023,S:N764K
IND/Sample240/2023,S:N969K
IND/Sample240/2023,S:P25-
IND/Sample240/2023,S:P26-
IND/Sample240/2023,S:P681H
IND/Sample240/2023,S:Q183E
IND/Sample240/2023,S:Q498R
IND/Sample240/2023,S:R346T
IND/Sample240/2023,S:R408S
IND/Sample240/2023,S:S371F
IND/Sample240/2023,S:S373P
IND/Sample240/2023,S:S375F
IND/Sample240/2023,S:S477N
IND/Sample240/2023,S:T19I
IND/Sample240/2023,S:T376A
IND/Sample240/2023,S:T478K
IND/Sample240/2023,S:V213E
IND/Sample240/2023,S:V445P
IND/Sample240/2023,S:Y144-
IND/VRDLTHENI/2022,S:D614G
IND/VRDLTHENI/2022,S:D950N
IND/VRDLTHENI/2022,S:E156-
IND/VRDLTHENI/2022,S:F157-
IND/VRDLTHENI/2022,S:G142D
IND/VRDLTHENI/2022,S:K77T
IND/VRDLTHENI/2022,S:L452R
IND/VRDLTHENI/2022,S:P681R
IND/VRDLTHENI/2022,S:R158G
IND/VRDLTHENI/2022,S:T19R
IND/VRDLTHENI/2022,S:T478K
IND/barcode_20_MN908947.3/2021,S:D1163Y
IND/barcode_20_MN908947.3/2021,S:D614G
IND/barcode_20_MN908947.3/2021,S:D95I
IND/barcode_20_MN908947.3/2021,S:L452R
IND/barcode_20_MN908947.3/2021,S:P681R
IND/barcode_20_MN908947.3/2021,S:T19R
IND/barcode_20_MN908947.3/2021,S:T478K
IND/hCoV-19_India_MP-AIIMSB_WGS2582_SW_23/2023,S:A27S
IND/hCoV-19_India_MP-AIIMSB_WGS2582_SW_23/2023,S:D405N
IND/hCoV-19_India_MP-AIIMSB_WGS2582_SW_23/2023,S:D614G
IND/hCoV-19_India_MP-AIIMSB_WGS2582_SW_23/2023,S:D796Y
IND/hCoV-19_India_MP-AIIMSB_WGS2582_SW_23/2023,S:E180V
IND/hCoV-19_India_MP-AIIMSB_WGS2582_SW_23/2023,S:E484A
IND/hCoV-19_India_MP-AIIMSB_WGS2582_SW_23/2023,S:F486P
IND/hCoV-19_India_MP-AIIMSB_WGS2582_SW_23/2023,S:F490S
IND/hCoV-19_India_MP-AIIMSB_WGS2582_SW_23/2023,S:G142D
IND/hCoV-19_India_MP-AIIMSB_WGS2582_SW_23/2023,S:G252V
IND/hCoV-19_India_MP-AIIMSB_WGS2582_SW_23/2023,S:G339H
IND/hCoV-19_India_MP-AIIMSB_WGS2582_SW_23/2023,S:G446S
IND/hCoV-19_India_MP-AIIMSB_WGS2582_SW_23/2023,S:H146Q
IND/hCoV-19_India_MP-AIIMSB_WGS2582_SW_23/2023,S:H655Y
IND/hCoV-19_India_MP-AIIMSB_WGS2582_SW_23/2023,S:K417N
IND/hCoV-19_India_MP-AIIMSB_WGS2582_SW_23/2023,S:L24-
IND/hCoV-19_India_MP-AIIMSB_WGS2582_SW_23/2023,S:L368I
IND/hCoV-19_India_MP-AIIMSB_WGS2582_SW_23/2023,S:N440K
IND/hCoV-19_India_MP-AIIMSB_WGS2582_SW_23/2023,S:N460K
IND/hCoV-19_India_MP-AIIMSB_WGS2582_SW_23/2023,S:N501Y
IND/hCoV-19_India_MP-AIIMSB_WGS2582_SW_23/2023,S:N679K
IND/hCoV-19_India_MP-AIIMSB_WGS2582_SW_23/2023,S:N764K
IND/hCoV-19_India_MP-AIIMSB_WGS2582_SW_23/2023,S:N969K
IND/hCoV-19_India_MP-AIIMSB_WGS2582_SW_23/2023,S:P25-
IND/hCoV-19_India_MP-AIIMSB_WGS2582_SW_23/2023,S:P26-
IND/hCoV-19_India_MP-AIIMSB_WGS2582_SW_23/2023,S:P681H
IND/hCoV-19_India_MP-AIIMSB_WGS2582_SW_23/2023,S:Q183E
IND/hCoV-19_India_MP-AIIMSB_WGS2582_SW_23/2023,S:Q498R
IND/hCoV-19_India_MP-AIIMSB_WGS2582_SW_23/2023,S:R346T
IND/hCoV-19_India_MP-AIIMSB_WGS2582_SW_23/2023,S:R408S
IND/hCoV-19_India_MP-AIIMSB_WGS2582_SW_23/2023,S:S371F
IND/hCoV-19_India_MP-AIIMSB_WGS2582_SW_23/2023,S:S373P
IND/hCoV-19_India_MP-AIIMSB_WGS2582_SW_23/2023,S:S375F
IND/hCoV-19_India_MP-AIIMSB_WGS2582_SW_23/2023,S:S477N
IND/hCoV-19_India_MP-AIIMSB_WGS2582_SW_23/2023,S:T19I
IND/hCoV-19_India_MP-AIIMSB_WGS2582_SW_23/2023,S:T376A
IND/hCoV-19_India_MP-AIIMSB_WGS2582_SW_23/2023,S:T478R
IND/hCoV-19_India_MP-AIIMSB_WGS2582_SW_23/2023,S:V213E
IND/hCoV-19_India_MP-AIIMSB_WGS2582_SW_23/2023,S:V367F
IND/hCoV-19_India_MP-AIIMSB_WGS2582_SW_23/2023,S:V445P
IND/hCoV-19_India_MP-AIIMSB_WGS2582_SW_23/2023,S:Y144-
IND/hCoV-19_India_MP-AIIMS_B-WGS-BCS2_2022/2022,S:A27S
IND/hCoV-19_India_MP-AIIMS_B-WGS-BCS2_2022/2022,S:D405N
IND/hCoV-19_India_MP-AIIMS_B-WGS-BCS2_2022/2022,S:D614G
IND/hCoV-19_India_MP-AIIMS_B-WGS-BCS2_2022/2022,S:D796Y
IND/hCoV-19_India_MP-AIIMS_B-WGS-BCS2_2022/2022,S:E484A
IND/hCoV-19_India_MP-AIIMS_B-WGS-BCS2_2022/2022,S:F157L
IND/hCoV-19_India_MP-AIIMS_B-WGS-BCS2_2022/2022,S:G142D
IND/hCoV-19_India_MP-AIIMS_B-WGS-BCS2_2022/2022,S:G257S
IND/hCoV-19_India_MP-AIIMS_B-WGS-BCS2_2022/2022,S:G339H
IND/hCoV-19_India_MP-AIIMS_B-WGS-BCS2_2022/2022,S:G446S
IND/hCoV-19_India_MP-AIIMS_B-WGS-BCS2_2022/2022,S:H655Y
IND/hCoV-19_India_MP-AIIMS_B-WGS-BCS2_2022/2022,S:I210V
IND/hCoV-19_India_MP-AIIMS_B-WGS-BCS2_2022/2022,S:K147E
IND/hCoV-19_India_MP-AIIMS_B-WGS-BCS2_2022/2022,S:K417N
IND/hCoV-19_India_MP-AIIMS_B-WGS-BCS2_2022/2022,S:L24-
IND/hCoV-19_India_MP-AIIMS_B-WGS-BCS2_2022/2022,S:N440K
IND/hCoV-19_India_MP-AIIMS_B-WGS-BCS2_2022/2022,S:N460K
IND/hCoV-19_India_MP-AIIMS_B-WGS-BCS2_2022/2022,S:N501Y
IND/hCoV-19_India_MP-AIIMS_B-WGS-BCS2_2022/2022,S:N679K
IND/hCoV-19_India_MP-AIIMS_B-WGS-BCS2_2022/2022,S:N764K
IND/hCoV-19_India_MP-AIIMS_B-WGS-BCS2_2022/2022,S:N969K
IND/hCoV-19_India_MP-AIIMS_B-WGS-BCS2_2022/2022,S:P25-
IND/hCoV-19_India_MP-AIIMS_B-WGS-BCS2_2022/2022,S:P26-
IND/hCoV-19_India_MP-AIIMS_B-WGS-BCS2_2022/2022,S:P681H
IND/hCoV-19_India_MP-AIIMS_B-WGS-BCS2_2022/2022,S:Q498R
IND/hCoV-19_India_MP-AIIMS_B-WGS-BCS2_2022/2022,S:R408S
IND/hCoV-19_India_MP-AIIMS_B-WGS-BCS2_2022/2022,S:S371F
IND/hCoV-19_India_MP-AIIMS_B-WGS-BCS2_2022/2022,S:S373P
IND/hCoV-19_India_MP-AIIMS_B-WGS-BCS2_2022/2022,S:S375F
IND/hCoV-19_India_MP-AIIMS_B-WGS-BCS2_2022/2022,S:S477N
IND/hCoV-19_India_MP-AIIMS_B-WGS-BCS2_2022/2022,S:T19I
IND/hCoV-19_India_MP-AIIMS_B-WGS-BCS2_2022/2022,S:T376A
IND/hCoV-19_India_MP-AIIMS_B-WGS-BCS2_2022/2022,S:T478K
IND/hCoV-19_India_MP-AIIMS_B-WGS-BCS2_2022/2022,S:V213G
IND/hCoV-19_India_MP-AIIMS_B-WGS-BCS2_2022/2022,S:W152R
IRL/GIRL00080770/2025,S:A264D
IRL/GIRL00080770/2025,S:A27S
IRL/GIRL00080770/2025,S:A570V
IRL/GIRL00080770/2025,S:D405N
IRL/GIRL00080770/2025,S:D614G
IRL/GIRL00080770/2025,S:D796Y
IRL/GIRL00080770/2025,S:E484K
IRL/GIRL00080770/2025,S:E554K
IRL/GIRL00080770/2025,S:F157S
IRL/GIRL00080770/2025,S:F456L
IRL/GIRL00080770/2025,S:F486P
IRL/GIRL00080770/2025,S:G142D
IRL/GIRL00080770/2025,S:G339H
IRL/GIRL00080770/2025,S:G446S
IRL/GIRL00080770/2025,S:H245N
IRL/GIRL00080770/2025,S:H655Y
IRL/GIRL00080770/2025,S:H69-
IRL/GIRL00080770/2025,S:I332V
IRL/GIRL00080770/2025,S:K182R
IRL/GIRL00080770/2025,S:K356T
IRL/GIRL00080770/2025,S:K417N
IRL/GIRL00080770/2025,S:K444R
IRL/GIRL00080770/2025,S:L212I
IRL/GIRL00080770/2025,S:L216F
IRL/GIRL00080770/2025,S:L24-
IRL/GIRL00080770/2025,S:L452W
IRL/GIRL00080770/2025,S:L455S
IRL/GIRL00080770/2025,S:N211-
IRL/GIRL00080770/2025,S:N440K
IRL/GIRL00080770/2025,S:N450D
IRL/GIRL00080770/2025,S:N460K
IRL/GIRL00080770/2025,S:N481K
IRL/GIRL00080770/2025,S:N487D
IRL/GIRL00080770/2025,S:N50L
IRL/GIRL00080770/2025,S:N679K
IRL/GIRL00080770/2025,S:N764K
IRL/GIRL00080770/2025,S:N969K
IRL/GIRL00080770/2025,S:P1143L
IRL/GIRL00080770/2025,S:P25-
IRL/GIRL00080770/2025,S:P26-
IRL/GIRL00080770/2025,S:P621S
IRL/GIRL00080770/2025,S:P681R
IRL/GIRL00080770/2025,S:Q493E
IRL/GIRL00080770/2025,S:Q498R
IRL/GIRL00080770/2025,S:R158G
IRL/GIRL00080770/2025,S:R190S
IRL/GIRL00080770/2025,S:R346T
IRL/GIRL00080770/2025,S:R403K
IRL/GIRL00080770/2025,S:R408S
IRL/GIRL00080770/2025,S:S31P
IRL/GIRL00080770/2025,S:S371F
IRL/GIRL00080770/2025,S:S373P
IRL/GIRL00080770/2025,S:S375F
IRL/GIRL00080770/2025,S:S477N
IRL/GIRL00080770/2025,S:S680P
IRL/GIRL00080770/2025,S:S939F
IRL/GIRL00080770/2025,S:T19I
IRL/GIRL00080770/2025,S:T22N
IRL/GIRL00080770/2025,S:T376A
IRL/GIRL00080770/2025,S:T478K
IRL/GIRL00080770/2025,S:T572I
IRL/GIRL00080770/2025,S:V127F
IRL/GIRL00080770/2025,S:V21T
IRL/GIRL00080770/2025,S:V445R
IRL/GIRL00080770/2025,S:V483-
IRL/GIRL00080770/2025,S:V70-
IRL/GIRL00080770/2025,S:Y144-
ISR/NH_GD3_0726/2020,S:D614G
ITA/VEN-USAFSAM-S23343/2024,S:A264D
ITA/VEN-USAFSAM-S23343/2024,S:A27S
ITA/VEN-USAFSAM-S23343/2024,S:A570V
ITA/VEN-USAFSAM-S23343/2024,S:D405N
ITA/VEN-USAFSAM-S23343/2024,S:D614G
ITA/VEN-USAFSAM-S23343/2024,S:D796Y
ITA/VEN-USAFSAM-S23343/2024,S:E484K
ITA/VEN-USAFSAM-S23343/2024,S:E554K
ITA/VEN-USAFSAM-S23343/2024,S:F1103L
ITA/VEN-USAFSAM-S23343/2024,S:F157S
ITA/VEN-USAFSAM-S23343/2024,S:F456L
ITA/VEN-USAFSAM-S23343/2024,S:F486P
ITA/VEN-USAFSAM-S23343/2024,S:F59S
ITA/VEN-USAFSAM-S23343/2024,S:G142D
ITA/VEN-USAFSAM-S23343/2024,S:G339H
ITA/VEN-USAFSAM-S23343/2024,S:G446S
ITA/VEN-USAFSAM-S23343/2024,S:H245N
ITA/VEN-USAFSAM-S23343/2024,S:H655Y
ITA/VEN-USAFSAM-S23343/2024,S:H69-
ITA/VEN-USAFSAM-S23343/2024,S:I332V
ITA/VEN-USAFSAM-S23343/2024,S:K356T
ITA/VEN-USAFSAM-S23343/2024,S:K417N
ITA/VEN-USAFSAM-S23343/2024,S:L212I
ITA/VEN-USAFSAM-S23343/2024,S:L216F
ITA/VEN-USAFSAM-S23343/2024,S:L24-
ITA/VEN-USAFSAM-S23343/2024,S:L452W
ITA/VEN-USAFSAM-S23343/2024,S:L455S
ITA/VEN-USAFSAM-S23343/2024,S:N211-
ITA/VEN-USAFSAM-S23343/2024,S:N440K
ITA/VEN-USAFSAM-S23343/2024,S:N450D
ITA/VEN-USAFSAM-S23343/2024,S:N460K
ITA/VEN-USAFSAM-S23343/2024,S:N481K
ITA/VEN-USAFSAM-S23343/2024,S:N50L
ITA/VEN-USAFSAM-S23343/2024,S:N679K
ITA/VEN-USAFSAM-S23343/2024,S:N764K
ITA/VEN-USAFSAM-S23343/2024,S:N969K
ITA/VEN-USAFSAM-S23343/2024,S:P1143L
ITA/VEN-USAFSAM-S23343/2024,S:P25-
ITA/VEN-USAFSAM-S23343/2024,S:P26-
ITA/VEN-USAFSAM-S23343/2024,S:P621S
ITA/VEN-USAFSAM-S23343/2024,S:P681R
ITA/VEN-USAFSAM-S23343/2024,S:Q493E
ITA/VEN-USAFSAM-S23343/2024,S:Q498R
ITA/VEN-USAFSAM-S23343/2024,S:R158G
ITA/VEN-USAFSAM-S23343/2024,S:R403K
ITA/VEN-USAFSAM-S23343/2024,S:R408S
ITA/VEN-USAFSAM-S23343/2024,S:S371F
ITA/VEN-USAFSAM-S23343/2024,S:S373P
ITA/VEN-USAFSAM-S23343/2024,S:S375F
ITA/VEN-USAFSAM-S23343/2024,S:S477N
ITA/VEN-USAFSAM-S23343/2024,S:S939F
ITA/VEN-USAFSAM-S23343/2024,S:T19I
ITA/VEN-USAFSAM-S23343/2024,S:T22N
ITA/VEN-USAFSAM-S23343/2024,S:T376A
ITA/VEN-USAFSAM-S23343/2024,S:T478K
ITA/VEN-USAFSAM-S23343/2024,S:V1104L
ITA/VEN-USAFSAM-S23343/2024,S:V127F
ITA/VEN-USAFSAM-S23343/2024,S:V21T
ITA/VEN-USAFSAM-S23343/2024,S:V445H
ITA/VEN-USAFSAM-S23343/2024,S:V483-
ITA/VEN-USAFSAM-S23343/2024,S:V70-
ITA/VEN-USAFSAM-S23343/2024,S:Y144-
ITA/VEN-USAFSAM-S23715/2025,S:A264D
ITA/VEN-USAFSAM-S23715/2025,S:A27S
ITA/VEN-USAFSAM-S23715/2025,S:A570V
ITA/VEN-USAFSAM-S23715/2025,S:D405N
ITA/VEN-USAFSAM-S23715/2025,S:D614G
ITA/VEN-USAFSAM-S23715/2025,S:D796Y
ITA/VEN-USAFSAM-S23715/2025,S:E484K
ITA/VEN-USAFSAM-S23715/2025,S:E554K
ITA/VEN-USAFSAM-S23715/2025,S:F157S
ITA/VEN-USAFSAM-S23715/2025,S:F186L
ITA/VEN-USAFSAM-S23715/2025,S:F456L
ITA/VEN-USAFSAM-S23715/2025,S:F486P
ITA/VEN-USAFSAM-S23715/2025,S:G142D
ITA/VEN-USAFSAM-S23715/2025,S:G339H
ITA/VEN-USAFSAM-S23715/2025,S:G446S
ITA/VEN-USAFSAM-S23715/2025,S:H245N
ITA/VEN-USAFSAM-S23715/2025,S:H655Y
ITA/VEN-USAFSAM-S23715/2025,S:H69-
ITA/VEN-USAFSAM-S23715/2025,S:I332V
ITA/VEN-USAFSAM-S23715/2025,S:K1086R
ITA/VEN-USAFSAM-S23715/2025,S:K356T
ITA/VEN-USAFSAM-S23715/2025,S:K417N
ITA/VEN-USAFSAM-S23715/2025,S:L212I
ITA/VEN-USAFSAM-S23715/2025,S:L216F
ITA/VEN-USAFSAM-S23715/2025,S:L24-
ITA/VEN-USAFSAM-S23715/2025,S:L452W
ITA/VEN-USAFSAM-S23715/2025,S:L455S
ITA/VEN-USAFSAM-S23715/2025,S:N211-
ITA/VEN-USAFSAM-S23715/2025,S:N440K
ITA/VEN-USAFSAM-S23715/2025,S:N450D
ITA/VEN-USAFSAM-S23715/2025,S:N460K
ITA/VEN-USAFSAM-S23715/2025,S:N481K
ITA/VEN-USAFSAM-S23715/2025,S:N50L
ITA/VEN-USAFSAM-S23715/2025,S:N679R
ITA/VEN-USAFSAM-S23715/2025,S:N764K
ITA/VEN-USAFSAM-S23715/2025,S:N969K
ITA/VEN-USAFSAM-S23715/2025,S:P1143L
ITA/VEN-USAFSAM-S23715/2025,S:P25-
ITA/VEN-USAFSAM-S23715/2025,S:P26-
ITA/VEN-USAFSAM-S23715/2025,S:P621S
ITA/VEN-USAFSAM-S23715/2025,S:P681R
ITA/VEN-USAFSAM-S23715/2025,S:Q493E
ITA/VEN-USAFSAM-S23715/2025,S:Q498R
ITA/VEN-USAFSAM-S23715/2025,S:R158G
ITA/VEN-USAFSAM-S23715/2025,S:R190S
ITA/VEN-USAFSAM-S23715/2025,S:R346T
ITA/VEN-USAFSAM-S23715/2025,S:R403K
ITA/VEN-USAFSAM-S23715/2025,S:R408S
ITA/VEN-USAFSAM-S23715/2025,S:S31-
ITA/VEN-USAFSAM-S23715/2025,S:S371F
ITA/VEN-USAFSAM-S23715/2025,S:S373P
ITA/VEN-USAFSAM-S23715/2025,S:S375F
ITA/VEN-USAFSAM-S23715/2025,S:S477N
ITA/VEN-USAFSAM-S23715/2025,S:S939F
ITA/VEN-USAFSAM-S23715/2025,S:T19I
ITA/VEN-USAFSAM-S23715/2025,S:T376A
ITA/VEN-USAFSAM-S23715/2025,S:T478K
ITA/VEN-USAFSAM-S23715/2025,S:V1104L
ITA/VEN-USAFSAM-S23715/2025,S:V127F
ITA/VEN-USAFSAM-S23715/2025,S:V21T
ITA/VEN-USAFSAM-S23715/2025,S:V445R
ITA/VEN-USAFSAM-S23715/2025,S:V483-
ITA/VEN-USAFSAM-S23715/2025,S:V70-
ITA/VEN-USAFSAM-S23715/2025,S:Y144-
ITA/VEN-USAFSAM-S23747/2025,S:A264D
ITA/VEN-USAFSAM-S23747/2025,S:A27S
ITA/VEN-USAFSAM-S23747/2025,S:A570V
ITA/VEN-USAFSAM-S23747/2025,S:D405N
ITA/VEN-USAFSAM-S23747/2025,S:D614G
ITA/VEN-USAFSAM-S23747/2025,S:D796Y
ITA/VEN-USAFSAM-S23747/2025,S:E484K
ITA/VEN-USAFSAM-S23747/2025,S:E554K
ITA/VEN-USAFSAM-S23747/2025,S:F157S
ITA/VEN-USAFSAM-S23747/2025,S:F186L
ITA/VEN-USAFSAM-S23747/2025,S:F456L
ITA/VEN-USAFSAM-S23747/2025,S:F486P
ITA/VEN-USAFSAM-S23747/2025,S:G142D
ITA/VEN-USAFSAM-S23747/2025,S:G339H
ITA/VEN-USAFSAM-S23747/2025,S:G446S
ITA/VEN-USAFSAM-S23747/2025,S:H245N
ITA/VEN-USAFSAM-S23747/2025,S:H655Y
ITA/VEN-USAFSAM-S23747/2025,S:H69-
ITA/VEN-USAFSAM-S23747/2025,S:I332V
ITA/VEN-USAFSAM-S23747/2025,S:K1086R
ITA/VEN-USAFSAM-S23747/2025,S:K356T
ITA/VEN-USAFSAM-S23747/2025,S:K417N
ITA/VEN-USAFSAM-S23747/2025,S:L212I
ITA/VEN-USAFSAM-S23747/2025,S:L216F
ITA/VEN-USAFSAM-S23747/2025,S:L24-
ITA/VEN-USAFSAM-S23747/2025,S:L452W
ITA/VEN-USAFSAM-S23747/2025,S:L455S
ITA/VEN-USAFSAM-S23747/2025,S:N211-
ITA/VEN-USAFSAM-S23747/2025,S:N440K
ITA/VEN-USAFSAM-S23747/2025,S:N450D
ITA/VEN-USAFSAM-S23747/2025,S:N460K
ITA/VEN-USAFSAM-S23747/2025,S:N481K
ITA/VEN-USAFSAM-S23747/2025,S:N50L
ITA/VEN-USAFSAM-S23747/2025,S:N679R
ITA/VEN-USAFSAM-S23747/2025,S:N764K
ITA/VEN-USAFSAM-S23747/2025,S:N969K
ITA/VEN-USAFSAM-S23747/2025,S:P1143L
ITA/VEN-USAFSAM-S23747/2025,S:P25-
ITA/VEN-USAFSAM-S23747/2025,S:P26-
ITA/VEN-USAFSAM-S23747/2025,S:P621S
ITA/VEN-USAFSAM-S23747/2025,S:P681R
ITA/VEN-USAFSAM-S23747/2025,S:Q493E
ITA/VEN-USAFSAM-S23747/2025,S:Q498R
ITA/VEN-USAFSAM-S23747/2025,S:R158G
ITA/VEN-USAFSAM-S23747/2025,S:R190S
ITA/VEN-USAFSAM-S23747/2025,S:R346T
ITA/VEN-USAFSAM-S23747/2025,S:R403K
ITA/VEN-USAFSAM-S23747/2025,S:R408S
ITA/VEN-USAFSAM-S23747/2025,S:S31-
ITA/VEN-USAFSAM-S23747/2025,S:S371F
ITA/VEN-USAFSAM-S23747/2025,S:S373P
ITA/VEN-USAFSAM-S23747/2025,S:S375F
ITA/VEN-USAFSAM-S23747/2025,S:S477N
ITA/VEN-USAFSAM-S23747/2025,S:S939F
ITA/VEN-USAFSAM-S23747/2025,S:T19I
ITA/VEN-USAFSAM-S23747/2025,S:T376A
ITA/VEN-USAFSAM-S23747/2025,S:T478K
ITA/VEN-USAFSAM-S23747/2025,S:T739A
ITA/VEN-USAFSAM-S23747/2025,S:V1104L
ITA/VEN-USAFSAM-S23747/2025,S:V127F
ITA/VEN-USAFSAM-S23747/2025,S:V21T
ITA/VEN-USAFSAM-S23747/2025,S:V445R
ITA/VEN-USAFSAM-S23747/2025,S:V483-
ITA/VEN-USAFSAM-S23747/2025,S:V70-
ITA/VEN-USAFSAM-S23747/2025,S:Y144-
Japan/BRL25-0374/2025,S:A264D
Japan/BRL25-0374/2025,S:A27S
Japan/BRL25-0374/2025,S:A435S
Japan/BRL25-0374/2025,S:A475V
Japan/BRL25-0374/2025,S:A570V
Japan/BRL25-0374/2025,S:D405N
Japan/BRL25-0374/2025,S:D614G
Japan/BRL25-0374/2025,S:D796Y
Japan/BRL25-0374/2025,S:E484K
Japan/BRL25-0374/2025,S:E554K
Japan/BRL25-0374/2025,S:F157S
Japan/BRL25-0374/2025,S:F456L
Japan/BRL25-0374/2025,S:F486P
Japan/BRL25-0374/2025,S:G142D
Japan/BRL25-0374/2025,S:G339H
Japan/BRL25-0374/2025,S:G446S
Japan/BRL25-0374/2025,S:H245N
Japan/BRL25-0374/2025,S:H655Y
Japan/BRL25-0374/2025,S:H69-
Japan/BRL25-0374/2025,S:I332V
Japan/BRL25-0374/2025,S:K182G
Japan/BRL25-0374/2025,S:K356T
Japan/BRL25-0374/2025,S:K417N
Japan/BRL25-0374/2025,S:K444R
Japan/BRL25-0374/2025,S:L212I
Japan/BRL25-0374/2025,S:L216F
Japan/BRL25-0374/2025,S:L24-
Japan/BRL25-0374/2025,S:L441R
Japan/BRL25-0374/2025,S:L452W
Japan/BRL25-0374/2025,S:L455S
Japan/BRL25-0374/2025,S:N211-
Japan/BRL25-0374/2025,S:N440K
Japan/BRL25-0374/2025,S:N450D
Japan/BRL25-0374/2025,S:N460K
Japan/BRL25-0374/2025,S:N481K
Japan/BRL25-0374/2025,S:N50L
Japan/BRL25-0374/2025,S:N679R
Japan/BRL25-0374/2025,S:N764K
Japan/BRL25-0374/2025,S:N969K
Japan/BRL25-0374/2025,S:P1143L
Japan/BRL25-0374/2025,S:P25-
Japan/BRL25-0374/2025,S:P26-
Japan/BRL25-0374/2025,S:P621S
Japan/BRL25-0374/2025,S:P681R
Japan/BRL25-0374/2025,S:Q498R
Japan/BRL25-0374/2025,S:R158G
Japan/BRL25-0374/2025,S:R190S
Japan/BRL25-0374/2025,S:R346T
Japan/BRL25-0374/2025,S:R403K
Japan/BRL25-0374/2025,S:R408S
Japan/BRL25-0374/2025,S:S31P
Japan/BRL25-0374/2025,S:S371F
Japan/BRL25-0374/2025,S:S373P
Japan/BRL25-0374/2025,S:S375F
Japan/BRL25-0374/2025,S:S477N
Japan/BRL25-0374/2025,S:S939F
Japan/BRL25-0374/2025,S:T19I
Japan/BRL25-0374/2025,S:T22N
Japan/BRL25-0374/2025,S:T376A
Japan/BRL25-0374/2025,S:T478K
Japan/BRL25-0374/2025,S:V127F
Japan/BRL25-0374/2025,S:V21T
Japan/BRL25-0374/2025,S:V445P
Japan/BRL25-0374/2025,S:V483-
Japan/BRL25-0374/2025,S:V70-
Japan/BRL25-0374/2025,S:Y144-
Japan/Donner112/2020,S:D614G
Japan/sb_ncgm_sars_cov_2_01232/2022,S:D614G
Japan/sb_ncgm_sars_cov_2_01232/2022,S:D796Y
Japan/sb_ncgm_sars_cov_2_01232/2022,S:E484A
Japan/sb_ncgm_sars_cov_2_01232/2022,S:G142-
Japan/sb_ncgm_sars_cov_2_01232/2022,S:G339D
Japan/sb_ncgm_sars_cov_2_01232/2022,S:G446S
Japan/sb_ncgm_sars_cov_2_01232/2022,S:G496S
Japan/sb_ncgm_sars_cov_2_01232/2022,S:H655Y
Japan/sb_ncgm_sars_cov_2_01232/2022,S:H69-
Japan/sb_ncgm_sars_cov_2_01232/2022,S:K417N
Japan/sb_ncgm_sars_cov_2_01232/2022,S:L212I
Japan/sb_ncgm_sars_cov_2_01232/2022,S:L981F
Japan/sb_ncgm_sars_cov_2_01232/2022,S:N211-
Japan/sb_ncgm_sars_cov_2_01232/2022,S:N440K
Japan/sb_ncgm_sars_cov_2_01232/2022,S:N501Y
Japan/sb_ncgm_sars_cov_2_01232/2022,S:N67V
Japan/sb_ncgm_sars_cov_2_01232/2022,S:N764K
Japan/sb_ncgm_sars_cov_2_01232/2022,S:N856K
Japan/sb_ncgm_sars_cov_2_01232/2022,S:N969K
Japan/sb_ncgm_sars_cov_2_01232/2022,S:P681H
Japan/sb_ncgm_sars_cov_2_01232/2022,S:Q493R
Japan/sb_ncgm_sars_cov_2_01232/2022,S:Q498R
Japan/sb_ncgm_sars_cov_2_01232/2022,S:Q954H
Japan/sb_ncgm_sars_cov_2_01232/2022,S:R346K
Japan/sb_ncgm_sars_cov_2_01232/2022,S:S371L
Japan/sb_ncgm_sars_cov_2_01232/2022,S:S373P
Japan/sb_ncgm_sars_cov_2_01232/2022,S:S375F
Japan/sb_ncgm_sars_cov_2_01232/2022,S:S477N
Japan/sb_ncgm_sars_cov_2_01232/2022,S:T478K
Japan/sb_ncgm_sars_cov_2_01232/2022,S:T547K
Japan/sb_ncgm_sars_cov_2_01232/2022,S:T95I
Japan/sb_ncgm_sars_cov_2_01232/2022,S:V143-
Japan/sb_ncgm_sars_cov_2_01232/2022,S:V70-
Japan/sb_ncgm_sars_cov_2_01232/2022,S:Y144-
Japan/sb_ncgm_sars_cov_2_01232/2022,S:Y145D
Japan/sb_ncgm_sars_cov_2_01232/2022,S:Y505H
KEN/K99058/2020,S:D614G
KEN/K99058/2020,S:T73I
KEN/SS2957/2021,S:A570D
KEN/SS2957/2021,S:D1118H
KEN/SS2957/2021,S:D614G
KEN/SS2957/2021,S:E96V
KEN/SS2957/2021,S:H69-
KEN/SS2957/2021,S:N501Y
KEN/SS2957/2021,S:P681H
KEN/SS2957/2021,S:S982A
KEN/SS2957/2021,S:T716I
KEN/SS2957/2021,S:V70-
KEN/SS2957/2021,S:Y144-
KHM/B117/2021,S:A570D
KHM/B117/2021,S:D1118H
KHM/B117/2021,S:D614G
KHM/B117/2021,S:H69-
KHM/B117/2021,S:N501Y
KHM/B117/2021,S:P681H
KHM/B117/2021,S:S982A
KHM/B117/2021,S:T716I
KHM/B117/2021,S:V70-
KHM/B117/2021,S:Y144-
KHM/Kunming_kms-2/2020,S:A829T
KOR/KR-41-USAFSAM-S22509/2024,S:A27S
KOR/KR-41-USAFSAM-S22509/2024,S:D405N
KOR/KR-41-USAFSAM-S22509/2024,S:D614G
KOR/KR-41-USAFSAM-S22509/2024,S:D796Y
KOR/KR-41-USAFSAM-S22509/2024,S:E484A
KOR/KR-41-USAFSAM-S22509/2024,S:F456L
KOR/KR-41-USAFSAM-S22509/2024,S:F486P
KOR/KR-41-USAFSAM-S22509/2024,S:F490S
KOR/KR-41-USAFSAM-S22509/2024,S:G14K
KOR/KR-41-USAFSAM-S22509/2024,S:G252V
KOR/KR-41-USAFSAM-S22509/2024,S:G339H
KOR/KR-41-USAFSAM-S22509/2024,S:G446S
KOR/KR-41-USAFSAM-S22509/2024,S:H655Y
KOR/KR-41-USAFSAM-S22509/2024,S:K417N
KOR/KR-41-USAFSAM-S22509/2024,S:L24-
KOR/KR-41-USAFSAM-S22509/2024,S:L368I
KOR/KR-41-USAFSAM-S22509/2024,S:L455F
KOR/KR-41-USAFSAM-S22509/2024,S:N440K
KOR/KR-41-USAFSAM-S22509/2024,S:N460K
KOR/KR-41-USAFSAM-S22509/2024,S:N501Y
KOR/KR-41-USAFSAM-S22509/2024,S:N679K
KOR/KR-41-USAFSAM-S22509/2024,S:N764K
KOR/KR-41-USAFSAM-S22509/2024,S:N969K
KOR/KR-41-USAFSAM-S22509/2024,S:P25-
KOR/KR-41-USAFSAM-S22509/2024,S:P26-
KOR/KR-41-USAFSAM-S22509/2024,S:P681H
KOR/KR-41-USAFSAM-S22509/2024,S:Q183E
KOR/KR-41-USAFSAM-S22509/2024,S:Q498R
KOR/KR-41-USAFSAM-S22509/2024,S:Q52H
KOR/KR-41-USAFSAM-S22509/2024,S:R346T
KOR/KR-41-USAFSAM-S22509/2024,S:R408S
KOR/KR-41-USAFSAM-S22509/2024,S:S371F
KOR/KR-41-USAFSAM-S22509/2024,S:S373P
KOR/KR-41-USAFSAM-S22509/2024,S:S375F
KOR/KR-41-USAFSAM-S22509/2024,S:S477N
KOR/KR-41-USAFSAM-S22509/2024,S:T19I
KOR/KR-41-USAFSAM-S22509/2024,S:T376A
KOR/KR-41-USAFSAM-S22509/2024,S:T478K
KOR/KR-41-USAFSAM-S22509/2024,S:V1096I
KOR/KR-41-USAFSAM-S22509/2024,S:V213E
KOR/KR-41-USAFSAM-S22509/2024,S:V445P
KOR/KR-41-USAFSAM-S22509/2024,S:V83A
KOR/KR-41-USAFSAM-S22509/2024,S:Y505H
LBY/85811-25/2022,S:A27S
LBY/85811-25/2022,S:D405N
LBY/85811-25/2022,S:D614G
LBY/85811-25/2022,S:D796Y
LBY/85811-25/2022,S:E484A
LBY/85811-25/2022,S:G142D
LBY/85811-25/2022,S:G339D
LBY/85811-25/2022,S:H655Y
LBY/85811-25/2022,S:K417N
LBY/85811-25/2022,S:L24-
LBY/85811-25/2022,S:L452Q
LBY/85811-25/2022,S:N440K
LBY/85811-25/2022,S:N501Y
LBY/85811-25/2022,S:N679K
LBY/85811-25/2022,S:N764K
LBY/85811-25/2022,S:N969K
LBY/85811-25/2022,S:P25-
LBY/85811-25/2022,S:P26-
LBY/85811-25/2022,S:P681H
LBY/85811-25/2022,S:Q493R
LBY/85811-25/2022,S:Q498R
LBY/85811-25/2022,S:R408S
LBY/85811-25/2022,S:S371F
LBY/85811-25/2022,S:S373P
LBY/85811-25/2022,S:S375F
LBY/85811-25/2022,S:S477N
LBY/85811-25/2022,S:S704L
LBY/85811-25/2022,S:T19I
LBY/85811-25/2022,S:T376A
LBY/85811-25/2022,S:T478K
LBY/85811-25/2022,S:V213G
LBY/85811-25/2022,S:Y505H
LBY/BTRCLibyaSARS-CoV-2WGS-12/2021,S:A67V
LBY/BTRCLibyaSARS-CoV-2WGS-12/2021,S:D614G
LBY/BTRCLibyaSARS-CoV-2WGS-12/2021,S:E484K
LBY/BTRCLibyaSARS-CoV-2WGS-12/2021,S:F888L
LBY/BTRCLibyaSARS-CoV-2WGS-12/2021,S:H69-
LBY/BTRCLibyaSARS-CoV-2WGS-12/2021,S:Q677H
LBY/BTRCLibyaSARS-CoV-2WGS-12/2021,S:V70-
LBY/BTRCLibyaSARS-CoV-2WGS-12/2021,S:Y144-
LR963402,S:D614G
Lesotho/UHB-MI-SEB-00896/2021,S:D614G
Lesotho/UHB-MI-SEB-00896/2021,S:D95T
Lesotho/UHB-MI-SEB-00896/2021,S:E156-
Lesotho/UHB-MI-SEB-00896/2021,S:F157-
Lesotho/UHB-MI-SEB-00896/2021,S:G142D
Lesotho/UHB-MI-SEB-00896/2021,S:L452R
Lesotho/UHB-MI-SEB-00896/2021,S:P681R
Lesotho/UHB-MI-SEB-00896/2021,S:R158G
Lesotho/UHB-MI-SEB-00896/2021,S:T19R
Lesotho/UHB-MI-SEB-00896/2021,S:T478K
MAR/15N/2020,S:D614G
MEX/251-Day1/2023,S:A27S
MEX/251-Day1/2023,S:D405N
MEX/251-Day1/2023,S:D614G
MEX/251-Day1/2023,S:D796Y
MEX/251-Day1/2023,S:E180V
MEX/251-Day1/2023,S:E484A
MEX/251-Day1/2023,S:F486P
MEX/251-Day1/2023,S:F490S
MEX/251-Day1/2023,S:G142D
MEX/251-Day1/2023,S:G252V
MEX/251-Day1/2023,S:G339H
MEX/251-Day1/2023,S:G446S
MEX/251-Day1/2023,S:H146Q
MEX/251-Day1/2023,S:H655Y
MEX/251-Day1/2023,S:K417N
MEX/251-Day1/2023,S:L24-
MEX/251-Day1/2023,S:L368I
MEX/251-Day1/2023,S:N440K
MEX/251-Day1/2023,S:N460K
MEX/251-Day1/2023,S:N501Y
MEX/251-Day1/2023,S:N679K
MEX/251-Day1/2023,S:N764K
MEX/251-Day1/2023,S:N969K
MEX/251-Day1/2023,S:P25-
MEX/251-Day1/2023,S:P26-
MEX/251-Day1/2023,S:P681H
MEX/251-Day1/2023,S:Q183E
MEX/251-Day1/2023,S:Q498R
MEX/251-Day1/2023,S:Q675H
MEX/251-Day1/2023,S:R346T
MEX/251-Day1/2023,S:R408S
MEX/251-Day1/2023,S:S371F
MEX/251-Day1/2023,S:S373P
MEX/251-Day1/2023,S:S375F
MEX/251-Day1/2023,S:S477N
MEX/251-Day1/2023,S:S704L
MEX/251-Day1/2023,S:T19I
MEX/251-Day1/2023,S:T376A
MEX/251-Day1/2023,S:T478G
MEX/251-Day1/2023,S:V213E
MEX/251-Day1/2023,S:V445P
MEX/251-Day1/2023,S:V83A
MEX/251-Day1/2023,S:Y144-
MEX/251-Day1/2023,S:Y505H
MEX/NLE-1_2320/2021,S:A222V
MEX/NLE-1_2320/2021,S:A831S
MEX/NLE-1_2320/2021,S:D614G
MEX/NLE-1_2320/2021,S:D950N
MEX/NLE-1_2320/2021,S:E156-
MEX/NLE-1_2320/2021,S:F157-
MEX/NLE-1_2320/2021,S:L452R
MEX/NLE-1_2320/2021,S:P681R
MEX/NLE-1_2320/2021,S:R158G
MEX/NLE-1_2320/2021,S:T19R
MEX/NLE-1_2320/2021,S:T478K
MEX/NLE-1_2320/2021,S:V1264L
MEX/NLE_1797/2021,S:A570D
MEX/NLE_1797/2021,S:D1118H
MEX/NLE_1797/2021,S:D614G
MEX/NLE_1797/2021,S:H69-
MEX/NLE_1797/2021,S:N501Y
MEX/NLE_1797/2021,S:P681H
MEX/NLE_1797/2021,S:S982A
MEX/NLE_1797/2021,S:T716I
MEX/NLE_1797/2021,S:V70-
MEX/NLE_1797/2021,S:Y144-
MEX/TAM_032871CIBIN/2022,S:A27S
MEX/TAM_032871CIBIN/2022,S:D405N
MEX/TAM_032871CIBIN/2022,S:D614G
MEX/TAM_032871CIBIN/2022,S:D796Y
MEX/TAM_032871CIBIN/2022,S:E484A
MEX/TAM_032871CIBIN/2022,S:F486V
MEX/TAM_032871CIBIN/2022,S:G142D
MEX/TAM_032871CIBIN/2022,S:H655Y
MEX/TAM_032871CIBIN/2022,S:H69-
MEX/TAM_032871CIBIN/2022,S:K417N
MEX/TAM_032871CIBIN/2022,S:L24-
MEX/TAM_032871CIBIN/2022,S:L452R
MEX/TAM_032871CIBIN/2022,S:N440K
MEX/TAM_032871CIBIN/2022,S:N501Y
MEX/TAM_032871CIBIN/2022,S:N679K
MEX/TAM_032871CIBIN/2022,S:N764K
MEX/TAM_032871CIBIN/2022,S:N969K
MEX/TAM_032871CIBIN/2022,S:P25-
MEX/TAM_032871CIBIN/2022,S:P26-
MEX/TAM_032871CIBIN/2022,S:P681H
MEX/TAM_032871CIBIN/2022,S:Q498R
MEX/TAM_032871CIBIN/2022,S:R408S
MEX/TAM_032871CIBIN/2022,S:S477N
MEX/TAM_032871CIBIN/2022,S:T19I
MEX/TAM_032871CIBIN/2022,S:T478K
MEX/TAM_032871CIBIN/2022,S:V213G
MEX/TAM_032871CIBIN/2022,S:V70-
MEX/TAM_032871CIBIN/2022,S:Y505H
MLI/MAL0143/2021,S:A67V
MLI/MAL0143/2021,S:D614G
MLI/MAL0143/2021,S:E484K
MLI/MAL0143/2021,S:F888L
MLI/MAL0143/2021,S:H69-
MLI/MAL0143/2021,S:K150N
MLI/MAL0143/2021,S:Q52R
MLI/MAL0143/2021,S:Q677H
MLI/MAL0143/2021,S:V70-
MLI/MAL0143/2021,S:Y144-
MMR/DSMRC-089/2022,S:A27S
MMR/DSMRC-089/2022,S:D405N
MMR/DSMRC-089/2022,S:D614G
MMR/DSMRC-089/2022,S:D796Y
MMR/DSMRC-089/2022,S:E484A
MMR/DSMRC-089/2022,S:G142D
MMR/DSMRC-089/2022,S:G339D
MMR/DSMRC-089/2022,S:G798D
MMR/DSMRC-089/2022,S:H655Y
MMR/DSMRC-089/2022,S:K417N
MMR/DSMRC-089/2022,S:L24-
MMR/DSMRC-089/2022,S:N440K
MMR/DSMRC-089/2022,S:N501Y
MMR/DSMRC-089/2022,S:N679K
MMR/DSMRC-089/2022,S:N764K
MMR/DSMRC-089/2022,S:N969K
MMR/DSMRC-089/2022,S:P25-
MMR/DSMRC-089/2022,S:P26-
MMR/DSMRC-089/2022,S:P681H
MMR/DSMRC-089/2022,S:Q493R
MMR/DSMRC-089/2022,S:Q498R
MMR/DSMRC-089/2022,S:R408S
MMR/DSMRC-089/2022,S:S371F
MMR/DSMRC-089/2022,S:S373P
MMR/DSMRC-089/2022,S:S375F
MMR/DSMRC-089/2022,S:S477N
MMR/DSMRC-089/2022,S:T19I
MMR/DSMRC-089/2022,S:T376A
MMR/DSMRC-089/2022,S:T478K
MMR/DSMRC-089/2022,S:V213G
MMR/DSMRC-089/2022,S:Y505H
MMR/DSMRC-090/2022,S:A27S
MMR/DSMRC-090/2022,S:D405N
MMR/DSMRC-090/2022,S:D614G
MMR/DSMRC-090/2022,S:D796Y
MMR/DSMRC-090/2022,S:E484A
MMR/DSMRC-090/2022,S:G142D
MMR/DSMRC-090/2022,S:G339D
MMR/DSMRC-090/2022,S:G798D
MMR/DSMRC-090/2022,S:H655Y
MMR/DSMRC-090/2022,S:K417N
MMR/DSMRC-090/2022,S:L24-
MMR/DSMRC-090/2022,S:N440K
MMR/DSMRC-090/2022,S:N501Y
MMR/DSMRC-090/2022,S:N679K
MMR/DSMRC-090/2022,S:N764K
MMR/DSMRC-090/2022,S:N969K
MMR/DSMRC-090/2022,S:P25-
MMR/DSMRC-090/2022,S:P26-
MMR/DSMRC-090/2022,S:P681H
MMR/DSMRC-090/2022,S:Q493R
MMR/DSMRC-090/2022,S:Q498R
MMR/DSMRC-090/2022,S:R408S
MMR/DSMRC-090/2022,S:S371F
MMR/DSMRC-090/2022,S:S373P
MMR/DSMRC-090/2022,S:S375F
MMR/DSMRC-090/2022,S:S477N
MMR/DSMRC-090/2022,S:T19I
MMR/DSMRC-090/2022,S:T376A
MMR/DSMRC-090/2022,S:T478K
MMR/DSMRC-090/2022,S:V213G
MMR/DSMRC-090/2022,S:Y505H
MWI/MLW001129/2021,S:A222V
MWI/MLW001129/2021,S:D614G
MWI/MLW001129/2021,S:D950N
MWI/MLW001129/2021,S:E156-
MWI/MLW001129/2021,S:F157-
MWI/MLW001129/2021,S:G142D
MWI/MLW001129/2021,S:L452R
MWI/MLW001129/2021,S:P681R
MWI/MLW001129/2021,S:R158G
MWI/MLW001129/2021,S:T19R
MWI/MLW001129/2021,S:T478K
MWI/MLW001213/2022,S:D614G
MWI/MLW001213/2022,S:D796Y
MWI/MLW001213/2022,S:E484A
MWI/MLW001213/2022,S:G142-
MWI/MLW001213/2022,S:G339D
MWI/MLW001213/2022,S:G446S
MWI/MLW001213/2022,S:G496S
MWI/MLW001213/2022,S:H655Y
MWI/MLW001213/2022,S:H69-
MWI/MLW001213/2022,S:K417N
MWI/MLW001213/2022,S:L212I
MWI/MLW001213/2022,S:L981F
MWI/MLW001213/2022,S:N211-
MWI/MLW001213/2022,S:N440K
MWI/MLW001213/2022,S:N501Y
MWI/MLW001213/2022,S:N67V
MWI/MLW001213/2022,S:N764K
MWI/MLW001213/2022,S:N856K
MWI/MLW001213/2022,S:N969K
MWI/MLW001213/2022,S:P681H
MWI/MLW001213/2022,S:Q493R
MWI/MLW001213/2022,S:Q498R
MWI/MLW001213/2022,S:Q954H
MWI/MLW001213/2022,S:S371L
MWI/MLW001213/2022,S:S373P
MWI/MLW001213/2022,S:S375F
MWI/MLW001213/2022,S:S477N
MWI/MLW001213/2022,S:T478K
MWI/MLW001213/2022,S:T547K
MWI/MLW001213/2022,S:T95I
MWI/MLW001213/2022,S:V143-
MWI/MLW001213/2022,S:V70-
MWI/MLW001213/2022,S:Y144-
MWI/MLW001213/2022,S:Y145D
MWI/MLW001213/2022,S:Y505H
Mexico/BN-SEARCH-118322/2021,S:A222V
Mexico/BN-SEARCH-118322/2021,S:D614G
Mexico/BN-SEARCH-118322/2021,S:D950N
Mexico/BN-SEARCH-118322/2021,S:E156-
Mexico/BN-SEARCH-118322/2021,S:F157-
Mexico/BN-SEARCH-118322/2021,S:G142D
Mexico/BN-SEARCH-118322/2021,S:L452R
Mexico/BN-SEARCH-118322/2021,S:P681R
Mexico/BN-SEARCH-118322/2021,S:R158G
Mexico/BN-SEARCH-118322/2021,S:T19R
Mexico/BN-SEARCH-118322/2021,S:T478K
NGA/BCVL-22371/2021,S:A67V
NGA/BCVL-22371/2021,S:D614G
NGA/BCVL-22371/2021,S:E484K
NGA/BCVL-22371/2021,S:F888L
NGA/BCVL-22371/2021,S:H69-
NGA/BCVL-22371/2021,S:Q52R
NGA/BCVL-22371/2021,S:Q677H
NGA/BCVL-22371/2021,S:V615I
NGA/BCVL-22371/2021,S:V70-
NGA/BCVL-22371/2021,S:Y144-
NGA/CV1123/2021,S:A67V
NGA/CV1123/2021,S:D614G
NGA/CV1123/2021,S:E484K
NGA/CV1123/2021,S:F888L
NGA/CV1123/2021,S:H69-
NGA/CV1123/2021,S:Q52R
NGA/CV1123/2021,S:Q677H
NGA/CV1123/2021,S:V70-
NGA/CV1123/2021,S:Y144-
NGA/CV301/2020,S:D1163Y
NGA/CV301/2020,S:D614G
NGA/CV529/2020,S:D614G
NGA/CV529/2020,S:E780Q
NGA/CV529/2020,S:Y1155F
NLD/EMC-Delta-AY4.2/2021,S:A222V
NLD/EMC-Delta-AY4.2/2021,S:D1260N
NLD/EMC-Delta-AY4.2/2021,S:D614G
NLD/EMC-Delta-AY4.2/2021,S:D95I
NLD/EMC-Delta-AY4.2/2021,S:E156-
NLD/EMC-Delta-AY4.2/2021,S:F157-
NLD/EMC-Delta-AY4.2/2021,S:G142D
NLD/EMC-Delta-AY4.2/2021,S:L452R
NLD/EMC-Delta-AY4.2/2021,S:P681R
NLD/EMC-Delta-AY4.2/2021,S:R158G
NLD/EMC-Delta-AY4.2/2021,S:T19R
NLD/EMC-Delta-AY4.2/2021,S:T478K
NLD/EMC-Delta-AY4.2/2021,S:Y145H
NOR/Bergen-01/2020,S:D614G
NOR/Bergen-01/2020,S:R682L
NZL/20CV0183/2020,S:D614G
OP550259,S:A27S
OP550259,S:D405N
OP550259,S:D614G
OP550259,S:D796Y
OP550259,S:E484A
OP550259,S:F486V
OP550259,S:G142D
OP550259,S:G339D
OP550259,S:H655Y
OP550259,S:H69-
OP550259,S:K417N
OP550259,S:L24-
OP550259,S:L452R
OP550259,S:N440K
OP550259,S:N501Y
OP550259,S:N679K
OP550259,S:N764K
OP550259,S:N969K
OP550259,S:P25-
OP550259,S:P26-
OP550259,S:P681H
OP550259,S:Q498R
OP550259,S:R408S
OP550259,S:S371F
OP550259,S:S373P
OP550259,S:S375F
OP550259,S:S477N
OP550259,S:T19I
OP550259,S:T376A
OP550259,S:T478K
OP550259,S:V213G
OP550259,S:V70-
OP550259,S:Y505H
OQ130503,S:D614G
OQ130503,S:D796Y
OQ130503,S:E484A
OQ130503,S:G142-
OQ130503,S:G339D
OQ130503,S:G446S
OQ130503,S:G496S
OQ130503,S:H655Y
OQ130503,S:H69-
OQ130503,S:K417N
OQ130503,S:L212I
OQ130503,S:L981F
OQ130503,S:N211-
OQ130503,S:N440K
OQ130503,S:N501Y
OQ130503,S:N67V
OQ130503,S:N764K
OQ130503,S:N856K
OQ130503,S:N969K
OQ130503,S:P681H
OQ130503,S:Q493R
OQ130503,S:Q498R
OQ130503,S:Q954H
OQ130503,S:R346K
OQ130503,S:S371L
OQ130503,S:S373P
OQ130503,S:S375F
OQ130503,S:S477N
OQ130503,S:T478K
OQ130503,S:T547K
OQ130503,S:T95I
OQ130503,S:V143-
OQ130503,S:V70-
OQ130503,S:Y144-
OQ130503,S:Y145D
OQ130503,S:Y505H
OY732321,S:A27S
OY732321,S:D253G
OY732321,S:D405N
OY732321,S:D614G
OY732321,S:D796Y
OY732321,S:E484A
OY732321,S:F486P
OY732321,S:F490S
OY732321,S:G142D
OY732321,S:G339H
OY732321,S:G446S
OY732321,S:H146Q
OY732321,S:H655Y
OY732321,S:K417N
OY732321,S:L24-
OY732321,S:L368I
OY732321,S:N440K
OY732321,S:N460K
OY732321,S:N501Y
OY732321,S:N679K
OY732321,S:N764K
OY732321,S:N969K
OY732321,S:P25-
OY732321,S:P26-
OY732321,S:P521S
OY732321,S:P681H
OY732321,S:Q183E
OY732321,S:Q498R
OY732321,S:R346T
OY732321,S:R408S
OY732321,S:S371F
OY732321,S:S373P
OY732321,S:S375F
OY732321,S:S477N
OY732321,S:T19I
OY732321,S:T376A
OY732321,S:T478Q
OY732321,S:V213E
OY732321,S:V445P
OY732321,S:V83A
OY732321,S:Y144-
OY732321,S:Y505H
OZ180306,S:A264D
OZ180306,S:A27S
OZ180306,S:A570V
OZ180306,S:D405N
OZ180306,S:D614G
OZ180306,S:D796Y
OZ180306,S:E484K
OZ180306,S:E554K
OZ180306,S:F157S
OZ180306,S:F456L
OZ180306,S:F486P
OZ180306,S:G142D
OZ180306,S:G339H
OZ180306,S:G446S
OZ180306,S:H245N
OZ180306,S:H655Y
OZ180306,S:H69-
OZ180306,S:I332V
OZ180306,S:K356T
OZ180306,S:K417N
OZ180306,S:L212I
OZ180306,S:L216F
OZ180306,S:L24-
OZ180306,S:L452W
OZ180306,S:L455S
OZ180306,S:N211-
OZ180306,S:N440K
OZ180306,S:N450D
OZ180306,S:N460K
OZ180306,S:N481K
OZ180306,S:N50L
OZ180306,S:N679K
OZ180306,S:N764K
OZ180306,S:N969K
OZ180306,S:P1143L
OZ180306,S:P25-
OZ180306,S:P26-
OZ180306,S:P621S
OZ180306,S:P681H
OZ180306,S:Q493E
OZ180306,S:Q498R
OZ180306,S:R158G
OZ180306,S:R403K
OZ180306,S:R408S
OZ180306,S:S371F
OZ180306,S:S373P
OZ180306,S:S375F
OZ180306,S:S477N
OZ180306,S:S939F
OZ180306,S:T19I
OZ180306,S:T376A
OZ180306,S:T478K
OZ180306,S:V1104L
OZ180306,S:V127F
OZ180306,S:V21T
OZ180306,S:V445H
OZ180306,S:V483-
OZ180306,S:V70-
OZ180306,S:Y144-
OZ208473,S:A264D
OZ208473,S:A27S
OZ208473,S:A570V
OZ208473,S:D405N
OZ208473,S:D53G
OZ208473,S:D614G
OZ208473,S:D796Y
OZ208473,S:E484K
OZ208473,S:E554K
OZ208473,S:F157S
OZ208473,S:F456L
OZ208473,S:F486P
OZ208473,S:G142D
OZ208473,S:G339H
OZ208473,S:G446S
OZ208473,S:H245N
OZ208473,S:H655Y
OZ208473,S:H69-
OZ208473,S:I332V
OZ208473,S:K356T
OZ208473,S:K417N
OZ208473,S:L212I
OZ208473,S:L216F
OZ208473,S:L24-
OZ208473,S:L452W
OZ208473,S:L455S
OZ208473,S:N211-
OZ208473,S:N440K
OZ208473,S:N450D
OZ208473,S:N460K
OZ208473,S:N481K
OZ208473,S:N50L
OZ208473,S:N679K
OZ208473,S:N764K
OZ208473,S:N969K
OZ208473,S:P1143L
OZ208473,S:P25-
OZ208473,S:P26-
OZ208473,S:P621S
OZ208473,S:P681R
OZ208473,S:Q493E
OZ208473,S:Q498R
OZ208473,S:R158G
OZ208473,S:R403K
OZ208473,S:R408S
OZ208473,S:S31-
OZ208473,S:S371F
OZ208473,S:S373P
OZ208473,S:S375F
OZ208473,S:S477N
OZ208473,S:S939F
OZ208473,S:T19I
OZ208473,S:T376A
OZ208473,S:T478K
OZ208473,S:V1104L
OZ208473,S:V127F
OZ208473,S:V21T
OZ208473,S:V227I
OZ208473,S:V445H
OZ208473,S:V483-
OZ208473,S:V70-
OZ208473,S:V90F
OZ208473,S:Y144-
OZ249645,S:A264D
OZ249645,S:A27S
OZ249645,S:A570V
OZ249645,S:D405N
OZ249645,S:D614G
OZ249645,S:D796Y
OZ249645,S:E484K
OZ249645,S:E554K
OZ249645,S:F157S
OZ249645,S:F456L
OZ249645,S:F486P
OZ249645,S:F59S
OZ249645,S:G142D
OZ249645,S:G339H
OZ249645,S:G446S
OZ249645,S:H245N
OZ249645,S:H655Y
OZ249645,S:H69-
OZ249645,S:I332V
OZ249645,S:K182E
OZ249645,S:K356T
OZ249645,S:K417N
OZ249645,S:L212I
OZ249645,S:L216F
OZ249645,S:L24-
OZ249645,S:L452W
OZ249645,S:L455S
OZ249645,S:N211-
OZ249645,S:N440K
OZ249645,S:N450D
OZ249645,S:N460K
OZ249645,S:N481K
OZ249645,S:N50L
OZ249645,S:N679K
OZ249645,S:N764K
OZ249645,S:N969K
OZ249645,S:P1143L
OZ249645,S:P25-
OZ249645,S:P26-
OZ249645,S:P621S
OZ249645,S:P681R
OZ249645,S:Q493E
OZ249645,S:Q498R
OZ249645,S:R158G
OZ249645,S:R346T
OZ249645,S:R403K
OZ249645,S:R408S
OZ249645,S:S371F
OZ249645,S:S373P
OZ249645,S:S375F
OZ249645,S:S477N
OZ249645,S:S939F
OZ249645,S:T19I
OZ249645,S:T22N
OZ249645,S:T376A
OZ249645,S:T478K
OZ249645,S:V1104L
OZ249645,S:V127F
OZ249645,S:V21T
OZ249645,S:V445H
OZ249645,S:V483-
OZ249645,S:V70-
OZ249645,S:Y144-
OZ286432,S:D614G
OZ286432,S:D950N
OZ286432,S:E484K
OZ286432,S:M153T
OZ286432,S:N501Y
OZ286432,S:P1162S
OZ286432,S:P26L
OZ286432,S:P681H
OZ286432,S:R346K
OZ286432,S:T95I
OZ286432,S:Y144S
OZ286432,S:Y145N
OZ368866,S:A264D
OZ368866,S:A27S
OZ368866,S:A570V
OZ368866,S:A845S
OZ368866,S:D405N
OZ368866,S:D614G
OZ368866,S:D796Y
OZ368866,S:E484K
OZ368866,S:E554K
OZ368866,S:F157S
OZ368866,S:F456L
OZ368866,S:F486P
OZ368866,S:G142D
OZ368866,S:G339H
OZ368866,S:G446S
OZ368866,S:H245N
OZ368866,S:H655Y
OZ368866,S:H69-
OZ368866,S:I332V
OZ368866,S:K182R
OZ368866,S:K356T
OZ368866,S:K417N
OZ368866,S:K444R
OZ368866,S:L212I
OZ368866,S:L216F
OZ368866,S:L24-
OZ368866,S:L452W
OZ368866,S:L455S
OZ368866,S:N211-
OZ368866,S:N440K
OZ368866,S:N450D
OZ368866,S:N460K
OZ368866,S:N481K
OZ368866,S:N487D
OZ368866,S:N50L
OZ368866,S:N679K
OZ368866,S:N764K
OZ368866,S:N969K
OZ368866,S:P1143L
OZ368866,S:P25-
OZ368866,S:P251T
OZ368866,S:P26-
OZ368866,S:P621S
OZ368866,S:P681R
OZ368866,S:Q493E
OZ368866,S:R158G
OZ368866,S:R190S
OZ368866,S:R346T
OZ368866,S:R403K
OZ368866,S:R408S
OZ368866,S:S31P
OZ368866,S:S371F
OZ368866,S:S373P
OZ368866,S:S375F
OZ368866,S:S477N
OZ368866,S:S939F
OZ368866,S:T19I
OZ368866,S:T22N
OZ368866,S:T376A
OZ368866,S:T478K
OZ368866,S:T572I
OZ368866,S:V127F
OZ368866,S:V21T
OZ368866,S:V445R
OZ368866,S:V483-
OZ368866,S:V70-
OZ368866,S:Y144-
OZ370674,S:A27S
OZ370674,S:D405N
OZ370674,S:D614G
OZ370674,S:D796Y
OZ370674,S:E484A
OZ370674,S:F456L
OZ370674,S:F486P
OZ370674,S:F490S
OZ370674,S:G142D
OZ370674,S:G252V
OZ370674,S:G339H
OZ370674,S:G446S
OZ370674,S:H146Q
OZ370674,S:H655Y
OZ370674,S:K417N
OZ370674,S:L24-
OZ370674,S:L368I
OZ370674,S:N440K
OZ370674,S:N460K
OZ370674,S:N501Y
OZ370674,S:N679K
OZ370674,S:N764K
OZ370674,S:N969K
OZ370674,S:P25-
OZ370674,S:P26-
OZ370674,S:P681H
OZ370674,S:Q183E
OZ370674,S:Q498R
OZ370674,S:R346T
OZ370674,S:R408S
OZ370674,S:S371F
OZ370674,S:S373P
OZ370674,S:S375F
OZ370674,S:S477N
OZ370674,S:T19I
OZ370674,S:T376A
OZ370674,S:T478K
OZ370674,S:V213E
OZ370674,S:V445P
OZ370674,S:V83A
OZ370674,S:Y144-
OZ370674,S:Y505H
OZ372103,S:A264D
OZ372103,S:A27S
OZ372103,S:A570V
OZ372103,S:D405N
OZ372103,S:D614G
OZ372103,S:D796Y
OZ372103,S:E484K
OZ372103,S:E554K
OZ372103,S:F157S
OZ372103,S:F456L
OZ372103,S:F486P
OZ372103,S:G142D
OZ372103,S:G339H
OZ372103,S:G446S
OZ372103,S:H245N
OZ372103,S:H655Y
OZ372103,S:H69-
OZ372103,S:I332V
OZ372103,S:K182R
OZ372103,S:K356T
OZ372103,S:K417N
OZ372103,S:K444R
OZ372103,S:L212I
OZ372103,S:L216F
OZ372103,S:L24-
OZ372103,S:L452W
OZ372103,S:L455S
OZ372103,S:N211-
OZ372103,S:N440K
OZ372103,S:N450D
OZ372103,S:N460K
OZ372103,S:N481K
OZ372103,S:N487D
OZ372103,S:N50L
OZ372103,S:N679K
OZ372103,S:N764K
OZ372103,S:N969K
OZ372103,S:P1143L
OZ372103,S:P25-
OZ372103,S:P26-
OZ372103,S:P621S
OZ372103,S:P681R
OZ372103,S:Q493E
OZ372103,S:Q498R
OZ372103,S:R158G
OZ372103,S:R190S
OZ372103,S:R346T
OZ372103,S:R403K
OZ372103,S:R408S
OZ372103,S:S31P
OZ372103,S:S371F
OZ372103,S:S373P
OZ372103,S:S375F
OZ372103,S:S477N
OZ372103,S:S680P
OZ372103,S:S939F
OZ372103,S:T19I
OZ372103,S:T22N
OZ372103,S:T376A
OZ372103,S:T478K
OZ372103,S:T572I
OZ372103,S:V127F
OZ372103,S:V21T
OZ372103,S:V445R
OZ372103,S:V483-
OZ372103,S:V70-
OZ372103,S:Y144-
OZ373647,S:A264D
OZ373647,S:A27S
OZ373647,S:A435S
OZ373647,S:A570V
OZ373647,S:D405N
OZ373647,S:D614G
OZ373647,S:D796Y
OZ373647,S:E484R
OZ373647,S:E554K
OZ373647,S:F157S
OZ373647,S:F456L
OZ373647,S:F486P
OZ373647,S:G142D
OZ373647,S:G339H
OZ373647,S:G446S
OZ373647,S:H245N
OZ373647,S:H655Y
OZ373647,S:H69-
OZ373647,S:I332V
OZ373647,S:K182R
OZ373647,S:K356T
OZ373647,S:K417N
OZ373647,S:L212I
OZ373647,S:L216F
OZ373647,S:L24-
OZ373647,S:L452W
OZ373647,S:L455S
OZ373647,S:N211-
OZ373647,S:N440K
OZ373647,S:N450D
OZ373647,S:N460K
OZ373647,S:N481K
OZ373647,S:N50L
OZ373647,S:N679K
OZ373647,S:N764K
OZ373647,S:N969K
OZ373647,S:P1143L
OZ373647,S:P25-
OZ373647,S:P26-
OZ373647,S:P621S
OZ373647,S:P681R
OZ373647,S:Q493E
OZ373647,S:Q498R
OZ373647,S:R158G
OZ373647,S:R190S
OZ373647,S:R346T
OZ373647,S:R403K
OZ373647,S:R408S
OZ373647,S:S31P
OZ373647,S:S371F
OZ373647,S:S373P
OZ373647,S:S375F
OZ373647,S:S477N
OZ373647,S:S939F
OZ373647,S:T19I
OZ373647,S:T22N
OZ373647,S:T376A
OZ373647,S:T478K
OZ373647,S:V1104L
OZ373647,S:V127F
OZ373647,S:V21T
OZ373647,S:V445H
OZ373647,S:V483-
OZ373647,S:V70-
OZ373647,S:Y144-
OZ373894,S:A264D
OZ373894,S:A27S
OZ373894,S:A570V
OZ373894,S:D405N
OZ373894,S:D614G
OZ373894,S:D796Y
OZ373894,S:E484K
OZ373894,S:E554K
OZ373894,S:F157S
OZ373894,S:F186L
OZ373894,S:F456L
OZ373894,S:F486P
OZ373894,S:G142D
OZ373894,S:G339H
OZ373894,S:G446S
OZ373894,S:H245N
OZ373894,S:H655Y
OZ373894,S:H69-
OZ373894,S:I332V
OZ373894,S:K1086R
OZ373894,S:K356T
OZ373894,S:K417N
OZ373894,S:L212I
OZ373894,S:L216F
OZ373894,S:L24-
OZ373894,S:L452W
OZ373894,S:L455S
OZ373894,S:N211-
OZ373894,S:N440K
OZ373894,S:N450D
OZ373894,S:N460K
OZ373894,S:N481K
OZ373894,S:N50L
OZ373894,S:N679R
OZ373894,S:N764K
OZ373894,S:N969K
OZ373894,S:P1143L
OZ373894,S:P25-
OZ373894,S:P26-
OZ373894,S:P621S
OZ373894,S:P681R
OZ373894,S:Q493E
OZ373894,S:Q498R
OZ373894,S:R158G
OZ373894,S:R190S
OZ373894,S:R346T
OZ373894,S:R403K
OZ373894,S:R408S
OZ373894,S:S31-
OZ373894,S:S371F
OZ373894,S:S373P
OZ373894,S:S375F
OZ373894,S:S477N
OZ373894,S:S939F
OZ373894,S:T19I
OZ373894,S:T22N
OZ373894,S:T376A
OZ373894,S:T478K
OZ373894,S:V1104L
OZ373894,S:V127F
OZ373894,S:V21T
OZ373894,S:V445R
OZ373894,S:V483-
OZ373894,S:V70-
OZ373894,S:Y144-
OZ375503,S:A264D
OZ375503,S:A27S
OZ375503,S:A570V
OZ375503,S:D405N
OZ375503,S:D614G
OZ375503,S:D796Y
OZ375503,S:E484K
OZ375503,S:E554K
OZ375503,S:F157S
OZ375503,S:F456L
OZ375503,S:F486P
OZ375503,S:G142D
OZ375503,S:G339H
OZ375503,S:G446S
OZ375503,S:H245N
OZ375503,S:H655Y
OZ375503,S:H69-
OZ375503,S:I332V
OZ375503,S:K1245N
OZ375503,S:K182R
OZ375503,S:K356T
OZ375503,S:K417N
OZ375503,S:K444R
OZ375503,S:L212I
OZ375503,S:L216F
OZ375503,S:L24-
OZ375503,S:L452W
OZ375503,S:L455S
OZ375503,S:N211-
OZ375503,S:N440K
OZ375503,S:N450D
OZ375503,S:N460K
OZ375503,S:N481K
OZ375503,S:N487D
OZ375503,S:N50L
OZ375503,S:N679K
OZ375503,S:N764K
OZ375503,S:N969K
OZ375503,S:P1143L
OZ375503,S:P25-
OZ375503,S:P26-
OZ375503,S:P621S
OZ375503,S:P681R
OZ375503,S:Q493E
OZ375503,S:Q498R
OZ375503,S:R158G
OZ375503,S:R190S
OZ375503,S:R346T
OZ375503,S:R403K
OZ375503,S:R408S
OZ375503,S:S31P
OZ375503,S:S371F
OZ375503,S:S373P
OZ375503,S:S375F
OZ375503,S:S477N
OZ375503,S:S939F
OZ375503,S:T19I
OZ375503,S:T22N
OZ375503,S:T376S
OZ375503,S:T478K
OZ375503,S:T572I
OZ375503,S:V127F
OZ375503,S:V21T
OZ375503,S:V445R
OZ375503,S:V483-
OZ375503,S:V70-
OZ375503,S:Y144-
OZ375560,S:A264D
OZ375560,S:A27S
OZ375560,S:A435S
OZ375560,S:A475V
OZ375560,S:A570V
OZ375560,S:D405N
OZ375560,S:D614G
OZ375560,S:D796Y
OZ375560,S:E484K
OZ375560,S:E554K
OZ375560,S:F157S
OZ375560,S:F456L
OZ375560,S:F486P
OZ375560,S:G142D
OZ375560,S:G339H
OZ375560,S:G446S
OZ375560,S:H245N
OZ375560,S:H655Y
OZ375560,S:H69-
OZ375560,S:I332V
OZ375560,S:K1086R
OZ375560,S:K182R
OZ375560,S:K356T
OZ375560,S:K417N
OZ375560,S:L212I
OZ375560,S:L216F
OZ375560,S:L24-
OZ375560,S:L452W
OZ375560,S:L455S
OZ375560,S:N211-
OZ375560,S:N440K
OZ375560,S:N450D
OZ375560,S:N460K
OZ375560,S:N481K
OZ375560,S:N50L
OZ375560,S:N679R
OZ375560,S:N764K
OZ375560,S:N969K
OZ375560,S:P1143L
OZ375560,S:P25-
OZ375560,S:P26-
OZ375560,S:P621S
OZ375560,S:P681R
OZ375560,S:Q493E
OZ375560,S:Q498R
OZ375560,S:R158G
OZ375560,S:R190S
OZ375560,S:R346T
OZ375560,S:R403K
OZ375560,S:R408S
OZ375560,S:S31P
OZ375560,S:S371F
OZ375560,S:S373P
OZ375560,S:S375F
OZ375560,S:S477N
OZ375560,S:S939F
OZ375560,S:T19I
OZ375560,S:T22N
OZ375560,S:T376A
OZ375560,S:T478K
OZ375560,S:V1104L
OZ375560,S:V127F
OZ375560,S:V21T
OZ375560,S:V445R
OZ375560,S:V483-
OZ375560,S:V70-
OZ375560,S:Y144-
OZ389883,S:A264D
OZ389883,S:A27S
OZ389883,S:A570V
OZ389883,S:D405N
OZ389883,S:D614G
OZ389883,S:D796Y
OZ389883,S:E484K
OZ389883,S:E554K
OZ389883,S:F157S
OZ389883,S:F456L
OZ389883,S:F486P
OZ389883,S:G142D
OZ389883,S:G339H
OZ389883,S:G446S
OZ389883,S:H245N
OZ389883,S:H655Y
OZ389883,S:H69-
OZ389883,S:I332V
OZ389883,S:K182R
OZ389883,S:K356T
OZ389883,S:K417N
OZ389883,S:K444R
OZ389883,S:L212I
OZ389883,S:L216F
OZ389883,S:L24-
OZ389883,S:L452W
OZ389883,S:L455S
OZ389883,S:N211-
OZ389883,S:N440K
OZ389883,S:N450D
OZ389883,S:N460K
OZ389883,S:N481K
OZ389883,S:N487D
OZ389883,S:N50L
OZ389883,S:N679K
OZ389883,S:N764K
OZ389883,S:N969K
OZ389883,S:P1143L
OZ389883,S:P25-
OZ389883,S:P26-
OZ389883,S:P621S
OZ389883,S:P681R
OZ389883,S:Q493E
OZ389883,S:Q498R
OZ389883,S:R158G
OZ389883,S:R190S
OZ389883,S:R346T
OZ389883,S:R403K
OZ389883,S:R408S
OZ389883,S:S31P
OZ389883,S:S371F
OZ389883,S:S373P
OZ389883,S:S375F
OZ389883,S:S477N
OZ389883,S:S680P
OZ389883,S:S939F
OZ389883,S:T19I
OZ389883,S:T22N
OZ389883,S:T376A
OZ389883,S:T478K
OZ389883,S:T572I
OZ389883,S:V127F
OZ389883,S:V21T
OZ389883,S:V445R
OZ389883,S:V483-
OZ389883,S:V70-
OZ389883,S:Y144-
OZ389898,S:A264D
OZ389898,S:A27S
OZ389898,S:A435S
OZ389898,S:A570V
OZ389898,S:D405N
OZ389898,S:D614G
OZ389898,S:D796Y
OZ389898,S:E484K
OZ389898,S:E554K
OZ389898,S:F157S
OZ389898,S:F456L
OZ389898,S:F486P
OZ389898,S:F59S
OZ389898,S:G142D
OZ389898,S:G184S
OZ389898,S:G339H
OZ389898,S:G446S
OZ389898,S:H245N
OZ389898,S:H655Y
OZ389898,S:H69-
OZ389898,S:I332V
OZ389898,S:K356T
OZ389898,S:K417N
OZ389898,S:L212I
OZ389898,S:L216F
OZ389898,S:L24-
OZ389898,S:L452W
OZ389898,S:L455S
OZ389898,S:N211-
OZ389898,S:N440K
OZ389898,S:N450D
OZ389898,S:N460K
OZ389898,S:N481K
OZ389898,S:N50L
OZ389898,S:N679K
OZ389898,S:N764K
OZ389898,S:N969K
OZ389898,S:P1143L
OZ389898,S:P25-
OZ389898,S:P26-
OZ389898,S:P621S
OZ389898,S:P681R
OZ389898,S:Q493E
OZ389898,S:Q498R
OZ389898,S:R158G
OZ389898,S:R403K
OZ389898,S:R408S
OZ389898,S:S371F
OZ389898,S:S373P
OZ389898,S:S375F
OZ389898,S:S477N
OZ389898,S:S939F
OZ389898,S:T19I
OZ389898,S:T22N
OZ389898,S:T376A
OZ389898,S:T478I
OZ389898,S:V127F
OZ389898,S:V21T
OZ389898,S:V445H
OZ389898,S:V483-
OZ389898,S:V70-
OZ389898,S:Y144-
OZ390194,S:A264D
OZ390194,S:A27S
OZ390194,S:A435S
OZ390194,S:A570V
OZ390194,S:D405N
OZ390194,S:D614G
OZ390194,S:D796Y
OZ390194,S:E484K
OZ390194,S:E554K
OZ390194,S:F157S
OZ390194,S:F456L
OZ390194,S:F486P
OZ390194,S:F59S
OZ390194,S:G142D
OZ390194,S:G184S
OZ390194,S:G339H
OZ390194,S:G446S
OZ390194,S:H245N
OZ390194,S:H655Y
OZ390194,S:H69-
OZ390194,S:I332V
OZ390194,S:K356T
OZ390194,S:K417N
OZ390194,S:L212I
OZ390194,S:L216F
OZ390194,S:L24-
OZ390194,S:L452W
OZ390194,S:L455S
OZ390194,S:N211-
OZ390194,S:N440K
OZ390194,S:N450D
OZ390194,S:N460K
OZ390194,S:N481K
OZ390194,S:N50L
OZ390194,S:N679K
OZ390194,S:N764K
OZ390194,S:N969K
OZ390194,S:P1143L
OZ390194,S:P25-
OZ390194,S:P26-
OZ390194,S:P621S
OZ390194,S:P681R
OZ390194,S:Q493E
OZ390194,S:Q498R
OZ390194,S:R158G
OZ390194,S:R403K
OZ390194,S:R408S
OZ390194,S:S371F
OZ390194,S:S373P
OZ390194,S:S375F
OZ390194,S:S477N
OZ390194,S:S939F
OZ390194,S:T19I
OZ390194,S:T22N
OZ390194,S:T376A
OZ390194,S:V127F
OZ390194,S:V21T
OZ390194,S:V445H
OZ390194,S:V483-
OZ390194,S:V70-
OZ390194,S:Y144-
OZ390206,S:A264D
OZ390206,S:A27S
OZ390206,S:A570V
OZ390206,S:D405N
OZ390206,S:D614G
OZ390206,S:D796Y
OZ390206,S:E484K
OZ390206,S:E554K
OZ390206,S:F157S
OZ390206,S:F456L
OZ390206,S:F486P
OZ390206,S:G142D
OZ390206,S:G339H
OZ390206,S:G446S
OZ390206,S:H207Y
OZ390206,S:H245N
OZ390206,S:H655Y
OZ390206,S:H69-
OZ390206,S:I332V
OZ390206,S:K1086R
OZ390206,S:K182R
OZ390206,S:K356T
OZ390206,S:K417N
OZ390206,S:L212-
OZ390206,S:L216F
OZ390206,S:L24-
OZ390206,S:L452W
OZ390206,S:L455S
OZ390206,S:N211-
OZ390206,S:N440K
OZ390206,S:N450D
OZ390206,S:N460K
OZ390206,S:N481K
OZ390206,S:N50L
OZ390206,S:N679R
OZ390206,S:N764K
OZ390206,S:N969K
OZ390206,S:P1143L
OZ390206,S:P25-
OZ390206,S:P26-
OZ390206,S:P621S
OZ390206,S:P681R
OZ390206,S:Q493E
OZ390206,S:Q498R
OZ390206,S:R158G
OZ390206,S:R190S
OZ390206,S:R346T
OZ390206,S:R403K
OZ390206,S:R408S
OZ390206,S:S31P
OZ390206,S:S371F
OZ390206,S:S373P
OZ390206,S:S375F
OZ390206,S:S477N
OZ390206,S:S939F
OZ390206,S:T19I
OZ390206,S:T22N
OZ390206,S:T376A
OZ390206,S:T478K
OZ390206,S:V1104L
OZ390206,S:V127F
OZ390206,S:V21T
OZ390206,S:V445R
OZ390206,S:V483-
OZ390206,S:V70-
OZ390206,S:Y144-
OZ390254,S:A264D
OZ390254,S:A27S
OZ390254,S:A435S
OZ390254,S:A570V
OZ390254,S:D405N
OZ390254,S:D614G
OZ390254,S:D796Y
OZ390254,S:E484K
OZ390254,S:E554K
OZ390254,S:F157S
OZ390254,S:F456L
OZ390254,S:F486P
OZ390254,S:F59S
OZ390254,S:G142D
OZ390254,S:G184S
OZ390254,S:G339H
OZ390254,S:G446S
OZ390254,S:H245N
OZ390254,S:H655Y
OZ390254,S:H69-
OZ390254,S:I332V
OZ390254,S:K356T
OZ390254,S:K417N
OZ390254,S:L212I
OZ390254,S:L216F
OZ390254,S:L24-
OZ390254,S:L452W
OZ390254,S:L455S
OZ390254,S:L699I
OZ390254,S:N211-
OZ390254,S:N440K
OZ390254,S:N450D
OZ390254,S:N460K
OZ390254,S:N481K
OZ390254,S:N50L
OZ390254,S:N679K
OZ390254,S:N764K
OZ390254,S:N969K
OZ390254,S:P1143L
OZ390254,S:P25-
OZ390254,S:P26-
OZ390254,S:P621S
OZ390254,S:P681R
OZ390254,S:Q493E
OZ390254,S:Q498R
OZ390254,S:R158G
OZ390254,S:R346T
OZ390254,S:R403K
OZ390254,S:R408S
OZ390254,S:S371F
OZ390254,S:S373P
OZ390254,S:S375F
OZ390254,S:S477N
OZ390254,S:S939F
OZ390254,S:T19I
OZ390254,S:T22N
OZ390254,S:T376A
OZ390254,S:T478I
OZ390254,S:V127F
OZ390254,S:V21T
OZ390254,S:V445H
OZ390254,S:V483-
OZ390254,S:V70-
OZ390254,S:Y144-
OZ391778,S:A264D
OZ391778,S:A27S
OZ391778,S:A435S
OZ391778,S:A570V
OZ391778,S:D405N
OZ391778,S:D614G
OZ391778,S:D796Y
OZ391778,S:E484K
OZ391778,S:E554K
OZ391778,S:F157S
OZ391778,S:F456L
OZ391778,S:F486P
OZ391778,S:F59S
OZ391778,S:G142D
OZ391778,S:G184S
OZ391778,S:G339H
OZ391778,S:G446S
OZ391778,S:H245N
OZ391778,S:H655Y
OZ391778,S:H69-
OZ391778,S:I332V
OZ391778,S:K356T
OZ391778,S:K417N
OZ391778,S:L212I
OZ391778,S:L216F
OZ391778,S:L24-
OZ391778,S:L452W
OZ391778,S:L455S
OZ391778,S:N211-
OZ391778,S:N440K
OZ391778,S:N450D
OZ391778,S:N460K
OZ391778,S:N481K
OZ391778,S:N50L
OZ391778,S:N679K
OZ391778,S:N764K
OZ391778,S:N969K
OZ391778,S:P1143L
OZ391778,S:P25-
OZ391778,S:P26-
OZ391778,S:P621S
OZ391778,S:P681R
OZ391778,S:Q493E
OZ391778,S:Q498R
OZ391778,S:R158G
OZ391778,S:R403K
OZ391778,S:R408S
OZ391778,S:S371F
OZ391778,S:S373P
OZ391778,S:S375F
OZ391778,S:S477N
OZ391778,S:S680P
OZ391778,S:S939F
OZ391778,S:T19I
OZ391778,S:T22N
OZ391778,S:T376A
OZ391778,S:V127F
OZ391778,S:V21T
OZ391778,S:V445H
OZ391778,S:V483-
OZ391778,S:V70-
OZ391778,S:W258L
OZ391778,S:Y144-
OZ391784,S:A264D
OZ391784,S:A27S
OZ391784,S:A475V
OZ391784,S:A570V
OZ391784,S:D405N
OZ391784,S:D614G
OZ391784,S:D796Y
OZ391784,S:E484K
OZ391784,S:E554K
OZ391784,S:F157S
OZ391784,S:F456L
OZ391784,S:F486P
OZ391784,S:G142D
OZ391784,S:G339H
OZ391784,S:G446S
OZ391784,S:H245N
OZ391784,S:H655Y
OZ391784,S:H69-
OZ391784,S:I332V
OZ391784,S:K182R
OZ391784,S:K356T
OZ391784,S:K417N
OZ391784,S:L212I
OZ391784,S:L216F
OZ391784,S:L24-
OZ391784,S:L441R
OZ391784,S:L452W
OZ391784,S:L455S
OZ391784,S:N211-
OZ391784,S:N440K
OZ391784,S:N450D
OZ391784,S:N460K
OZ391784,S:N481K
OZ391784,S:N50L
OZ391784,S:N679K
OZ391784,S:N764K
OZ391784,S:N969K
OZ391784,S:P1143L
OZ391784,S:P25-
OZ391784,S:P26-
OZ391784,S:P621S
OZ391784,S:P681R
OZ391784,S:Q498R
OZ391784,S:R158G
OZ391784,S:R190S
OZ391784,S:R346T
OZ391784,S:R403K
OZ391784,S:R408S
OZ391784,S:S31P
OZ391784,S:S371F
OZ391784,S:S373P
OZ391784,S:S375F
OZ391784,S:S477N
OZ391784,S:S939F
OZ391784,S:T19I
OZ391784,S:T22N
OZ391784,S:T376A
OZ391784,S:T478K
OZ391784,S:T791A
OZ391784,S:V1264L
OZ391784,S:V127F
OZ391784,S:V21T
OZ391784,S:V445P
OZ391784,S:V483-
OZ391784,S:V70-
OZ391784,S:V83L
OZ391784,S:Y144-
OZ392114,S:A264D
OZ392114,S:A27S
OZ392114,S:A475V
OZ392114,S:A570V
OZ392114,S:D405N
OZ392114,S:D614G
OZ392114,S:D796Y
OZ392114,S:E484K
OZ392114,S:E554K
OZ392114,S:F157S
OZ392114,S:F456L
OZ392114,S:F486P
OZ392114,S:G142D
OZ392114,S:G339H
OZ392114,S:G446S
OZ392114,S:H245N
OZ392114,S:H655Y
OZ392114,S:H69-
OZ392114,S:I332V
OZ392114,S:K182R
OZ392114,S:K356T
OZ392114,S:K417N
OZ392114,S:L212I
OZ392114,S:L216F
OZ392114,S:L24-
OZ392114,S:L441R
OZ392114,S:L452W
OZ392114,S:L455S
OZ392114,S:N211-
OZ392114,S:N440K
OZ392114,S:N450D
OZ392114,S:N460K
OZ392114,S:N481K
OZ392114,S:N50L
OZ392114,S:N679K
OZ392114,S:N764K
OZ392114,S:N969K
OZ392114,S:P1143L
OZ392114,S:P25-
OZ392114,S:P26-
OZ392114,S:P621S
OZ392114,S:P681R
OZ392114,S:Q498R
OZ392114,S:R158G
OZ392114,S:R346T
OZ392114,S:R403K
OZ392114,S:R408S
OZ392114,S:S31P
OZ392114,S:S371F
OZ392114,S:S373P
OZ392114,S:S375F
OZ392114,S:S477N
OZ392114,S:T19V
OZ392114,S:T22N
OZ392114,S:T376A
OZ392114,S:T478K
OZ392114,S:T791A
OZ392114,S:V1264L
OZ392114,S:V127F
OZ392114,S:V21T
OZ392114,S:V445P
OZ392114,S:V483-
OZ392114,S:V70-
OZ392114,S:Y144-
OZ392156,S:A264D
OZ392156,S:A27S
OZ392156,S:A570V
OZ392156,S:D405N
OZ392156,S:D614G
OZ392156,S:D796Y
OZ392156,S:E484K
OZ392156,S:E554K
OZ392156,S:F157S
OZ392156,S:F456L
OZ392156,S:F486P
OZ392156,S:G142D
OZ392156,S:G339H
OZ392156,S:G446S
OZ392156,S:H245N
OZ392156,S:H655Y
OZ392156,S:H69-
OZ392156,S:I332V
OZ392156,S:K182R
OZ392156,S:K356T
OZ392156,S:K417N
OZ392156,S:K444R
OZ392156,S:L212I
OZ392156,S:L216F
OZ392156,S:L24-
OZ392156,S:L441I
OZ392156,S:L452W
OZ392156,S:L455S
OZ392156,S:N211-
OZ392156,S:N440K
OZ392156,S:N450D
OZ392156,S:N460K
OZ392156,S:N481K
OZ392156,S:N487D
OZ392156,S:N50L
OZ392156,S:N679K
OZ392156,S:N764K
OZ392156,S:N969K
OZ392156,S:P1143L
OZ392156,S:P25-
OZ392156,S:P26-
OZ392156,S:P621S
OZ392156,S:P681R
OZ392156,S:Q493E
OZ392156,S:Q498R
OZ392156,S:R158G
OZ392156,S:R190S
OZ392156,S:R346T
OZ392156,S:R403K
OZ392156,S:R408S
OZ392156,S:S31P
OZ392156,S:S371F
OZ392156,S:S373P
OZ392156,S:S375F
OZ392156,S:S477N
OZ392156,S:S939F
OZ392156,S:T19I
OZ392156,S:T22N
OZ392156,S:T376A
OZ392156,S:T478K
OZ392156,S:T572I
OZ392156,S:V127F
OZ392156,S:V21T
OZ392156,S:V445R
OZ392156,S:V483-
OZ392156,S:V70-
OZ392156,S:Y144-
OZ392162,S:A1174V
OZ392162,S:A264D
OZ392162,S:A27S
OZ392162,S:A570V
OZ392162,S:D405N
OZ392162,S:D614G
OZ392162,S:D796Y
OZ392162,S:E484K
OZ392162,S:E554K
OZ392162,S:F157S
OZ392162,S:F456L
OZ392162,S:F486P
OZ392162,S:G142D
OZ392162,S:G339H
OZ392162,S:G446S
OZ392162,S:G946R
OZ392162,S:H245N
OZ392162,S:H655Y
OZ392162,S:H69-
OZ392162,S:I332V
OZ392162,S:K182R
OZ392162,S:K356T
OZ392162,S:K417N
OZ392162,S:K444R
OZ392162,S:L212I
OZ392162,S:L216F
OZ392162,S:L24-
OZ392162,S:L452W
OZ392162,S:L455S
OZ392162,S:N211-
OZ392162,S:N440K
OZ392162,S:N450D
OZ392162,S:N460K
OZ392162,S:N481K
OZ392162,S:N50L
OZ392162,S:N679K
OZ392162,S:N764K
OZ392162,S:N969K
OZ392162,S:P1143L
OZ392162,S:P25-
OZ392162,S:P26-
OZ392162,S:P621S
OZ392162,S:P681R
OZ392162,S:Q498R
OZ392162,S:R158G
OZ392162,S:R190S
OZ392162,S:R346T
OZ392162,S:R403K
OZ392162,S:R408S
OZ392162,S:S31P
OZ392162,S:S371F
OZ392162,S:S373P
OZ392162,S:S375F
OZ392162,S:S477N
OZ392162,S:S704L
OZ392162,S:S939F
OZ392162,S:T19I
OZ392162,S:T22N
OZ392162,S:T376A
OZ392162,S:V127F
OZ392162,S:V21T
OZ392162,S:V445P
OZ392162,S:V483-
OZ392162,S:V70-
OZ392162,S:Y144-
OZ392170,S:A243-
OZ392170,S:A348P
OZ392170,S:A435S
OZ392170,S:A575S
OZ392170,S:A688D
OZ392170,S:A852K
OZ392170,S:C136-
OZ392170,S:D1184E
OZ392170,S:D138-
OZ392170,S:D405N
OZ392170,S:D614G
OZ392170,S:D796Y
OZ392170,S:E484K
OZ392170,S:E554D
OZ392170,S:E583D
OZ392170,S:E654K
OZ392170,S:F140-
OZ392170,S:F157S
OZ392170,S:G142-
OZ392170,S:G339Y
OZ392170,S:G446D
OZ392170,S:G496S
OZ392170,S:H146-
OZ392170,S:H625R
OZ392170,S:H655Y
OZ392170,S:H69-
OZ392170,S:I101T
OZ392170,S:I326V
OZ392170,S:K147-
OZ392170,S:K187T
OZ392170,S:K356T
OZ392170,S:K417N
OZ392170,S:K529N
OZ392170,S:K679R
OZ392170,S:K795T
OZ392170,S:L141-
OZ392170,S:L212I
OZ392170,S:L452W
OZ392170,S:N137-
OZ392170,S:N164K
OZ392170,S:N211-
OZ392170,S:N440R
OZ392170,S:N460K
OZ392170,S:N501Y
OZ392170,S:N641K
OZ392170,S:N67V
OZ392170,S:N764K
OZ392170,S:P139-
OZ392170,S:P251S
OZ392170,S:P26L
OZ392170,S:P681H
OZ392170,S:Q498R
OZ392170,S:R21T
OZ392170,S:R403K
OZ392170,S:R408S
OZ392170,S:S172F
OZ392170,S:S371F
OZ392170,S:S373P
OZ392170,S:S375F
OZ392170,S:S477N
OZ392170,S:S704L
OZ392170,S:S939F
OZ392170,S:T478N
OZ392170,S:T9L
OZ392170,S:V143-
OZ392170,S:V445A
OZ392170,S:V642G
OZ392170,S:V70-
OZ392170,S:Y144-
OZ392170,S:Y145-
OZ392171,S:A243-
OZ392171,S:A348P
OZ392171,S:A435S
OZ392171,S:A575S
OZ392171,S:A688D
OZ392171,S:A852K
OZ392171,S:C136-
OZ392171,S:D1184E
OZ392171,S:D138-
OZ392171,S:D405N
OZ392171,S:D614G
OZ392171,S:D796Y
OZ392171,S:E484K
OZ392171,S:E554D
OZ392171,S:E583D
OZ392171,S:E654K
OZ392171,S:F140-
OZ392171,S:F157S
OZ392171,S:G142-
OZ392171,S:G339Y
OZ392171,S:G446D
OZ392171,S:G496S
OZ392171,S:H146-
OZ392171,S:H625R
OZ392171,S:H655Y
OZ392171,S:H69-
OZ392171,S:I101T
OZ392171,S:I326V
OZ392171,S:K147-
OZ392171,S:K187T
OZ392171,S:K356T
OZ392171,S:K417N
OZ392171,S:K529N
OZ392171,S:K679R
OZ392171,S:K795T
OZ392171,S:L141-
OZ392171,S:L212I
OZ392171,S:L242-
OZ392171,S:L452W
OZ392171,S:N137-
OZ392171,S:N164K
OZ392171,S:N211-
OZ392171,S:N440R
OZ392171,S:N460K
OZ392171,S:N501Y
OZ392171,S:N641K
OZ392171,S:N67V
OZ392171,S:N764K
OZ392171,S:P139-
OZ392171,S:P251S
OZ392171,S:P26L
OZ392171,S:P681H
OZ392171,S:Q498R
OZ392171,S:R21T
OZ392171,S:R403K
OZ392171,S:R408S
OZ392171,S:S172F
OZ392171,S:S371F
OZ392171,S:S373P
OZ392171,S:S375F
OZ392171,S:S477N
OZ392171,S:S704L
OZ392171,S:S939F
OZ392171,S:T478N
OZ392171,S:T9L
OZ392171,S:V143-
OZ392171,S:V445A
OZ392171,S:V642G
OZ392171,S:V70-
OZ392171,S:Y144-
OZ392171,S:Y145-
OZ404276,S:A243-
OZ404276,S:A348P
OZ404276,S:A435S
OZ404276,S:A575S
OZ404276,S:A688D
OZ404276,S:A852K
OZ404276,S:C136-
OZ404276,S:D1184E
OZ404276,S:D138-
OZ404276,S:D405N
OZ404276,S:D614G
OZ404276,S:D796Y
OZ404276,S:E484K
OZ404276,S:E554D
OZ404276,S:E583D
OZ404276,S:E654K
OZ404276,S:F140-
OZ404276,S:F157S
OZ404276,S:G142-
OZ404276,S:G339Y
OZ404276,S:G446D
OZ404276,S:G496S
OZ404276,S:H146-
OZ404276,S:H625R
OZ404276,S:H655Y
OZ404276,S:H69-
OZ404276,S:I101T
OZ404276,S:I326V
OZ404276,S:K147-
OZ404276,S:K187T
OZ404276,S:K356T
OZ404276,S:K417N
OZ404276,S:K529N
OZ404276,S:K679R
OZ404276,S:K795T
OZ404276,S:L141-
OZ404276,S:L212I
OZ404276,S:L242-
OZ404276,S:L452W
OZ404276,S:N137-
OZ404276,S:N164K
OZ404276,S:N211-
OZ404276,S:N440R
OZ404276,S:N460K
OZ404276,S:N501Y
OZ404276,S:N641K
OZ404276,S:N67V
OZ404276,S:N764K
OZ404276,S:P139-
OZ404276,S:P251S
OZ404276,S:P26L
OZ404276,S:P681H
OZ404276,S:Q498R
OZ404276,S:R21T
OZ404276,S:R403K
OZ404276,S:R408S
OZ404276,S:S172F
OZ404276,S:S371F
OZ404276,S:S373P
OZ404276,S:S375F
OZ404276,S:S477N
OZ404276,S:S704L
OZ404276,S:S939F
OZ404276,S:T478N
OZ404276,S:T9L
OZ404276,S:V143-
OZ404276,S:V445A
OZ404276,S:V642G
OZ404276,S:V70-
OZ404276,S:Y144-
OZ404276,S:Y145-
OZ404761,S:A264D
OZ404761,S:A27S
OZ404761,S:A435S
OZ404761,S:A570V
OZ404761,S:D405N
OZ404761,S:D614G
OZ404761,S:D796Y
OZ404761,S:E484K
OZ404761,S:E554K
OZ404761,S:F157S
OZ404761,S:F456L
OZ404761,S:F486P
OZ404761,S:G142D
OZ404761,S:G339H
OZ404761,S:G446S
OZ404761,S:H245N
OZ404761,S:H655Y
OZ404761,S:H69-
OZ404761,S:I332V
OZ404761,S:K150N
OZ404761,S:K182R
OZ404761,S:K356T
OZ404761,S:K417N
OZ404761,S:L212I
OZ404761,S:L216F
OZ404761,S:L24-
OZ404761,S:L452W
OZ404761,S:L455S
OZ404761,S:N211-
OZ404761,S:N440K
OZ404761,S:N450D
OZ404761,S:N460K
OZ404761,S:N481K
OZ404761,S:N50L
OZ404761,S:N679K
OZ404761,S:N764K
OZ404761,S:N969K
OZ404761,S:P1143L
OZ404761,S:P174S
OZ404761,S:P25-
OZ404761,S:P26-
OZ404761,S:P621S
OZ404761,S:P681H
OZ404761,S:Q493E
OZ404761,S:Q498R
OZ404761,S:Q677R
OZ404761,S:R158G
OZ404761,S:R190S
OZ404761,S:R346T
OZ404761,S:R403K
OZ404761,S:R408S
OZ404761,S:S31P
OZ404761,S:S371F
OZ404761,S:S373P
OZ404761,S:S375F
OZ404761,S:S477N
OZ404761,S:S939F
OZ404761,S:T19I
OZ404761,S:T22N
OZ404761,S:T376A
OZ404761,S:T676P
OZ404761,S:V1104L
OZ404761,S:V127F
OZ404761,S:V21T
OZ404761,S:V445H
OZ404761,S:V483-
OZ404761,S:V70-
OZ404761,S:Y144-
OZ405642,S:A243-
OZ405642,S:A348P
OZ405642,S:A435S
OZ405642,S:A575S
OZ405642,S:A688D
OZ405642,S:A852K
OZ405642,S:C136-
OZ405642,S:D1184E
OZ405642,S:D138-
OZ405642,S:D405N
OZ405642,S:D614G
OZ405642,S:D796Y
OZ405642,S:E484K
OZ405642,S:E554D
OZ405642,S:E583D
OZ405642,S:E654K
OZ405642,S:F140-
OZ405642,S:F157S
OZ405642,S:G142-
OZ405642,S:G339Y
OZ405642,S:G446D
OZ405642,S:G496S
OZ405642,S:H146-
OZ405642,S:H625R
OZ405642,S:H655Y
OZ405642,S:H69-
OZ405642,S:I101T
OZ405642,S:I326V
OZ405642,S:K147-
OZ405642,S:K187T
OZ405642,S:K356T
OZ405642,S:K417N
OZ405642,S:K529N
OZ405642,S:K679R
OZ405642,S:K795T
OZ405642,S:L141-
OZ405642,S:L212I
OZ405642,S:L242-
OZ405642,S:L452W
OZ405642,S:N137-
OZ405642,S:N164K
OZ405642,S:N211-
OZ405642,S:N440R
OZ405642,S:N460K
OZ405642,S:N501Y
OZ405642,S:N641K
OZ405642,S:N67V
OZ405642,S:N764K
OZ405642,S:P139-
OZ405642,S:P251S
OZ405642,S:P26L
OZ405642,S:P681H
OZ405642,S:Q498R
OZ405642,S:R21T
OZ405642,S:R403K
OZ405642,S:R408S
OZ405642,S:S172F
OZ405642,S:S371F
OZ405642,S:S373P
OZ405642,S:S375F
OZ405642,S:S477N
OZ405642,S:S704L
OZ405642,S:S939F
OZ405642,S:T478N
OZ405642,S:T9L
OZ405642,S:V143-
OZ405642,S:V445A
OZ405642,S:V642G
OZ405642,S:V70-
OZ405642,S:Y144-
OZ405642,S:Y145-
OZ405949,S:A264D
OZ405949,S:A27S
OZ405949,S:A435S
OZ405949,S:A570V
OZ405949,S:D405N
OZ405949,S:D614G
OZ405949,S:D796Y
OZ405949,S:E484K
OZ405949,S:E554K
OZ405949,S:F157S
OZ405949,S:F456L
OZ405949,S:F486P
OZ405949,S:F59S
OZ405949,S:G142D
OZ405949,S:G184S
OZ405949,S:G339H
OZ405949,S:G446S
OZ405949,S:H245N
OZ405949,S:H655Y
OZ405949,S:H69-
OZ405949,S:I332V
OZ405949,S:K356T
OZ405949,S:K417N
OZ405949,S:L212I
OZ405949,S:L216F
OZ405949,S:L24-
OZ405949,S:L452W
OZ405949,S:L455S
OZ405949,S:N211-
OZ405949,S:N440K
OZ405949,S:N450D
OZ405949,S:N460K
OZ405949,S:N481K
OZ405949,S:N50L
OZ405949,S:N679K
OZ405949,S:N764K
OZ405949,S:N969K
OZ405949,S:P1143L
OZ405949,S:P25-
OZ405949,S:P26-
OZ405949,S:P621S
OZ405949,S:P681R
OZ405949,S:Q493E
OZ405949,S:Q498R
OZ405949,S:R158G
OZ405949,S:R403K
OZ405949,S:R408S
OZ405949,S:S371F
OZ405949,S:S373P
OZ405949,S:S375F
OZ405949,S:S477N
OZ405949,S:S680P
OZ405949,S:S939F
OZ405949,S:T19I
OZ405949,S:T22N
OZ405949,S:T376A
OZ405949,S:V127F
OZ405949,S:V21T
OZ405949,S:V445H
OZ405949,S:V483-
OZ405949,S:V70-
OZ405949,S:W258L
OZ405949,S:Y144-
OZ405965,S:A243-
OZ405965,S:A348P
OZ405965,S:A435S
OZ405965,S:A575S
OZ405965,S:A688D
OZ405965,S:A852K
OZ405965,S:D1184E
OZ405965,S:D405N
OZ405965,S:D614G
OZ405965,S:D796Y
OZ405965,S:E484K
OZ405965,S:E554D
OZ405965,S:E583D
OZ405965,S:E654K
OZ405965,S:F157S
OZ405965,S:G339Y
OZ405965,S:G446D
OZ405965,S:G496S
OZ405965,S:H625R
OZ405965,S:H655Y
OZ405965,S:H69-
OZ405965,S:I101T
OZ405965,S:I326V
OZ405965,S:K187T
OZ405965,S:K356T
OZ405965,S:K417N
OZ405965,S:K529N
OZ405965,S:K679R
OZ405965,S:K795T
OZ405965,S:L212I
OZ405965,S:L242-
OZ405965,S:L452W
OZ405965,S:N164K
OZ405965,S:N211-
OZ405965,S:N440R
OZ405965,S:N460K
OZ405965,S:N501Y
OZ405965,S:N641K
OZ405965,S:N67V
OZ405965,S:N764K
OZ405965,S:P251S
OZ405965,S:P26L
OZ405965,S:P681H
OZ405965,S:Q498R
OZ405965,S:R21T
OZ405965,S:R403K
OZ405965,S:R408S
OZ405965,S:S172F
OZ405965,S:S371F
OZ405965,S:S373P
OZ405965,S:S375F
OZ405965,S:S477N
OZ405965,S:S704L
OZ405965,S:S939F
OZ405965,S:T478N
OZ405965,S:T9L
OZ405965,S:V445A
OZ405965,S:V642G
OZ405965,S:V70-
OZ405975,S:A1174V
OZ405975,S:A264D
OZ405975,S:A27S
OZ405975,S:A570V
OZ405975,S:D405N
OZ405975,S:D614G
OZ405975,S:D796Y
OZ405975,S:E484K
OZ405975,S:E554K
OZ405975,S:F157S
OZ405975,S:F186L
OZ405975,S:F456L
OZ405975,S:F486P
OZ405975,S:G142D
OZ405975,S:G339H
OZ405975,S:G446S
OZ405975,S:H245N
OZ405975,S:H655Y
OZ405975,S:H69-
OZ405975,S:I332V
OZ405975,S:K1086R
OZ405975,S:K356T
OZ405975,S:K417N
OZ405975,S:L212I
OZ405975,S:L216F
OZ405975,S:L24-
OZ405975,S:L452W
OZ405975,S:L455S
OZ405975,S:N211-
OZ405975,S:N440K
OZ405975,S:N450D
OZ405975,S:N460K
OZ405975,S:N481K
OZ405975,S:N487D
OZ405975,S:N50L
OZ405975,S:N679K
OZ405975,S:N764K
OZ405975,S:N969K
OZ405975,S:P1143L
OZ405975,S:P25-
OZ405975,S:P26-
OZ405975,S:P621S
OZ405975,S:P681R
OZ405975,S:Q493E
OZ405975,S:Q498R
OZ405975,S:R158G
OZ405975,S:R190S
OZ405975,S:R273K
OZ405975,S:R346T
OZ405975,S:R403K
OZ405975,S:R408S
OZ405975,S:S31-
OZ405975,S:S371F
OZ405975,S:S373P
OZ405975,S:S375F
OZ405975,S:S477N
OZ405975,S:S939F
OZ405975,S:T19I
OZ405975,S:T22N
OZ405975,S:T376A
OZ405975,S:T478K
OZ405975,S:V1104L
OZ405975,S:V127F
OZ405975,S:V21T
OZ405975,S:V445R
OZ405975,S:V483-
OZ405975,S:V70-
OZ405975,S:Y144-
OZ405978,S:A264D
OZ405978,S:A27S
OZ405978,S:A435S
OZ405978,S:A570V
OZ405978,S:D405N
OZ405978,S:D614G
OZ405978,S:D796Y
OZ405978,S:E484K
OZ405978,S:E554K
OZ405978,S:F157S
OZ405978,S:F456L
OZ405978,S:F486P
OZ405978,S:F59S
OZ405978,S:G142D
OZ405978,S:G184S
OZ405978,S:G339H
OZ405978,S:G446S
OZ405978,S:H245N
OZ405978,S:H655Y
OZ405978,S:H69-
OZ405978,S:I332V
OZ405978,S:K356T
OZ405978,S:K417N
OZ405978,S:L212I
OZ405978,S:L216F
OZ405978,S:L24-
OZ405978,S:L452W
OZ405978,S:L455S
OZ405978,S:N211-
OZ405978,S:N440K
OZ405978,S:N450D
OZ405978,S:N460K
OZ405978,S:N481K
OZ405978,S:N50L
OZ405978,S:N679K
OZ405978,S:N764K
OZ405978,S:N969K
OZ405978,S:P1143L
OZ405978,S:P25-
OZ405978,S:P26-
OZ405978,S:P621S
OZ405978,S:P681R
OZ405978,S:Q493E
OZ405978,S:Q498R
OZ405978,S:R158G
OZ405978,S:R403K
OZ405978,S:R408S
OZ405978,S:S371F
OZ405978,S:S373P
OZ405978,S:S375F
OZ405978,S:S477N
OZ405978,S:S680P
OZ405978,S:S939F
OZ405978,S:T19I
OZ405978,S:T22N
OZ405978,S:T376A
OZ405978,S:V127F
OZ405978,S:V21T
OZ405978,S:V445H
OZ405978,S:V483-
OZ405978,S:V70-
OZ405978,S:W258L
OZ405978,S:Y144-
OZ405996,S:A1174V
OZ405996,S:A264D
OZ405996,S:A27S
OZ405996,S:A570V
OZ405996,S:D405N
OZ405996,S:D614G
OZ405996,S:D796Y
OZ405996,S:E484K
OZ405996,S:E554K
OZ405996,S:F157S
OZ405996,S:F186L
OZ405996,S:F456L
OZ405996,S:F486P
OZ405996,S:G142D
OZ405996,S:G339H
OZ405996,S:G446S
OZ405996,S:H245N
OZ405996,S:H655Y
OZ405996,S:H69-
OZ405996,S:I332V
OZ405996,S:K1086R
OZ405996,S:K356T
OZ405996,S:K417N
OZ405996,S:L212I
OZ405996,S:L216F
OZ405996,S:L24-
OZ405996,S:L452W
OZ405996,S:L455S
OZ405996,S:N211-
OZ405996,S:N440K
OZ405996,S:N450D
OZ405996,S:N460K
OZ405996,S:N481K
OZ405996,S:N487D
OZ405996,S:N50L
OZ405996,S:N679K
OZ405996,S:N764K
OZ405996,S:N969K
OZ405996,S:P1143L
OZ405996,S:P25-
OZ405996,S:P26-
OZ405996,S:P621S
OZ405996,S:P681R
OZ405996,S:Q493E
OZ405996,S:Q498R
OZ405996,S:R158G
OZ405996,S:R190S
OZ405996,S:R273K
OZ405996,S:R346T
OZ405996,S:R403K
OZ405996,S:R408S
OZ405996,S:S31-
OZ405996,S:S371F
OZ405996,S:S373P
OZ405996,S:S375F
OZ405996,S:S477N
OZ405996,S:S939F
OZ405996,S:T19I
OZ405996,S:T22N
OZ405996,S:T376A
OZ405996,S:T478K
OZ405996,S:V1104L
OZ405996,S:V127F
OZ405996,S:V21T
OZ405996,S:V445R
OZ405996,S:V483-
OZ405996,S:V70-
OZ405996,S:Y144-
OZ408985,S:A243-
OZ408985,S:A348P
OZ408985,S:A435S
OZ408985,S:A575S
OZ408985,S:A688D
OZ408985,S:A852K
OZ408985,S:C136-
OZ408985,S:D1184E
OZ408985,S:D138-
OZ408985,S:D405N
OZ408985,S:D614G
OZ408985,S:D796Y
OZ408985,S:E484K
OZ408985,S:E554D
OZ408985,S:E583D
OZ408985,S:E654K
OZ408985,S:F140-
OZ408985,S:F157S
OZ408985,S:G142-
OZ408985,S:G339Y
OZ408985,S:G446D
OZ408985,S:G496S
OZ408985,S:H146-
OZ408985,S:H625R
OZ408985,S:H655Y
OZ408985,S:H69-
OZ408985,S:I101T
OZ408985,S:I326V
OZ408985,S:K147-
OZ408985,S:K187T
OZ408985,S:K356T
OZ408985,S:K417N
OZ408985,S:K529N
OZ408985,S:K679R
OZ408985,S:K795T
OZ408985,S:L141-
OZ408985,S:L212I
OZ408985,S:L242-
OZ408985,S:L452W
OZ408985,S:N137-
OZ408985,S:N164K
OZ408985,S:N211-
OZ408985,S:N440R
OZ408985,S:N460K
OZ408985,S:N501Y
OZ408985,S:N641K
OZ408985,S:N67V
OZ408985,S:N764K
OZ408985,S:P139-
OZ408985,S:P251S
OZ408985,S:P26L
OZ408985,S:P681H
OZ408985,S:Q498R
OZ408985,S:R21T
OZ408985,S:R403K
OZ408985,S:R408S
OZ408985,S:S172F
OZ408985,S:S371F
OZ408985,S:S373P
OZ408985,S:S375F
OZ408985,S:S477N
OZ408985,S:S704L
OZ408985,S:S939F
OZ408985,S:T478N
OZ408985,S:T9L
OZ408985,S:V143-
OZ408985,S:V445A
OZ408985,S:V642G
OZ408985,S:V70-
OZ408985,S:Y144-
OZ408985,S:Y145-
OZ409624,S:A243-
OZ409624,S:A348P
OZ409624,S:A435S
OZ409624,S:A575S
OZ409624,S:A688D
OZ409624,S:A852K
OZ409624,S:D1184E
OZ409624,S:D405N
OZ409624,S:D614G
OZ409624,S:D796Y
OZ409624,S:E484K
OZ409624,S:E554D
OZ409624,S:E583D
OZ409624,S:E654K
OZ409624,S:F157S
OZ409624,S:G339Y
OZ409624,S:G446D
OZ409624,S:G496S
OZ409624,S:H625R
OZ409624,S:H655Y
OZ409624,S:H69-
OZ409624,S:I101T
OZ409624,S:I326V
OZ409624,S:K187T
OZ409624,S:K356T
OZ409624,S:K417N
OZ409624,S:K529N
OZ409624,S:K679R
OZ409624,S:K795T
OZ409624,S:L212I
OZ409624,S:L242-
OZ409624,S:L452W
OZ409624,S:N164K
OZ409624,S:N211-
OZ409624,S:N440R
OZ409624,S:N460K
OZ409624,S:N501Y
OZ409624,S:N641K
OZ409624,S:N67V
OZ409624,S:N764K
OZ409624,S:P251S
OZ409624,S:P26L
OZ409624,S:P681H
OZ409624,S:Q498R
OZ409624,S:R21T
OZ409624,S:R403K
OZ409624,S:R408S
OZ409624,S:S172F
OZ409624,S:S371F
OZ409624,S:S373P
OZ409624,S:S375F
OZ409624,S:S477N
OZ409624,S:S704L
OZ409624,S:S939F
OZ409624,S:T478N
OZ409624,S:T9L
OZ409624,S:V445A
OZ409624,S:V642G
OZ409624,S:V70-
OZ409665,S:A1174V
OZ409665,S:A264D
OZ409665,S:A27S
OZ409665,S:A570V
OZ409665,S:D405N
OZ409665,S:D614G
OZ409665,S:D796Y
OZ409665,S:E484K
OZ409665,S:E554K
OZ409665,S:F157S
OZ409665,S:F456L
OZ409665,S:F486P
OZ409665,S:G142D
OZ409665,S:G339H
OZ409665,S:G446S
OZ409665,S:G946R
OZ409665,S:H245N
OZ409665,S:H655Y
OZ409665,S:H69-
OZ409665,S:I332V
OZ409665,S:K182R
OZ409665,S:K356T
OZ409665,S:K417N
OZ409665,S:K444R
OZ409665,S:L212I
OZ409665,S:L216F
OZ409665,S:L24-
OZ409665,S:L452W
OZ409665,S:L455S
OZ409665,S:N211-
OZ409665,S:N440K
OZ409665,S:N450D
OZ409665,S:N460K
OZ409665,S:N481K
OZ409665,S:N50L
OZ409665,S:N679K
OZ409665,S:N764K
OZ409665,S:N969K
OZ409665,S:P1143L
OZ409665,S:P25-
OZ409665,S:P26-
OZ409665,S:P621S
OZ409665,S:P681R
OZ409665,S:Q498R
OZ409665,S:R158G
OZ409665,S:R190S
OZ409665,S:R346T
OZ409665,S:R403K
OZ409665,S:R408S
OZ409665,S:S31P
OZ409665,S:S371F
OZ409665,S:S373P
OZ409665,S:S375F
OZ409665,S:S477N
OZ409665,S:S939F
OZ409665,S:T19I
OZ409665,S:T22N
OZ409665,S:T376A
OZ409665,S:V127F
OZ409665,S:V21T
OZ409665,S:V445P
OZ409665,S:V483-
OZ409665,S:V70-
OZ409665,S:Y144-
OZ409666,S:A1174V
OZ409666,S:A264D
OZ409666,S:A27S
OZ409666,S:A570V
OZ409666,S:D405N
OZ409666,S:D614G
OZ409666,S:D796Y
OZ409666,S:E484K
OZ409666,S:E554K
OZ409666,S:F157S
OZ409666,S:F456L
OZ409666,S:F486P
OZ409666,S:G142D
OZ409666,S:G339H
OZ409666,S:G446S
OZ409666,S:G946R
OZ409666,S:H245N
OZ409666,S:H655Y
OZ409666,S:H69-
OZ409666,S:I332V
OZ409666,S:K182R
OZ409666,S:K356T
OZ409666,S:K417N
OZ409666,S:K444R
OZ409666,S:L212I
OZ409666,S:L216F
OZ409666,S:L24-
OZ409666,S:L452W
OZ409666,S:L455S
OZ409666,S:N211-
OZ409666,S:N440K
OZ409666,S:N450D
OZ409666,S:N460K
OZ409666,S:N481K
OZ409666,S:N50L
OZ409666,S:N679K
OZ409666,S:N764K
OZ409666,S:N969K
OZ409666,S:P1143L
OZ409666,S:P25-
OZ409666,S:P26-
OZ409666,S:P621S
OZ409666,S:P681R
OZ409666,S:Q498R
OZ409666,S:R158G
OZ409666,S:R190S
OZ409666,S:R346T
OZ409666,S:R403K
OZ409666,S:R408S
OZ409666,S:S31P
OZ409666,S:S371F
OZ409666,S:S373P
OZ409666,S:S375F
OZ409666,S:S477N
OZ409666,S:S939F
OZ409666,S:T19I
OZ409666,S:T22N
OZ409666,S:T376A
OZ409666,S:V127F
OZ409666,S:V21T
OZ409666,S:V445P
OZ409666,S:V483-
OZ409666,S:V70-
OZ409666,S:Y144-
OZ409727,S:A435S
OZ409727,S:A475V
OZ409727,S:A570V
OZ409727,S:D405N
OZ409727,S:D614G
OZ409727,S:D796Y
OZ409727,S:E484K
OZ409727,S:E554K
OZ409727,S:F157S
OZ409727,S:F456L
OZ409727,S:F486P
OZ409727,S:G142D
OZ409727,S:G339H
OZ409727,S:G446S
OZ409727,S:H655Y
OZ409727,S:H69-
OZ409727,S:I332V
OZ409727,S:K182R
OZ409727,S:K356T
OZ409727,S:K417N
OZ409727,S:K444R
OZ409727,S:L212I
OZ409727,S:L216F
OZ409727,S:L441R
OZ409727,S:L452W
OZ409727,S:L455S
OZ409727,S:M153I
OZ409727,S:N211-
OZ409727,S:N440K
OZ409727,S:N450D
OZ409727,S:N460K
OZ409727,S:N481K
OZ409727,S:N50L
OZ409727,S:N679R
OZ409727,S:N764K
OZ409727,S:N969K
OZ409727,S:P1143L
OZ409727,S:P25-
OZ409727,S:P621S
OZ409727,S:P681R
OZ409727,S:Q498R
OZ409727,S:R158G
OZ409727,S:R190S
OZ409727,S:R346T
OZ409727,S:R403K
OZ409727,S:R408S
OZ409727,S:S31P
OZ409727,S:S371F
OZ409727,S:S373P
OZ409727,S:S375F
OZ409727,S:S477N
OZ409727,S:S939F
OZ409727,S:T19I
OZ409727,S:T22N
OZ409727,S:T376A
OZ409727,S:V127F
OZ409727,S:V21T
OZ409727,S:V445P
OZ409727,S:V483-
OZ409727,S:V70-
OZ409727,S:Y144-
OZ409744,S:A243-
OZ409744,S:A348P
OZ409744,S:A435S
OZ409744,S:A575S
OZ409744,S:A688D
OZ409744,S:A852K
OZ409744,S:C136-
OZ409744,S:D1184E
OZ409744,S:D138-
OZ409744,S:D405N
OZ409744,S:D614G
OZ409744,S:D796Y
OZ409744,S:E484K
OZ409744,S:E554D
OZ409744,S:E583D
OZ409744,S:E654K
OZ409744,S:F140-
OZ409744,S:F157S
OZ409744,S:G142-
OZ409744,S:G339Y
OZ409744,S:G446D
OZ409744,S:G496S
OZ409744,S:H146-
OZ409744,S:H625R
OZ409744,S:H655Y
OZ409744,S:H69-
OZ409744,S:I101T
OZ409744,S:I326V
OZ409744,S:K147-
OZ409744,S:K187T
OZ409744,S:K356T
OZ409744,S:K417N
OZ409744,S:K529N
OZ409744,S:K679R
OZ409744,S:K795T
OZ409744,S:L141-
OZ409744,S:L212I
OZ409744,S:L242-
OZ409744,S:L452W
OZ409744,S:N137-
OZ409744,S:N164K
OZ409744,S:N211-
OZ409744,S:N440R
OZ409744,S:N460K
OZ409744,S:N501Y
OZ409744,S:N641K
OZ409744,S:N67V
OZ409744,S:N764K
OZ409744,S:P139-
OZ409744,S:P251S
OZ409744,S:P26L
OZ409744,S:P681H
OZ409744,S:Q498R
OZ409744,S:R21T
OZ409744,S:R403K
OZ409744,S:R408S
OZ409744,S:S172F
OZ409744,S:S371F
OZ409744,S:S373P
OZ409744,S:S375F
OZ409744,S:S477N
OZ409744,S:S704L
OZ409744,S:S939F
OZ409744,S:T478N
OZ409744,S:T9L
OZ409744,S:V143-
OZ409744,S:V445A
OZ409744,S:V642G
OZ409744,S:V70-
OZ409744,S:Y144-
OZ409744,S:Y145-
OZ414380,S:A264D
OZ414380,S:A27S
OZ414380,S:A435S
OZ414380,S:A570V
OZ414380,S:D405N
OZ414380,S:D614G
OZ414380,S:D796Y
OZ414380,S:E484K
OZ414380,S:E554K
OZ414380,S:F157S
OZ414380,S:F456L
OZ414380,S:F486P
OZ414380,S:F59S
OZ414380,S:G142D
OZ414380,S:G184S
OZ414380,S:G339H
OZ414380,S:G446S
OZ414380,S:H245N
OZ414380,S:H655Y
OZ414380,S:H69-
OZ414380,S:I332V
OZ414380,S:K356T
OZ414380,S:K417N
OZ414380,S:L212I
OZ414380,S:L216F
OZ414380,S:L24-
OZ414380,S:L452W
OZ414380,S:L455S
OZ414380,S:N211-
OZ414380,S:N334K
OZ414380,S:N440K
OZ414380,S:N450D
OZ414380,S:N460K
OZ414380,S:N481K
OZ414380,S:N50L
OZ414380,S:N679K
OZ414380,S:N764K
OZ414380,S:N969K
OZ414380,S:P1143L
OZ414380,S:P25-
OZ414380,S:P26-
OZ414380,S:P621S
OZ414380,S:P681R
OZ414380,S:Q493E
OZ414380,S:Q498R
OZ414380,S:R158G
OZ414380,S:R346K
OZ414380,S:R403K
OZ414380,S:R408S
OZ414380,S:S371F
OZ414380,S:S373P
OZ414380,S:S375F
OZ414380,S:S477N
OZ414380,S:S939F
OZ414380,S:T19I
OZ414380,S:T22N
OZ414380,S:T376A
OZ414380,S:T478I
OZ414380,S:V127F
OZ414380,S:V21T
OZ414380,S:V445H
OZ414380,S:V483-
OZ414380,S:V70-
OZ414380,S:Y144-
OZ455363,S:A264D
OZ455363,S:A27S
OZ455363,S:A435S
OZ455363,S:A570V
OZ455363,S:D405N
OZ455363,S:D420N
OZ455363,S:D614G
OZ455363,S:D796Y
OZ455363,S:E484K
OZ455363,S:E554K
OZ455363,S:F157S
OZ455363,S:F456L
OZ455363,S:F486P
OZ455363,S:F59S
OZ455363,S:G142D
OZ455363,S:G184S
OZ455363,S:G339H
OZ455363,S:G446S
OZ455363,S:H245N
OZ455363,S:H655Y
OZ455363,S:H69-
OZ455363,S:I332V
OZ455363,S:K356T
OZ455363,S:K417N
OZ455363,S:L212I
OZ455363,S:L216F
OZ455363,S:L24-
OZ455363,S:L452W
OZ455363,S:L455S
OZ455363,S:N211-
OZ455363,S:N334K
OZ455363,S:N440K
OZ455363,S:N450D
OZ455363,S:N460K
OZ455363,S:N481K
OZ455363,S:N50L
OZ455363,S:N679K
OZ455363,S:N764K
OZ455363,S:N969K
OZ455363,S:P1143L
OZ455363,S:P25-
OZ455363,S:P26-
OZ455363,S:P621S
OZ455363,S:P681R
OZ455363,S:Q493E
OZ455363,S:Q498R
OZ455363,S:R158G
OZ455363,S:R346K
OZ455363,S:R403K
OZ455363,S:R408S
OZ455363,S:S371F
OZ455363,S:S373P
OZ455363,S:S375F
OZ455363,S:S477N
OZ455363,S:S939F
OZ455363,S:T19I
OZ455363,S:T22N
OZ455363,S:T376A
OZ455363,S:T478I
OZ455363,S:V127F
OZ455363,S:V21T
OZ455363,S:V445H
OZ455363,S:V483-
OZ455363,S:V70-
OZ455363,S:Y144-
PAK/JRCGR-KHI47/2020,S:D614G
PAK/JRCGR-KHI47/2020,S:Q677H
PAK/JRCGR_SCV-91_MARDAN-02/2021,S:A570D
PAK/JRCGR_SCV-91_MARDAN-02/2021,S:D1118H
PAK/JRCGR_SCV-91_MARDAN-02/2021,S:D614G
PAK/JRCGR_SCV-91_MARDAN-02/2021,S:H69-
PAK/JRCGR_SCV-91_MARDAN-02/2021,S:N501Y
PAK/JRCGR_SCV-91_MARDAN-02/2021,S:P681H
PAK/JRCGR_SCV-91_MARDAN-02/2021,S:S982A
PAK/JRCGR_SCV-91_MARDAN-02/2021,S:T716I
PAK/JRCGR_SCV-91_MARDAN-02/2021,S:V70-
PAK/JRCGR_SCV-91_MARDAN-02/2021,S:Y144-
PER/CF01201-SW-V0301/2021,S:D253N
PER/CF01201-SW-V0301/2021,S:D614G
PER/CF01201-SW-V0301/2021,S:F490S
PER/CF01201-SW-V0301/2021,S:G252-
PER/CF01201-SW-V0301/2021,S:G75V
PER/CF01201-SW-V0301/2021,S:L249-
PER/CF01201-SW-V0301/2021,S:L452Q
PER/CF01201-SW-V0301/2021,S:P251-
PER/CF01201-SW-V0301/2021,S:R246-
PER/CF01201-SW-V0301/2021,S:S247-
PER/CF01201-SW-V0301/2021,S:T250-
PER/CF01201-SW-V0301/2021,S:T76I
PER/CF01201-SW-V0301/2021,S:T859N
PER/CF01201-SW-V0301/2021,S:Y248-
PER/covper007/2020,S:D614G
PHL/210430-1/2021,S:A243-
PHL/210430-1/2021,S:A27S
PHL/210430-1/2021,S:A701V
PHL/210430-1/2021,S:D215G
PHL/210430-1/2021,S:D614G
PHL/210430-1/2021,S:D80A
PHL/210430-1/2021,S:E484K
PHL/210430-1/2021,S:K1086N
PHL/210430-1/2021,S:K417N
PHL/210430-1/2021,S:L241-
PHL/210430-1/2021,S:L242-
PHL/210430-1/2021,S:N501Y
PHL/COVID-74969/2021,S:A243-
PHL/COVID-74969/2021,S:A27S
PHL/COVID-74969/2021,S:A701V
PHL/COVID-74969/2021,S:D138Y
PHL/COVID-74969/2021,S:D215G
PHL/COVID-74969/2021,S:D614G
PHL/COVID-74969/2021,S:D80A
PHL/COVID-74969/2021,S:E484K
PHL/COVID-74969/2021,S:H245Y
PHL/COVID-74969/2021,S:K417N
PHL/COVID-74969/2021,S:L241-
PHL/COVID-74969/2021,S:L242-
PHL/COVID-74969/2021,S:N501Y
PHL/COVID53656/2021,S:A243-
PHL/COVID53656/2021,S:A27S
PHL/COVID53656/2021,S:A701V
PHL/COVID53656/2021,S:D215G
PHL/COVID53656/2021,S:D614G
PHL/COVID53656/2021,S:D80A
PHL/COVID53656/2021,S:E484K
PHL/COVID53656/2021,S:K417N
PHL/COVID53656/2021,S:L241-
PHL/COVID53656/2021,S:L242-
PHL/COVID53656/2021,S:N501Y
PHL/COVID55604/2021,S:A243-
PHL/COVID55604/2021,S:A27S
PHL/COVID55604/2021,S:A701V
PHL/COVID55604/2021,S:D215G
PHL/COVID55604/2021,S:D614G
PHL/COVID55604/2021,S:D80A
PHL/COVID55604/2021,S:E484K
PHL/COVID55604/2021,S:K417N
PHL/COVID55604/2021,S:L241-
PHL/COVID55604/2021,S:L242-
PHL/COVID55604/2021,S:N501Y
POL/222-Day1/2023,S:A27S
POL/222-Day1/2023,S:A701V
POL/222-Day1/2023,S:D405N
POL/222-Day1/2023,S:D614G
POL/222-Day1/2023,S:D796Y
POL/222-Day1/2023,S:E484A
POL/222-Day1/2023,S:F456L
POL/222-Day1/2023,S:F486P
POL/222-Day1/2023,S:F490S
POL/222-Day1/2023,S:G142D
POL/222-Day1/2023,S:G252V
POL/222-Day1/2023,S:G339H
POL/222-Day1/2023,S:G446S
POL/222-Day1/2023,S:H146Q
POL/222-Day1/2023,S:H655Y
POL/222-Day1/2023,S:K417N
POL/222-Day1/2023,S:L24-
POL/222-Day1/2023,S:L368I
POL/222-Day1/2023,S:N440K
POL/222-Day1/2023,S:N460K
POL/222-Day1/2023,S:N501Y
POL/222-Day1/2023,S:N679K
POL/222-Day1/2023,S:N764K
POL/222-Day1/2023,S:N969K
POL/222-Day1/2023,S:P25-
POL/222-Day1/2023,S:P26-
POL/222-Day1/2023,S:P681H
POL/222-Day1/2023,S:Q183E
POL/222-Day1/2023,S:Q498R
POL/222-Day1/2023,S:R346T
POL/222-Day1/2023,S:R408S
POL/222-Day1/2023,S:S371F
POL/222-Day1/2023,S:S373P
POL/222-Day1/2023,S:S375F
POL/222-Day1/2023,S:S477N
POL/222-Day1/2023,S:T19I
POL/222-Day1/2023,S:T376A
POL/222-Day1/2023,S:T478R
POL/222-Day1/2023,S:V213E
POL/222-Day1/2023,S:V445P
POL/222-Day1/2023,S:V83A
POL/222-Day1/2023,S:Y144-
POL/222-Day1/2023,S:Y505H
PP152314,S:A27S
PP152314,S:D405N
PP152314,S:D614G
PP152314,S:D796Y
PP152314,S:E484A
PP152314,S:E554K
PP152314,S:F486P
PP152314,S:F490S
PP152314,S:G142D
PP152314,S:G252V
PP152314,S:G339H
PP152314,S:G446S
PP152314,S:H146Q
PP152314,S:H655Y
PP152314,S:K417N
PP152314,S:L24-
PP152314,S:L368I
PP152314,S:N440K
PP152314,S:N460K
PP152314,S:N501Y
PP152314,S:N679K
PP152314,S:N764K
PP152314,S:N969K
PP152314,S:P25-
PP152314,S:P26-
PP152314,S:P681H
PP152314,S:Q183E
PP152314,S:Q498R
PP152314,S:R190S
PP152314,S:R346T
PP152314,S:S371F
PP152314,S:S373P
PP152314,S:S375F
PP152314,S:S477N
PP152314,S:T19I
PP152314,S:T376A
PP152314,S:T478I
PP152314,S:V213E
PP152314,S:V445P
PP152314,S:V83A
PP152314,S:Y144-
PP152314,S:Y505H
PP152315,S:A27S
PP152315,S:D405N
PP152315,S:D614G
PP152315,S:D796Y
PP152315,S:E484A
PP152315,S:F157L
PP152315,S:F456L
PP152315,S:F486P
PP152315,S:F490S
PP152315,S:G142D
PP152315,S:G252V
PP152315,S:G339H
PP152315,S:G446S
PP152315,S:H146Q
PP152315,S:H655Y
PP152315,S:K417N
PP152315,S:L24-
PP152315,S:L368I
PP152315,S:L452R
PP152315,S:N440K
PP152315,S:N460K
PP152315,S:N501Y
PP152315,S:N679K
PP152315,S:N764K
PP152315,S:N969K
PP152315,S:P25-
PP152315,S:P26-
PP152315,S:P681H
PP152315,S:Q183E
PP152315,S:Q498R
PP152315,S:Q52H
PP152315,S:R346T
PP152315,S:R408S
PP152315,S:S371F
PP152315,S:S373P
PP152315,S:S375F
PP152315,S:S477N
PP152315,S:T19I
PP152315,S:T376A
PP152315,S:T478K
PP152315,S:V213E
PP152315,S:V445P
PP152315,S:V83A
PP152315,S:Y144-
PP152315,S:Y505H
PP152316,S:A1070V
PP152316,S:A27S
PP152316,S:D405N
PP152316,S:D614G
PP152316,S:D796Y
PP152316,S:E484A
PP152316,S:F456L
PP152316,S:F486P
PP152316,S:F490S
PP152316,S:G142D
PP152316,S:G252V
PP152316,S:G339H
PP152316,S:G446S
PP152316,S:H146Q
PP152316,S:H655Y
PP152316,S:K417N
PP152316,S:L24-
PP152316,S:L368I
PP152316,S:L455F
PP152316,S:N440K
PP152316,S:N460K
PP152316,S:N501Y
PP152316,S:N679K
PP152316,S:N764K
PP152316,S:N969K
PP152316,S:P25-
PP152316,S:P26-
PP152316,S:P681H
PP152316,S:Q183E
PP152316,S:Q498R
PP152316,S:Q52H
PP152316,S:R346T
PP152316,S:R408S
PP152316,S:S371F
PP152316,S:S373P
PP152316,S:S375F
PP152316,S:S477N
PP152316,S:T19I
PP152316,S:T376A
PP152316,S:T478K
PP152316,S:V213E
PP152316,S:V445P
PP152316,S:V83A
PP152316,S:Y144-
PP152316,S:Y505H
PP152317,S:A27S
PP152317,S:D405N
PP152317,S:D614G
PP152317,S:D796Y
PP152317,S:E484A
PP152317,S:F157L
PP152317,S:F456L
PP152317,S:F486P
PP152317,S:F490S
PP152317,S:G142D
PP152317,S:G252V
PP152317,S:G339H
PP152317,S:G446S
PP152317,S:H146Q
PP152317,S:H655Y
PP152317,S:K417N
PP152317,S:L24-
PP152317,S:L368I
PP152317,S:L452R
PP152317,S:N440K
PP152317,S:N460K
PP152317,S:N501Y
PP152317,S:N679K
PP152317,S:N764K
PP152317,S:N969K
PP152317,S:P25-
PP152317,S:P26-
PP152317,S:P681H
PP152317,S:Q183E
PP152317,S:Q498R
PP152317,S:Q52H
PP152317,S:R346T
PP152317,S:R408S
PP152317,S:S371F
PP152317,S:S373P
PP152317,S:S375F
PP152317,S:S477N
PP152317,S:T19I
PP152317,S:T376A
PP152317,S:T478K
PP152317,S:T761A
PP152317,S:V213E
PP152317,S:V445P
PP152317,S:V83A
PP152317,S:Y144-
PP152317,S:Y505H
PQ726201,S:A27S
PQ726201,S:D405N
PQ726201,S:D614G
PQ726201,S:D796Y
PQ726201,S:E484A
PQ726201,S:F486V
PQ726201,S:G142D
PQ726201,S:G339D
PQ726201,S:H655Y
PQ726201,S:H69-
PQ726201,S:K417N
PQ726201,S:L24-
PQ726201,S:L452R
PQ726201,S:N440K
PQ726201,S:N501Y
PQ726201,S:N679K
PQ726201,S:N764K
PQ726201,S:N969K
PQ726201,S:P25-
PQ726201,S:P26-
PQ726201,S:P681H
PQ726201,S:Q498R
PQ726201,S:R346T
PQ726201,S:R408S
PQ726201,S:S371F
PQ726201,S:S373P
PQ726201,S:S375F
PQ726201,S:S477N
PQ726201,S:T19I
PQ726201,S:T376A
PQ726201,S:T478K
PQ726201,S:V213G
PQ726201,S:V70-
PQ726201,S:Y505H
PQ726373,S:A27S
PQ726373,S:D405N
PQ726373,S:D614G
PQ726373,S:D796Y
PQ726373,S:E484A
PQ726373,S:F486V
PQ726373,S:G142D
PQ726373,S:G339D
PQ726373,S:H655Y
PQ726373,S:H69-
PQ726373,S:K417N
PQ726373,S:K444T
PQ726373,S:L24-
PQ726373,S:L452R
PQ726373,S:N440K
PQ726373,S:N460K
PQ726373,S:N501Y
PQ726373,S:N679K
PQ726373,S:N764K
PQ726373,S:N969K
PQ726373,S:P25-
PQ726373,S:P26-
PQ726373,S:P681H
PQ726373,S:Q498R
PQ726373,S:R346T
PQ726373,S:R408S
PQ726373,S:S371F
PQ726373,S:S373P
PQ726373,S:S375F
PQ726373,S:S477N
PQ726373,S:T19I
PQ726373,S:T376A
PQ726373,S:T478K
PQ726373,S:V213G
PQ726373,S:V70-
PQ726373,S:Y505H
PRY/202102780_631471/2021,S:D614G
PRY/202102780_631471/2021,S:T478R
Pakistan/UHS-PAK-S81/2021,S:A570D
Pakistan/UHS-PAK-S81/2021,S:D1118H
Pakistan/UHS-PAK-S81/2021,S:D614G
Pakistan/UHS-PAK-S81/2021,S:H69-
Pakistan/UHS-PAK-S81/2021,S:N501Y
Pakistan/UHS-PAK-S81/2021,S:P681H
Pakistan/UHS-PAK-S81/2021,S:S982A
Pakistan/UHS-PAK-S81/2021,S:T716I
Pakistan/UHS-PAK-S81/2021,S:V70-
Pakistan/UHS-PAK-S81/2021,S:Y144-
Peru/PE-CAL-UW21040275154/2021,S:D253N
Peru/PE-CAL-UW21040275154/2021,S:D614G
Peru/PE-CAL-UW21040275154/2021,S:F490S
Peru/PE-CAL-UW21040275154/2021,S:G252-
Peru/PE-CAL-UW21040275154/2021,S:G75V
Peru/PE-CAL-UW21040275154/2021,S:L249-
Peru/PE-CAL-UW21040275154/2021,S:L452Q
Peru/PE-CAL-UW21040275154/2021,S:P251-
Peru/PE-CAL-UW21040275154/2021,S:R246-
Peru/PE-CAL-UW21040275154/2021,S:S247-
Peru/PE-CAL-UW21040275154/2021,S:T250-
Peru/PE-CAL-UW21040275154/2021,S:T76I
Peru/PE-CAL-UW21040275154/2021,S:T859N
Peru/PE-CAL-UW21040275154/2021,S:Y248-
Peru/UW20112760093/2020,S:D614G
ROU/171-Day1/2023,S:A27S
ROU/171-Day1/2023,S:D253G
ROU/171-Day1/2023,S:D405N
ROU/171-Day1/2023,S:D614G
ROU/171-Day1/2023,S:D796Y
ROU/171-Day1/2023,S:E484A
ROU/171-Day1/2023,S:F486P
ROU/171-Day1/2023,S:F490S
ROU/171-Day1/2023,S:G142D
ROU/171-Day1/2023,S:G339H
ROU/171-Day1/2023,S:G446S
ROU/171-Day1/2023,S:H146Q
ROU/171-Day1/2023,S:H655Y
ROU/171-Day1/2023,S:K417N
ROU/171-Day1/2023,S:L24-
ROU/171-Day1/2023,S:L368I
ROU/171-Day1/2023,S:N440K
ROU/171-Day1/2023,S:N460K
ROU/171-Day1/2023,S:N501Y
ROU/171-Day1/2023,S:N679K
ROU/171-Day1/2023,S:N764K
ROU/171-Day1/2023,S:N969K
ROU/171-Day1/2023,S:P25-
ROU/171-Day1/2023,S:P26-
ROU/171-Day1/2023,S:P521S
ROU/171-Day1/2023,S:P681H
ROU/171-Day1/2023,S:Q183E
ROU/171-Day1/2023,S:Q498R
ROU/171-Day1/2023,S:R346T
ROU/171-Day1/2023,S:R408S
ROU/171-Day1/2023,S:S371F
ROU/171-Day1/2023,S:S373P
ROU/171-Day1/2023,S:S375F
ROU/171-Day1/2023,S:S477N
ROU/171-Day1/2023,S:T19I
ROU/171-Day1/2023,S:T376A
ROU/171-Day1/2023,S:T478K
ROU/171-Day1/2023,S:V213E
ROU/171-Day1/2023,S:V445P
ROU/171-Day1/2023,S:V83A
ROU/171-Day1/2023,S:Y144-
ROU/171-Day1/2023,S:Y505H
ROU/58-Day5/2023,S:A27S
ROU/58-Day5/2023,S:D253G
ROU/58-Day5/2023,S:D405N
ROU/58-Day5/2023,S:D614G
ROU/58-Day5/2023,S:D796Y
ROU/58-Day5/2023,S:E484A
ROU/58-Day5/2023,S:F486P
ROU/58-Day5/2023,S:F490S
ROU/58-Day5/2023,S:G142D
ROU/58-Day5/2023,S:G339H
ROU/58-Day5/2023,S:G446S
ROU/58-Day5/2023,S:H146Q
ROU/58-Day5/2023,S:H655Y
ROU/58-Day5/2023,S:K417N
ROU/58-Day5/2023,S:L24-
ROU/58-Day5/2023,S:L368I
ROU/58-Day5/2023,S:N440K
ROU/58-Day5/2023,S:N460K
ROU/58-Day5/2023,S:N501Y
ROU/58-Day5/2023,S:N679K
ROU/58-Day5/2023,S:N764K
ROU/58-Day5/2023,S:N969K
ROU/58-Day5/2023,S:P25-
ROU/58-Day5/2023,S:P26-
ROU/58-Day5/2023,S:P521S
ROU/58-Day5/2023,S:P681H
ROU/58-Day5/2023,S:Q183E
ROU/58-Day5/2023,S:Q498R
ROU/58-Day5/2023,S:R346T
ROU/58-Day5/2023,S:R408S
ROU/58-Day5/2023,S:S371F
ROU/58-Day5/2023,S:S373P
ROU/58-Day5/2023,S:S375F
ROU/58-Day5/2023,S:S477N
ROU/58-Day5/2023,S:T19I
ROU/58-Day5/2023,S:T376A
ROU/58-Day5/2023,S:T478K
ROU/58-Day5/2023,S:V213E
ROU/58-Day5/2023,S:V445P
ROU/58-Day5/2023,S:V83A
ROU/58-Day5/2023,S:Y144-
ROU/58-Day5/2023,S:Y505H
SAU/SA-04-USAFSAM-S22648/2024,S:A264D
SAU/SA-04-USAFSAM-S22648/2024,S:A27S
SAU/SA-04-USAFSAM-S22648/2024,S:A570V
SAU/SA-04-USAFSAM-S22648/2024,S:D405N
SAU/SA-04-USAFSAM-S22648/2024,S:D614G
SAU/SA-04-USAFSAM-S22648/2024,S:D796Y
SAU/SA-04-USAFSAM-S22648/2024,S:E484K
SAU/SA-04-USAFSAM-S22648/2024,S:E554K
SAU/SA-04-USAFSAM-S22648/2024,S:F157S
SAU/SA-04-USAFSAM-S22648/2024,S:F456L
SAU/SA-04-USAFSAM-S22648/2024,S:F486P
SAU/SA-04-USAFSAM-S22648/2024,S:F59L
SAU/SA-04-USAFSAM-S22648/2024,S:G142D
SAU/SA-04-USAFSAM-S22648/2024,S:G339H
SAU/SA-04-USAFSAM-S22648/2024,S:G446S
SAU/SA-04-USAFSAM-S22648/2024,S:H245N
SAU/SA-04-USAFSAM-S22648/2024,S:H655Y
SAU/SA-04-USAFSAM-S22648/2024,S:H69-
SAU/SA-04-USAFSAM-S22648/2024,S:I332V
SAU/SA-04-USAFSAM-S22648/2024,S:K1266R
SAU/SA-04-USAFSAM-S22648/2024,S:K356T
SAU/SA-04-USAFSAM-S22648/2024,S:K417N
SAU/SA-04-USAFSAM-S22648/2024,S:L212I
SAU/SA-04-USAFSAM-S22648/2024,S:L216F
SAU/SA-04-USAFSAM-S22648/2024,S:L24-
SAU/SA-04-USAFSAM-S22648/2024,S:L452W
SAU/SA-04-USAFSAM-S22648/2024,S:L455S
SAU/SA-04-USAFSAM-S22648/2024,S:N211-
SAU/SA-04-USAFSAM-S22648/2024,S:N440K
SAU/SA-04-USAFSAM-S22648/2024,S:N450D
SAU/SA-04-USAFSAM-S22648/2024,S:N460K
SAU/SA-04-USAFSAM-S22648/2024,S:N481K
SAU/SA-04-USAFSAM-S22648/2024,S:N50L
SAU/SA-04-USAFSAM-S22648/2024,S:N679K
SAU/SA-04-USAFSAM-S22648/2024,S:N764K
SAU/SA-04-USAFSAM-S22648/2024,S:N969K
SAU/SA-04-USAFSAM-S22648/2024,S:P1143L
SAU/SA-04-USAFSAM-S22648/2024,S:P25-
SAU/SA-04-USAFSAM-S22648/2024,S:P26-
SAU/SA-04-USAFSAM-S22648/2024,S:P621S
SAU/SA-04-USAFSAM-S22648/2024,S:P681R
SAU/SA-04-USAFSAM-S22648/2024,S:Q498R
SAU/SA-04-USAFSAM-S22648/2024,S:R158G
SAU/SA-04-USAFSAM-S22648/2024,S:R346T
SAU/SA-04-USAFSAM-S22648/2024,S:R403K
SAU/SA-04-USAFSAM-S22648/2024,S:R408S
SAU/SA-04-USAFSAM-S22648/2024,S:S371F
SAU/SA-04-USAFSAM-S22648/2024,S:S373P
SAU/SA-04-USAFSAM-S22648/2024,S:S375F
SAU/SA-04-USAFSAM-S22648/2024,S:S477N
SAU/SA-04-USAFSAM-S22648/2024,S:S939F
SAU/SA-04-USAFSAM-S22648/2024,S:T19I
SAU/SA-04-USAFSAM-S22648/2024,S:T376A
SAU/SA-04-USAFSAM-S22648/2024,S:T478K
SAU/SA-04-USAFSAM-S22648/2024,S:V1104L
SAU/SA-04-USAFSAM-S22648/2024,S:V127F
SAU/SA-04-USAFSAM-S22648/2024,S:V21T
SAU/SA-04-USAFSAM-S22648/2024,S:V445H
SAU/SA-04-USAFSAM-S22648/2024,S:V483-
SAU/SA-04-USAFSAM-S22648/2024,S:V70-
SAU/SA-04-USAFSAM-S22648/2024,S:Y144-
SGP/36-Day1/2023,S:A27S
SGP/36-Day1/2023,S:D253G
SGP/36-Day1/2023,S:D405N
SGP/36-Day1/2023,S:D614G
SGP/36-Day1/2023,S:D796Y
SGP/36-Day1/2023,S:E484A
SGP/36-Day1/2023,S:F486P
SGP/36-Day1/2023,S:F490S
SGP/36-Day1/2023,S:G142D
SGP/36-Day1/2023,S:G184V
SGP/36-Day1/2023,S:G339H
SGP/36-Day1/2023,S:G446S
SGP/36-Day1/2023,S:H146Q
SGP/36-Day1/2023,S:H655Y
SGP/36-Day1/2023,S:K417N
SGP/36-Day1/2023,S:L24-
SGP/36-Day1/2023,S:L368I
SGP/36-Day1/2023,S:N440K
SGP/36-Day1/2023,S:N460K
SGP/36-Day1/2023,S:N501Y
SGP/36-Day1/2023,S:N679K
SGP/36-Day1/2023,S:N764K
SGP/36-Day1/2023,S:N969K
SGP/36-Day1/2023,S:P25-
SGP/36-Day1/2023,S:P26-
SGP/36-Day1/2023,S:P521S
SGP/36-Day1/2023,S:P681H
SGP/36-Day1/2023,S:Q183E
SGP/36-Day1/2023,S:Q498R
SGP/36-Day1/2023,S:R346T
SGP/36-Day1/2023,S:R408S
SGP/36-Day1/2023,S:S371F
SGP/36-Day1/2023,S:S373P
SGP/36-Day1/2023,S:S375F
SGP/36-Day1/2023,S:S477N
SGP/36-Day1/2023,S:T19I
SGP/36-Day1/2023,S:T376A
SGP/36-Day1/2023,S:T478K
SGP/36-Day1/2023,S:V213E
SGP/36-Day1/2023,S:V445P
SGP/36-Day1/2023,S:V83A
SGP/36-Day1/2023,S:Y144-
SGP/36-Day1/2023,S:Y505H
SGP/YB20230146/2022,S:D614G
SGP/YB20230146/2022,S:D796Y
SGP/YB20230146/2022,S:E484A
SGP/YB20230146/2022,S:G142-
SGP/YB20230146/2022,S:G339D
SGP/YB20230146/2022,S:G446S
SGP/YB20230146/2022,S:G496S
SGP/YB20230146/2022,S:H655Y
SGP/YB20230146/2022,S:H69-
SGP/YB20230146/2022,S:K417N
SGP/YB20230146/2022,S:L212I
SGP/YB20230146/2022,S:L981F
SGP/YB20230146/2022,S:N211-
SGP/YB20230146/2022,S:N440K
SGP/YB20230146/2022,S:N501Y
SGP/YB20230146/2022,S:N67V
SGP/YB20230146/2022,S:N764K
SGP/YB20230146/2022,S:N856K
SGP/YB20230146/2022,S:N969K
SGP/YB20230146/2022,S:P681H
SGP/YB20230146/2022,S:Q493R
SGP/YB20230146/2022,S:Q498R
SGP/YB20230146/2022,S:Q954H
SGP/YB20230146/2022,S:R346K
SGP/YB20230146/2022,S:S371L
SGP/YB20230146/2022,S:S373P
SGP/YB20230146/2022,S:S375F
SGP/YB20230146/2022,S:S477N
SGP/YB20230146/2022,S:T478K
SGP/YB20230146/2022,S:T547K
SGP/YB20230146/2022,S:T95I
SGP/YB20230146/2022,S:V143-
SGP/YB20230146/2022,S:V70-
SGP/YB20230146/2022,S:Y144-
SGP/YB20230146/2022,S:Y145D
SGP/YB20230146/2022,S:Y505H
SOM/NAMRU3_Mog_10/2021,S:A570D
SOM/NAMRU3_Mog_10/2021,S:D1118H
SOM/NAMRU3_Mog_10/2021,S:D614G
SOM/NAMRU3_Mog_10/2021,S:H69-
SOM/NAMRU3_Mog_10/2021,S:N501Y
SOM/NAMRU3_Mog_10/2021,S:P681H
SOM/NAMRU3_Mog_10/2021,S:S982A
SOM/NAMRU3_Mog_10/2021,S:T716I
SOM/NAMRU3_Mog_10/2021,S:V70-
SOM/NAMRU3_Mog_10/2021,S:Y144-
SOM/NAMRU3_Mog_42/2021,S:A243-
SOM/NAMRU3_Mog_42/2021,S:A701V
SOM/NAMRU3_Mog_42/2021,S:D215G
SOM/NAMRU3_Mog_42/2021,S:D614G
SOM/NAMRU3_Mog_42/2021,S:D80A
SOM/NAMRU3_Mog_42/2021,S:E484K
SOM/NAMRU3_Mog_42/2021,S:K417N
SOM/NAMRU3_Mog_42/2021,S:L18F
SOM/NAMRU3_Mog_42/2021,S:L241-
SOM/NAMRU3_Mog_42/2021,S:L242-
SOM/NAMRU3_Mog_42/2021,S:N501Y
SWE/Artic_22/2021,S:A1020V
SWE/Artic_22/2021,S:A222V
SWE/Artic_22/2021,S:D614G
Switzerland/ZH-ETHZ-531225/2020,S:A222V
Switzerland/ZH-ETHZ-531225/2020,S:D614G
THA/MTM_01_985/2023,S:A27S
THA/MTM_01_985/2023,S:D253G
THA/MTM_01_985/2023,S:D405N
THA/MTM_01_985/2023,S:D614G
THA/MTM_01_985/2023,S:D796Y
THA/MTM_01_985/2023,S:E484A
THA/MTM_01_985/2023,S:F186I
THA/MTM_01_985/2023,S:F486P
THA/MTM_01_985/2023,S:F490S
THA/MTM_01_985/2023,S:G142D
THA/MTM_01_985/2023,S:G339H
THA/MTM_01_985/2023,S:G446S
THA/MTM_01_985/2023,S:H146Q
THA/MTM_01_985/2023,S:H655Y
THA/MTM_01_985/2023,S:K417N
THA/MTM_01_985/2023,S:L24-
THA/MTM_01_985/2023,S:L368I
THA/MTM_01_985/2023,S:N185-
THA/MTM_01_985/2023,S:N440K
THA/MTM_01_985/2023,S:N460K
THA/MTM_01_985/2023,S:N501Y
THA/MTM_01_985/2023,S:N679K
THA/MTM_01_985/2023,S:N764K
THA/MTM_01_985/2023,S:N969K
THA/MTM_01_985/2023,S:P25-
THA/MTM_01_985/2023,S:P26-
THA/MTM_01_985/2023,S:P521S
THA/MTM_01_985/2023,S:P681H
THA/MTM_01_985/2023,S:Q183E
THA/MTM_01_985/2023,S:Q498R
THA/MTM_01_985/2023,S:R346T
THA/MTM_01_985/2023,S:R408S
THA/MTM_01_985/2023,S:S371F
THA/MTM_01_985/2023,S:S373P
THA/MTM_01_985/2023,S:S375F
THA/MTM_01_985/2023,S:S477N
THA/MTM_01_985/2023,S:T19I
THA/MTM_01_985/2023,S:T376A
THA/MTM_01_985/2023,S:T478R
THA/MTM_01_985/2023,S:T732I
THA/MTM_01_985/2023,S:V213E
THA/MTM_01_985/2023,S:V445P
THA/MTM_01_985/2023,S:V83A
THA/MTM_01_985/2023,S:Y144-
THA/MTM_01_985/2023,S:Y505H
TUN/COV0880/2020,S:Y279N
TUR/Ank_DLT/2021,S:D614G
TUR/Ank_DLT/2021,S:D95I
TUR/Ank_DLT/2021,S:E156-
TUR/Ank_DLT/2021,S:F157-
TUR/Ank_DLT/2021,S:G142D
TUR/Ank_DLT/2021,S:G181V
TUR/Ank_DLT/2021,S:I850L
TUR/Ank_DLT/2021,S:L452R
TUR/Ank_DLT/2021,S:P681R
TUR/Ank_DLT/2021,S:R158G
TUR/Ank_DLT/2021,S:T19R
TUR/Ank_DLT/2021,S:T478K
TUR/ERAGEM-XBB.19.9.1/2023,S:A27S
TUR/ERAGEM-XBB.19.9.1/2023,S:D405N
TUR/ERAGEM-XBB.19.9.1/2023,S:D614G
TUR/ERAGEM-XBB.19.9.1/2023,S:D796Y
TUR/ERAGEM-XBB.19.9.1/2023,S:E484A
TUR/ERAGEM-XBB.19.9.1/2023,S:F486P
TUR/ERAGEM-XBB.19.9.1/2023,S:F490S
TUR/ERAGEM-XBB.19.9.1/2023,S:G142D
TUR/ERAGEM-XBB.19.9.1/2023,S:G252V
TUR/ERAGEM-XBB.19.9.1/2023,S:G339H
TUR/ERAGEM-XBB.19.9.1/2023,S:G446S
TUR/ERAGEM-XBB.19.9.1/2023,S:H146Q
TUR/ERAGEM-XBB.19.9.1/2023,S:H655Y
TUR/ERAGEM-XBB.19.9.1/2023,S:K417N
TUR/ERAGEM-XBB.19.9.1/2023,S:L24-
TUR/ERAGEM-XBB.19.9.1/2023,S:L368I
TUR/ERAGEM-XBB.19.9.1/2023,S:N440K
TUR/ERAGEM-XBB.19.9.1/2023,S:N460K
TUR/ERAGEM-XBB.19.9.1/2023,S:N501Y
TUR/ERAGEM-XBB.19.9.1/2023,S:N679K
TUR/ERAGEM-XBB.19.9.1/2023,S:N764K
TUR/ERAGEM-XBB.19.9.1/2023,S:N969K
TUR/ERAGEM-XBB.19.9.1/2023,S:P25-
TUR/ERAGEM-XBB.19.9.1/2023,S:P26-
TUR/ERAGEM-XBB.19.9.1/2023,S:P681H
TUR/ERAGEM-XBB.19.9.1/2023,S:Q183E
TUR/ERAGEM-XBB.19.9.1/2023,S:Q498R
TUR/ERAGEM-XBB.19.9.1/2023,S:R346T
TUR/ERAGEM-XBB.19.9.1/2023,S:R408S
TUR/ERAGEM-XBB.19.9.1/2023,S:S371F
TUR/ERAGEM-XBB.19.9.1/2023,S:S373P
TUR/ERAGEM-XBB.19.9.1/2023,S:S375F
TUR/ERAGEM-XBB.19.9.1/2023,S:S477N
TUR/ERAGEM-XBB.19.9.1/2023,S:T19I
TUR/ERAGEM-XBB.19.9.1/2023,S:T376A
TUR/ERAGEM-XBB.19.9.1/2023,S:T478K
TUR/ERAGEM-XBB.19.9.1/2023,S:V213E
TUR/ERAGEM-XBB.19.9.1/2023,S:V445P
TUR/ERAGEM-XBB.19.9.1/2023,S:V83A
TUR/ERAGEM-XBB.19.9.1/2023,S:Y144-
TUR/ERAGEM-XBB.19.9.1/2023,S:Y505H
TUR/KOC-IST-SP3/2020,S:D614G
TZA/KIDH-01B10/2021,S:A243-
TZA/KIDH-01B10/2021,S:A701V
TZA/KIDH-01B10/2021,S:D215G
TZA/KIDH-01B10/2021,S:D614G
TZA/KIDH-01B10/2021,S:D80A
TZA/KIDH-01B10/2021,S:E484K
TZA/KIDH-01B10/2021,S:K417N
TZA/KIDH-01B10/2021,S:L18F
TZA/KIDH-01B10/2021,S:L241-
TZA/KIDH-01B10/2021,S:L242-
TZA/KIDH-01B10/2021,S:N501Y
TZA/KIDH-02B06/2021,S:A243-
TZA/KIDH-02B06/2021,S:A701V
TZA/KIDH-02B06/2021,S:D215G
TZA/KIDH-02B06/2021,S:D614G
TZA/KIDH-02B06/2021,S:D80A
TZA/KIDH-02B06/2021,S:E484K
TZA/KIDH-02B06/2021,S:K417N
TZA/KIDH-02B06/2021,S:L18F
TZA/KIDH-02B06/2021,S:L241-
TZA/KIDH-02B06/2021,S:L242-
TZA/KIDH-02B06/2021,S:N501Y
Turkey/TR-01-USAFSAM-S24155/2025,S:A264D
Turkey/TR-01-USAFSAM-S24155/2025,S:A27S
Turkey/TR-01-USAFSAM-S24155/2025,S:A570V
Turkey/TR-01-USAFSAM-S24155/2025,S:D405N
Turkey/TR-01-USAFSAM-S24155/2025,S:D614G
Turkey/TR-01-USAFSAM-S24155/2025,S:D796Y
Turkey/TR-01-USAFSAM-S24155/2025,S:E484K
Turkey/TR-01-USAFSAM-S24155/2025,S:E554K
Turkey/TR-01-USAFSAM-S24155/2025,S:F157S
Turkey/TR-01-USAFSAM-S24155/2025,S:F456L
Turkey/TR-01-USAFSAM-S24155/2025,S:F486P
Turkey/TR-01-USAFSAM-S24155/2025,S:G142D
Turkey/TR-01-USAFSAM-S24155/2025,S:G339H
Turkey/TR-01-USAFSAM-S24155/2025,S:G446S
Turkey/TR-01-USAFSAM-S24155/2025,S:H245N
Turkey/TR-01-USAFSAM-S24155/2025,S:H655Y
Turkey/TR-01-USAFSAM-S24155/2025,S:H69-
Turkey/TR-01-USAFSAM-S24155/2025,S:I332V
Turkey/TR-01-USAFSAM-S24155/2025,S:K1086R
Turkey/TR-01-USAFSAM-S24155/2025,S:K182R
Turkey/TR-01-USAFSAM-S24155/2025,S:K356T
Turkey/TR-01-USAFSAM-S24155/2025,S:K417N
Turkey/TR-01-USAFSAM-S24155/2025,S:L212I
Turkey/TR-01-USAFSAM-S24155/2025,S:L216F
Turkey/TR-01-USAFSAM-S24155/2025,S:L24-
Turkey/TR-01-USAFSAM-S24155/2025,S:L452W
Turkey/TR-01-USAFSAM-S24155/2025,S:L455S
Turkey/TR-01-USAFSAM-S24155/2025,S:N211-
Turkey/TR-01-USAFSAM-S24155/2025,S:N440K
Turkey/TR-01-USAFSAM-S24155/2025,S:N450D
Turkey/TR-01-USAFSAM-S24155/2025,S:N460K
Turkey/TR-01-USAFSAM-S24155/2025,S:N481K
Turkey/TR-01-USAFSAM-S24155/2025,S:N50L
Turkey/TR-01-USAFSAM-S24155/2025,S:N679R
Turkey/TR-01-USAFSAM-S24155/2025,S:N764K
Turkey/TR-01-USAFSAM-S24155/2025,S:N969K
Turkey/TR-01-USAFSAM-S24155/2025,S:P1143L
Turkey/TR-01-USAFSAM-S24155/2025,S:P25-
Turkey/TR-01-USAFSAM-S24155/2025,S:P26-
Turkey/TR-01-USAFSAM-S24155/2025,S:P621S
Turkey/TR-01-USAFSAM-S24155/2025,S:P681R
Turkey/TR-01-USAFSAM-S24155/2025,S:Q493E
Turkey/TR-01-USAFSAM-S24155/2025,S:Q498R
Turkey/TR-01-USAFSAM-S24155/2025,S:R158G
Turkey/TR-01-USAFSAM-S24155/2025,S:R190S
Turkey/TR-01-USAFSAM-S24155/2025,S:R346T
Turkey/TR-01-USAFSAM-S24155/2025,S:R403K
Turkey/TR-01-USAFSAM-S24155/2025,S:R408S
Turkey/TR-01-USAFSAM-S24155/2025,S:S31P
Turkey/TR-01-USAFSAM-S24155/2025,S:S371F
Turkey/TR-01-USAFSAM-S24155/2025,S:S373P
Turkey/TR-01-USAFSAM-S24155/2025,S:S375F
Turkey/TR-01-USAFSAM-S24155/2025,S:S477N
Turkey/TR-01-USAFSAM-S24155/2025,S:S939F
Turkey/TR-01-USAFSAM-S24155/2025,S:T19I
Turkey/TR-01-USAFSAM-S24155/2025,S:T22N
Turkey/TR-01-USAFSAM-S24155/2025,S:T376A
Turkey/TR-01-USAFSAM-S24155/2025,S:T478K
Turkey/TR-01-USAFSAM-S24155/2025,S:V1104L
Turkey/TR-01-USAFSAM-S24155/2025,S:V127F
Turkey/TR-01-USAFSAM-S24155/2025,S:V21T
Turkey/TR-01-USAFSAM-S24155/2025,S:V445R
Turkey/TR-01-USAFSAM-S24155/2025,S:V483-
Turkey/TR-01-USAFSAM-S24155/2025,S:V70-
Turkey/TR-01-USAFSAM-S24155/2025,S:Y144-
USA/2025CV00001/2025,S:A264D
USA/2025CV00001/2025,S:A27S
USA/2025CV00001/2025,S:A570V
USA/2025CV00001/2025,S:D405N
USA/2025CV00001/2025,S:D614G
USA/2025CV00001/2025,S:D796Y
USA/2025CV00001/2025,S:E484K
USA/2025CV00001/2025,S:E554K
USA/2025CV00001/2025,S:F157S
USA/2025CV00001/2025,S:F456L
USA/2025CV00001/2025,S:F486P
USA/2025CV00001/2025,S:G142D
USA/2025CV00001/2025,S:G339H
USA/2025CV00001/2025,S:G446S
USA/2025CV00001/2025,S:H245N
USA/2025CV00001/2025,S:H655Y
USA/2025CV00001/2025,S:H69-
USA/2025CV00001/2025,S:I332V
USA/2025CV00001/2025,S:K182R
USA/2025CV00001/2025,S:K356T
USA/2025CV00001/2025,S:K417N
USA/2025CV00001/2025,S:K444R
USA/2025CV00001/2025,S:L212I
USA/2025CV00001/2025,S:L216F
USA/2025CV00001/2025,S:L24-
USA/2025CV00001/2025,S:L452W
USA/2025CV00001/2025,S:L455S
USA/2025CV00001/2025,S:N211-
USA/2025CV00001/2025,S:N440K
USA/2025CV00001/2025,S:N450D
USA/2025CV00001/2025,S:N460K
USA/2025CV00001/2025,S:N481K
USA/2025CV00001/2025,S:N487D
USA/2025CV00001/2025,S:N50L
USA/2025CV00001/2025,S:N679K
USA/2025CV00001/2025,S:N764K
USA/2025CV00001/2025,S:N969K
USA/2025CV00001/2025,S:P1143L
USA/2025CV00001/2025,S:P25-
USA/2025CV00001/2025,S:P26-
USA/2025CV00001/2025,S:P621S
USA/2025CV00001/2025,S:P681R
USA/2025CV00001/2025,S:Q493E
USA/2025CV00001/2025,S:Q498R
USA/2025CV00001/2025,S:R158G
USA/2025CV00001/2025,S:R190S
USA/2025CV00001/2025,S:R346T
USA/2025CV00001/2025,S:R403K
USA/2025CV00001/2025,S:R408S
USA/2025CV00001/2025,S:S31P
USA/2025CV00001/2025,S:S371F
USA/2025CV00001/2025,S:S373P
USA/2025CV00001/2025,S:S375F
USA/2025CV00001/2025,S:S477N
USA/2025CV00001/2025,S:S680P
USA/2025CV00001/2025,S:S939F
USA/2025CV00001/2025,S:T19I
USA/2025CV00001/2025,S:T22N
USA/2025CV00001/2025,S:T376A
USA/2025CV00001/2025,S:T478K
USA/2025CV00001/2025,S:T572I
USA/2025CV00001/2025,S:V127F
USA/2025CV00001/2025,S:V21T
USA/2025CV00001/2025,S:V445R
USA/2025CV00001/2025,S:V483-
USA/2025CV00001/2025,S:V70-
USA/2025CV00001/2025,S:Y144-
USA/2025CV0896/2025,S:A1174V
USA/2025CV0896/2025,S:A264D
USA/2025CV0896/2025,S:A27S
USA/2025CV0896/2025,S:A570V
USA/2025CV0896/2025,S:D405N
USA/2025CV0896/2025,S:D614G
USA/2025CV0896/2025,S:D796Y
USA/2025CV0896/2025,S:E484K
USA/2025CV0896/2025,S:E554K
USA/2025CV0896/2025,S:F157S
USA/2025CV0896/2025,S:F186L
USA/2025CV0896/2025,S:F456L
USA/2025CV0896/2025,S:F486P
USA/2025CV0896/2025,S:G142D
USA/2025CV0896/2025,S:G339H
USA/2025CV0896/2025,S:G446S
USA/2025CV0896/2025,S:H245N
USA/2025CV0896/2025,S:H655Y
USA/2025CV0896/2025,S:H69-
USA/2025CV0896/2025,S:I332V
USA/2025CV0896/2025,S:K1086R
USA/2025CV0896/2025,S:K356T
USA/2025CV0896/2025,S:K417N
USA/2025CV0896/2025,S:L212I
USA/2025CV0896/2025,S:L216F
USA/2025CV0896/2025,S:L24-
USA/2025CV0896/2025,S:L452W
USA/2025CV0896/2025,S:L455S
USA/2025CV0896/2025,S:N211-
USA/2025CV0896/2025,S:N440K
USA/2025CV0896/2025,S:N450D
USA/2025CV0896/2025,S:N460K
USA/2025CV0896/2025,S:N481K
USA/2025CV0896/2025,S:N487D
USA/2025CV0896/2025,S:N50L
USA/2025CV0896/2025,S:N679K
USA/2025CV0896/2025,S:N764K
USA/2025CV0896/2025,S:N969K
USA/2025CV0896/2025,S:P1143L
USA/2025CV0896/2025,S:P25-
USA/2025CV0896/2025,S:P26-
USA/2025CV0896/2025,S:P621S
USA/2025CV0896/2025,S:P681R
USA/2025CV0896/2025,S:Q493E
USA/2025CV0896/2025,S:Q498R
USA/2025CV0896/2025,S:R158G
USA/2025CV0896/2025,S:R190S
USA/2025CV0896/2025,S:R346T
USA/2025CV0896/2025,S:R403K
USA/2025CV0896/2025,S:R408S
USA/2025CV0896/2025,S:S31-
USA/2025CV0896/2025,S:S371F
USA/2025CV0896/2025,S:S373P
USA/2025CV0896/2025,S:S375F
USA/2025CV0896/2025,S:S477N
USA/2025CV0896/2025,S:S939F
USA/2025CV0896/2025,S:T19I
USA/2025CV0896/2025,S:T22N
USA/2025CV0896/2025,S:T376A
USA/2025CV0896/2025,S:T478K
USA/2025CV0896/2025,S:T572I
USA/2025CV0896/2025,S:V1104L
USA/2025CV0896/2025,S:V127F
USA/2025CV0896/2025,S:V21T
USA/2025CV0896/2025,S:V445R
USA/2025CV0896/2025,S:V483-
USA/2025CV0896/2025,S:V70-
USA/2025CV0896/2025,S:Y144-
USA/2025CV0936/2025,S:A1174V
USA/2025CV0936/2025,S:A264D
USA/2025CV0936/2025,S:A27S
USA/2025CV0936/2025,S:A570V
USA/2025CV0936/2025,S:D405N
USA/2025CV0936/2025,S:D614G
USA/2025CV0936/2025,S:D796Y
USA/2025CV0936/2025,S:E484K
USA/2025CV0936/2025,S:E554K
USA/2025CV0936/2025,S:F157S
USA/2025CV0936/2025,S:F186L
USA/2025CV0936/2025,S:F456L
USA/2025CV0936/2025,S:F486P
USA/2025CV0936/2025,S:G142D
USA/2025CV0936/2025,S:G339H
USA/2025CV0936/2025,S:G446S
USA/2025CV0936/2025,S:G639S
USA/2025CV0936/2025,S:H245N
USA/2025CV0936/2025,S:H655Y
USA/2025CV0936/2025,S:H69-
USA/2025CV0936/2025,S:I332V
USA/2025CV0936/2025,S:K1086R
USA/2025CV0936/2025,S:K356T
USA/2025CV0936/2025,S:K417N
USA/2025CV0936/2025,S:L212I
USA/2025CV0936/2025,S:L216F
USA/2025CV0936/2025,S:L24-
USA/2025CV0936/2025,S:L452W
USA/2025CV0936/2025,S:L455S
USA/2025CV0936/2025,S:N211-
USA/2025CV0936/2025,S:N440K
USA/2025CV0936/2025,S:N450D
USA/2025CV0936/2025,S:N460K
USA/2025CV0936/2025,S:N481K
USA/2025CV0936/2025,S:N487D
USA/2025CV0936/2025,S:N50L
USA/2025CV0936/2025,S:N679K
USA/2025CV0936/2025,S:N764K
USA/2025CV0936/2025,S:N969K
USA/2025CV0936/2025,S:P1143L
USA/2025CV0936/2025,S:P25-
USA/2025CV0936/2025,S:P26-
USA/2025CV0936/2025,S:P621S
USA/2025CV0936/2025,S:P681R
USA/2025CV0936/2025,S:Q493E
USA/2025CV0936/2025,S:Q498R
USA/2025CV0936/2025,S:R158G
USA/2025CV0936/2025,S:R190S
USA/2025CV0936/2025,S:R346T
USA/2025CV0936/2025,S:R403K
USA/2025CV0936/2025,S:R408S
USA/2025CV0936/2025,S:S31-
USA/2025CV0936/2025,S:S371F
USA/2025CV0936/2025,S:S373P
USA/2025CV0936/2025,S:S375F
USA/2025CV0936/2025,S:S477N
USA/2025CV0936/2025,S:S939F
USA/2025CV0936/2025,S:T19I
USA/2025CV0936/2025,S:T22N
USA/2025CV0936/2025,S:T376A
USA/2025CV0936/2025,S:T478K
USA/2025CV0936/2025,S:T572I
USA/2025CV0936/2025,S:V1104L
USA/2025CV0936/2025,S:V127F
USA/2025CV0936/2025,S:V21T
USA/2025CV0936/2025,S:V445R
USA/2025CV0936/2025,S:V483-
USA/2025CV0936/2025,S:V70-
USA/2025CV0936/2025,S:Y144-
USA/2026CV0117/2026,S:A264D
USA/2026CV0117/2026,S:A27S
USA/2026CV0117/2026,S:A435S
USA/2026CV0117/2026,S:A570V
USA/2026CV0117/2026,S:D405N
USA/2026CV0117/2026,S:D614G
USA/2026CV0117/2026,S:D796Y
USA/2026CV0117/2026,S:E484K
USA/2026CV0117/2026,S:E554K
USA/2026CV0117/2026,S:F157S
USA/2026CV0117/2026,S:F456L
USA/2026CV0117/2026,S:F486P
USA/2026CV0117/2026,S:G142D
USA/2026CV0117/2026,S:G339H
USA/2026CV0117/2026,S:G446S
USA/2026CV0117/2026,S:H245N
USA/2026CV0117/2026,S:H655Y
USA/2026CV0117/2026,S:H69-
USA/2026CV0117/2026,S:I332V
USA/2026CV0117/2026,S:K182R
USA/2026CV0117/2026,S:K356T
USA/2026CV0117/2026,S:K417N
USA/2026CV0117/2026,S:L212I
USA/2026CV0117/2026,S:L216F
USA/2026CV0117/2026,S:L24-
USA/2026CV0117/2026,S:L452W
USA/2026CV0117/2026,S:L455S
USA/2026CV0117/2026,S:N211-
USA/2026CV0117/2026,S:N440K
USA/2026CV0117/2026,S:N450D
USA/2026CV0117/2026,S:N460K
USA/2026CV0117/2026,S:N481K
USA/2026CV0117/2026,S:N50L
USA/2026CV0117/2026,S:N679K
USA/2026CV0117/2026,S:N764K
USA/2026CV0117/2026,S:N969K
USA/2026CV0117/2026,S:P1143L
USA/2026CV0117/2026,S:P25-
USA/2026CV0117/2026,S:P26-
USA/2026CV0117/2026,S:P621F
USA/2026CV0117/2026,S:P681R
USA/2026CV0117/2026,S:Q493E
USA/2026CV0117/2026,S:Q498R
USA/2026CV0117/2026,S:R158G
USA/2026CV0117/2026,S:R190S
USA/2026CV0117/2026,S:R346T
USA/2026CV0117/2026,S:R403K
USA/2026CV0117/2026,S:R408S
USA/2026CV0117/2026,S:S31P
USA/2026CV0117/2026,S:S371F
USA/2026CV0117/2026,S:S373P
USA/2026CV0117/2026,S:S375F
USA/2026CV0117/2026,S:S477N
USA/2026CV0117/2026,S:S939F
USA/2026CV0117/2026,S:T19I
USA/2026CV0117/2026,S:T22N
USA/2026CV0117/2026,S:T376A
USA/2026CV0117/2026,S:T478K
USA/2026CV0117/2026,S:V1104L
USA/2026CV0117/2026,S:V127F
USA/2026CV0117/2026,S:V21T
USA/2026CV0117/2026,S:V445P
USA/2026CV0117/2026,S:V483-
USA/2026CV0117/2026,S:V70-
USA/2026CV0117/2026,S:Y144-
USA/AK-CDC-9641945-001/2025,S:A262V
USA/AK-CDC-9641945-001/2025,S:A264D
USA/AK-CDC-9641945-001/2025,S:A27S
USA/AK-CDC-9641945-001/2025,S:A570V
USA/AK-CDC-9641945-001/2025,S:D405N
USA/AK-CDC-9641945-001/2025,S:D614G
USA/AK-CDC-9641945-001/2025,S:D796Y
USA/AK-CDC-9641945-001/2025,S:E484K
USA/AK-CDC-9641945-001/2025,S:E554K
USA/AK-CDC-9641945-001/2025,S:F157S
USA/AK-CDC-9641945-001/2025,S:F186L
USA/AK-CDC-9641945-001/2025,S:F456L
USA/AK-CDC-9641945-001/2025,S:F486P
USA/AK-CDC-9641945-001/2025,S:G142D
USA/AK-CDC-9641945-001/2025,S:G339H
USA/AK-CDC-9641945-001/2025,S:G446S
USA/AK-CDC-9641945-001/2025,S:H245N
USA/AK-CDC-9641945-001/2025,S:H655Y
USA/AK-CDC-9641945-001/2025,S:H69-
USA/AK-CDC-9641945-001/2025,S:I332V
USA/AK-CDC-9641945-001/2025,S:K1086R
USA/AK-CDC-9641945-001/2025,S:K356T
USA/AK-CDC-9641945-001/2025,S:K417N
USA/AK-CDC-9641945-001/2025,S:L212I
USA/AK-CDC-9641945-001/2025,S:L216F
USA/AK-CDC-9641945-001/2025,S:L24-
USA/AK-CDC-9641945-001/2025,S:L452W
USA/AK-CDC-9641945-001/2025,S:L455S
USA/AK-CDC-9641945-001/2025,S:N211-
USA/AK-CDC-9641945-001/2025,S:N440K
USA/AK-CDC-9641945-001/2025,S:N450D
USA/AK-CDC-9641945-001/2025,S:N460K
USA/AK-CDC-9641945-001/2025,S:N481K
USA/AK-CDC-9641945-001/2025,S:N50L
USA/AK-CDC-9641945-001/2025,S:N679K
USA/AK-CDC-9641945-001/2025,S:N764K
USA/AK-CDC-9641945-001/2025,S:N969K
USA/AK-CDC-9641945-001/2025,S:P1143L
USA/AK-CDC-9641945-001/2025,S:P25-
USA/AK-CDC-9641945-001/2025,S:P26-
USA/AK-CDC-9641945-001/2025,S:P621S
USA/AK-CDC-9641945-001/2025,S:P681R
USA/AK-CDC-9641945-001/2025,S:Q493E
USA/AK-CDC-9641945-001/2025,S:Q498R
USA/AK-CDC-9641945-001/2025,S:R158G
USA/AK-CDC-9641945-001/2025,S:R190S
USA/AK-CDC-9641945-001/2025,S:R346T
USA/AK-CDC-9641945-001/2025,S:R403K
USA/AK-CDC-9641945-001/2025,S:R408S
USA/AK-CDC-9641945-001/2025,S:S31-
USA/AK-CDC-9641945-001/2025,S:S371F
USA/AK-CDC-9641945-001/2025,S:S373P
USA/AK-CDC-9641945-001/2025,S:S375F
USA/AK-CDC-9641945-001/2025,S:S477N
USA/AK-CDC-9641945-001/2025,S:S939F
USA/AK-CDC-9641945-001/2025,S:T19I
USA/AK-CDC-9641945-001/2025,S:T22N
USA/AK-CDC-9641945-001/2025,S:T376A
USA/AK-CDC-9641945-001/2025,S:T478K
USA/AK-CDC-9641945-001/2025,S:T572I
USA/AK-CDC-9641945-001/2025,S:V1104L
USA/AK-CDC-9641945-001/2025,S:V127F
USA/AK-CDC-9641945-001/2025,S:V21T
USA/AK-CDC-9641945-001/2025,S:V445R
USA/AK-CDC-9641945-001/2025,S:V483-
USA/AK-CDC-9641945-001/2025,S:V70-
USA/AK-CDC-9641945-001/2025,S:Y144-
USA/CA-CDC-LC1022133/2023,S:A27S
USA/CA-CDC-LC1022133/2023,S:D405N
USA/CA-CDC-LC1022133/2023,S:D614G
USA/CA-CDC-LC1022133/2023,S:D796Y
USA/CA-CDC-LC1022133/2023,S:E484A
USA/CA-CDC-LC1022133/2023,S:F486P
USA/CA-CDC-LC1022133/2023,S:F490S
USA/CA-CDC-LC1022133/2023,S:G142D
USA/CA-CDC-LC1022133/2023,S:G252V
USA/CA-CDC-LC1022133/2023,S:G339H
USA/CA-CDC-LC1022133/2023,S:G446S
USA/CA-CDC-LC1022133/2023,S:H146Q
USA/CA-CDC-LC1022133/2023,S:H655Y
USA/CA-CDC-LC1022133/2023,S:K417N
USA/CA-CDC-LC1022133/2023,S:L24-
USA/CA-CDC-LC1022133/2023,S:L368I
USA/CA-CDC-LC1022133/2023,S:N148T
USA/CA-CDC-LC1022133/2023,S:N440K
USA/CA-CDC-LC1022133/2023,S:N460K
USA/CA-CDC-LC1022133/2023,S:N501Y
USA/CA-CDC-LC1022133/2023,S:N679K
USA/CA-CDC-LC1022133/2023,S:N764K
USA/CA-CDC-LC1022133/2023,S:N969K
USA/CA-CDC-LC1022133/2023,S:P25-
USA/CA-CDC-LC1022133/2023,S:P26-
USA/CA-CDC-LC1022133/2023,S:P681H
USA/CA-CDC-LC1022133/2023,S:Q183E
USA/CA-CDC-LC1022133/2023,S:Q498R
USA/CA-CDC-LC1022133/2023,S:R346T
USA/CA-CDC-LC1022133/2023,S:R408S
USA/CA-CDC-LC1022133/2023,S:S371F
USA/CA-CDC-LC1022133/2023,S:S373P
USA/CA-CDC-LC1022133/2023,S:S375F
USA/CA-CDC-LC1022133/2023,S:S477N
USA/CA-CDC-LC1022133/2023,S:T19I
USA/CA-CDC-LC1022133/2023,S:T376A
USA/CA-CDC-LC1022133/2023,S:T478K
USA/CA-CDC-LC1022133/2023,S:V213E
USA/CA-CDC-LC1022133/2023,S:V445P
USA/CA-CDC-LC1022133/2023,S:V83A
USA/CA-CDC-LC1022133/2023,S:Y144-
USA/CA-CDC-LC1022133/2023,S:Y505H
USA/CA-CDC-QDX44586459/2022,S:A27S
USA/CA-CDC-QDX44586459/2022,S:D405N
USA/CA-CDC-QDX44586459/2022,S:D614G
USA/CA-CDC-QDX44586459/2022,S:D796Y
USA/CA-CDC-QDX44586459/2022,S:E484A
USA/CA-CDC-QDX44586459/2022,S:F486V
USA/CA-CDC-QDX44586459/2022,S:G142D
USA/CA-CDC-QDX44586459/2022,S:G339D
USA/CA-CDC-QDX44586459/2022,S:H655Y
USA/CA-CDC-QDX44586459/2022,S:H69-
USA/CA-CDC-QDX44586459/2022,S:K417N
USA/CA-CDC-QDX44586459/2022,S:K444T
USA/CA-CDC-QDX44586459/2022,S:L24-
USA/CA-CDC-QDX44586459/2022,S:L452R
USA/CA-CDC-QDX44586459/2022,S:N440K
USA/CA-CDC-QDX44586459/2022,S:N460K
USA/CA-CDC-QDX44586459/2022,S:N501Y
USA/CA-CDC-QDX44586459/2022,S:N679K
USA/CA-CDC-QDX44586459/2022,S:N764K
USA/CA-CDC-QDX44586459/2022,S:N969K
USA/CA-CDC-QDX44586459/2022,S:P25-
USA/CA-CDC-QDX44586459/2022,S:P26-
USA/CA-CDC-QDX44586459/2022,S:P681H
USA/CA-CDC-QDX44586459/2022,S:Q498R
USA/CA-CDC-QDX44586459/2022,S:R408S
USA/CA-CDC-QDX44586459/2022,S:S371F
USA/CA-CDC-QDX44586459/2022,S:S373P
USA/CA-CDC-QDX44586459/2022,S:S375F
USA/CA-CDC-QDX44586459/2022,S:S477N
USA/CA-CDC-QDX44586459/2022,S:T19I
USA/CA-CDC-QDX44586459/2022,S:T376A
USA/CA-CDC-QDX44586459/2022,S:T478K
USA/CA-CDC-QDX44586459/2022,S:V213G
USA/CA-CDC-QDX44586459/2022,S:V70-
USA/CA-CDC-QDX44586459/2022,S:Y505H
USA/CA-CDC-STM-XR6VXTTBK/2023,S:A27S
USA/CA-CDC-STM-XR6VXTTBK/2023,S:D405N
USA/CA-CDC-STM-XR6VXTTBK/2023,S:D614G
USA/CA-CDC-STM-XR6VXTTBK/2023,S:D796Y
USA/CA-CDC-STM-XR6VXTTBK/2023,S:E484A
USA/CA-CDC-STM-XR6VXTTBK/2023,S:F486V
USA/CA-CDC-STM-XR6VXTTBK/2023,S:G142D
USA/CA-CDC-STM-XR6VXTTBK/2023,S:G339D
USA/CA-CDC-STM-XR6VXTTBK/2023,S:H655Y
USA/CA-CDC-STM-XR6VXTTBK/2023,S:H69-
USA/CA-CDC-STM-XR6VXTTBK/2023,S:K417N
USA/CA-CDC-STM-XR6VXTTBK/2023,S:K444T
USA/CA-CDC-STM-XR6VXTTBK/2023,S:L24-
USA/CA-CDC-STM-XR6VXTTBK/2023,S:L452R
USA/CA-CDC-STM-XR6VXTTBK/2023,S:N440K
USA/CA-CDC-STM-XR6VXTTBK/2023,S:N460K
USA/CA-CDC-STM-XR6VXTTBK/2023,S:N501Y
USA/CA-CDC-STM-XR6VXTTBK/2023,S:N679K
USA/CA-CDC-STM-XR6VXTTBK/2023,S:N764K
USA/CA-CDC-STM-XR6VXTTBK/2023,S:N969K
USA/CA-CDC-STM-XR6VXTTBK/2023,S:P25-
USA/CA-CDC-STM-XR6VXTTBK/2023,S:P26-
USA/CA-CDC-STM-XR6VXTTBK/2023,S:P681H
USA/CA-CDC-STM-XR6VXTTBK/2023,S:Q498R
USA/CA-CDC-STM-XR6VXTTBK/2023,S:R408S
USA/CA-CDC-STM-XR6VXTTBK/2023,S:S371F
USA/CA-CDC-STM-XR6VXTTBK/2023,S:S373P
USA/CA-CDC-STM-XR6VXTTBK/2023,S:S375F
USA/CA-CDC-STM-XR6VXTTBK/2023,S:S477N
USA/CA-CDC-STM-XR6VXTTBK/2023,S:T19I
USA/CA-CDC-STM-XR6VXTTBK/2023,S:T376A
USA/CA-CDC-STM-XR6VXTTBK/2023,S:T478K
USA/CA-CDC-STM-XR6VXTTBK/2023,S:T573I
USA/CA-CDC-STM-XR6VXTTBK/2023,S:V213G
USA/CA-CDC-STM-XR6VXTTBK/2023,S:V70-
USA/CA-CDC-STM-XR6VXTTBK/2023,S:Y505H
USA/CA-CDPH-500105185/2023,S:A27S
USA/CA-CDPH-500105185/2023,S:D405N
USA/CA-CDPH-500105185/2023,S:D614G
USA/CA-CDPH-500105185/2023,S:D796Y
USA/CA-CDPH-500105185/2023,S:E484A
USA/CA-CDPH-500105185/2023,S:F486V
USA/CA-CDPH-500105185/2023,S:G142D
USA/CA-CDPH-500105185/2023,S:G339D
USA/CA-CDPH-500105185/2023,S:H245N
USA/CA-CDPH-500105185/2023,S:H655Y
USA/CA-CDPH-500105185/2023,S:H69-
USA/CA-CDPH-500105185/2023,S:K417N
USA/CA-CDPH-500105185/2023,S:K444T
USA/CA-CDPH-500105185/2023,S:L24-
USA/CA-CDPH-500105185/2023,S:L452R
USA/CA-CDPH-500105185/2023,S:N440K
USA/CA-CDPH-500105185/2023,S:N460K
USA/CA-CDPH-500105185/2023,S:N501Y
USA/CA-CDPH-500105185/2023,S:N679K
USA/CA-CDPH-500105185/2023,S:N764K
USA/CA-CDPH-500105185/2023,S:N969K
USA/CA-CDPH-500105185/2023,S:P25-
USA/CA-CDPH-500105185/2023,S:P26-
USA/CA-CDPH-500105185/2023,S:P681H
USA/CA-CDPH-500105185/2023,S:Q498R
USA/CA-CDPH-500105185/2023,S:R346T
USA/CA-CDPH-500105185/2023,S:R408S
USA/CA-CDPH-500105185/2023,S:S371F
USA/CA-CDPH-500105185/2023,S:S373P
USA/CA-CDPH-500105185/2023,S:S375F
USA/CA-CDPH-500105185/2023,S:S477N
USA/CA-CDPH-500105185/2023,S:T19I
USA/CA-CDPH-500105185/2023,S:T376A
USA/CA-CDPH-500105185/2023,S:T478K
USA/CA-CDPH-500105185/2023,S:V213G
USA/CA-CDPH-500105185/2023,S:V70-
USA/CA-CDPH-500105185/2023,S:Y505H
USA/CA-CDPH-6000023667/2025,S:A1174V
USA/CA-CDPH-6000023667/2025,S:A264D
USA/CA-CDPH-6000023667/2025,S:A27S
USA/CA-CDPH-6000023667/2025,S:A570V
USA/CA-CDPH-6000023667/2025,S:D405N
USA/CA-CDPH-6000023667/2025,S:D614G
USA/CA-CDPH-6000023667/2025,S:D796Y
USA/CA-CDPH-6000023667/2025,S:E484K
USA/CA-CDPH-6000023667/2025,S:E554K
USA/CA-CDPH-6000023667/2025,S:F157S
USA/CA-CDPH-6000023667/2025,S:F186L
USA/CA-CDPH-6000023667/2025,S:F456L
USA/CA-CDPH-6000023667/2025,S:F486P
USA/CA-CDPH-6000023667/2025,S:G142D
USA/CA-CDPH-6000023667/2025,S:G339H
USA/CA-CDPH-6000023667/2025,S:G446S
USA/CA-CDPH-6000023667/2025,S:H245N
USA/CA-CDPH-6000023667/2025,S:H655Y
USA/CA-CDPH-6000023667/2025,S:H69-
USA/CA-CDPH-6000023667/2025,S:I332V
USA/CA-CDPH-6000023667/2025,S:K1086R
USA/CA-CDPH-6000023667/2025,S:K356T
USA/CA-CDPH-6000023667/2025,S:K417N
USA/CA-CDPH-6000023667/2025,S:L212I
USA/CA-CDPH-6000023667/2025,S:L216F
USA/CA-CDPH-6000023667/2025,S:L24-
USA/CA-CDPH-6000023667/2025,S:L452W
USA/CA-CDPH-6000023667/2025,S:L455S
USA/CA-CDPH-6000023667/2025,S:N211-
USA/CA-CDPH-6000023667/2025,S:N440K
USA/CA-CDPH-6000023667/2025,S:N450D
USA/CA-CDPH-6000023667/2025,S:N460K
USA/CA-CDPH-6000023667/2025,S:N481K
USA/CA-CDPH-6000023667/2025,S:N487D
USA/CA-CDPH-6000023667/2025,S:N50L
USA/CA-CDPH-6000023667/2025,S:N679K
USA/CA-CDPH-6000023667/2025,S:N764K
USA/CA-CDPH-6000023667/2025,S:N969K
USA/CA-CDPH-6000023667/2025,S:P1143L
USA/CA-CDPH-6000023667/2025,S:P25-
USA/CA-CDPH-6000023667/2025,S:P26-
USA/CA-CDPH-6000023667/2025,S:P621S
USA/CA-CDPH-6000023667/2025,S:P681R
USA/CA-CDPH-6000023667/2025,S:Q493E
USA/CA-CDPH-6000023667/2025,S:Q498R
USA/CA-CDPH-6000023667/2025,S:R158G
USA/CA-CDPH-6000023667/2025,S:R190S
USA/CA-CDPH-6000023667/2025,S:R346T
USA/CA-CDPH-6000023667/2025,S:R403K
USA/CA-CDPH-6000023667/2025,S:R408S
USA/CA-CDPH-6000023667/2025,S:S31-
USA/CA-CDPH-6000023667/2025,S:S371F
USA/CA-CDPH-6000023667/2025,S:S373P
USA/CA-CDPH-6000023667/2025,S:S375F
USA/CA-CDPH-6000023667/2025,S:S477N
USA/CA-CDPH-6000023667/2025,S:S939F
USA/CA-CDPH-6000023667/2025,S:T19I
USA/CA-CDPH-6000023667/2025,S:T22N
USA/CA-CDPH-6000023667/2025,S:T376A
USA/CA-CDPH-6000023667/2025,S:T478K
USA/CA-CDPH-6000023667/2025,S:T572I
USA/CA-CDPH-6000023667/2025,S:V1104L
USA/CA-CDPH-6000023667/2025,S:V127F
USA/CA-CDPH-6000023667/2025,S:V21T
USA/CA-CDPH-6000023667/2025,S:V445R
USA/CA-CDPH-6000023667/2025,S:V483-
USA/CA-CDPH-6000023667/2025,S:V70-
USA/CA-CDPH-6000023667/2025,S:Y144-
USA/CA-CDPH-6000023725/2025,S:A264D
USA/CA-CDPH-6000023725/2025,S:A27S
USA/CA-CDPH-6000023725/2025,S:A570V
USA/CA-CDPH-6000023725/2025,S:D405N
USA/CA-CDPH-6000023725/2025,S:D614G
USA/CA-CDPH-6000023725/2025,S:D796Y
USA/CA-CDPH-6000023725/2025,S:E484K
USA/CA-CDPH-6000023725/2025,S:E554K
USA/CA-CDPH-6000023725/2025,S:F157S
USA/CA-CDPH-6000023725/2025,S:F456L
USA/CA-CDPH-6000023725/2025,S:F486P
USA/CA-CDPH-6000023725/2025,S:G142D
USA/CA-CDPH-6000023725/2025,S:G339H
USA/CA-CDPH-6000023725/2025,S:G446S
USA/CA-CDPH-6000023725/2025,S:H245N
USA/CA-CDPH-6000023725/2025,S:H655Y
USA/CA-CDPH-6000023725/2025,S:H69-
USA/CA-CDPH-6000023725/2025,S:I332V
USA/CA-CDPH-6000023725/2025,S:K182R
USA/CA-CDPH-6000023725/2025,S:K356T
USA/CA-CDPH-6000023725/2025,S:K417N
USA/CA-CDPH-6000023725/2025,S:K444R
USA/CA-CDPH-6000023725/2025,S:L212I
USA/CA-CDPH-6000023725/2025,S:L216F
USA/CA-CDPH-6000023725/2025,S:L24-
USA/CA-CDPH-6000023725/2025,S:L452R
USA/CA-CDPH-6000023725/2025,S:L455S
USA/CA-CDPH-6000023725/2025,S:N211-
USA/CA-CDPH-6000023725/2025,S:N440K
USA/CA-CDPH-6000023725/2025,S:N450D
USA/CA-CDPH-6000023725/2025,S:N460K
USA/CA-CDPH-6000023725/2025,S:N481K
USA/CA-CDPH-6000023725/2025,S:N487D
USA/CA-CDPH-6000023725/2025,S:N50L
USA/CA-CDPH-6000023725/2025,S:N679K
USA/CA-CDPH-6000023725/2025,S:N764K
USA/CA-CDPH-6000023725/2025,S:N96D
USA/CA-CDPH-6000023725/2025,S:P1143L
USA/CA-CDPH-6000023725/2025,S:P25-
USA/CA-CDPH-6000023725/2025,S:P26-
USA/CA-CDPH-6000023725/2025,S:P621S
USA/CA-CDPH-6000023725/2025,S:P681R
USA/CA-CDPH-6000023725/2025,S:Q493E
USA/CA-CDPH-6000023725/2025,S:Q498R
USA/CA-CDPH-6000023725/2025,S:R158G
USA/CA-CDPH-6000023725/2025,S:R190S
USA/CA-CDPH-6000023725/2025,S:R346T
USA/CA-CDPH-6000023725/2025,S:R403K
USA/CA-CDPH-6000023725/2025,S:R408S
USA/CA-CDPH-6000023725/2025,S:S31P
USA/CA-CDPH-6000023725/2025,S:S371F
USA/CA-CDPH-6000023725/2025,S:S373P
USA/CA-CDPH-6000023725/2025,S:S375F
USA/CA-CDPH-6000023725/2025,S:S477N
USA/CA-CDPH-6000023725/2025,S:S939F
USA/CA-CDPH-6000023725/2025,S:T19I
USA/CA-CDPH-6000023725/2025,S:T22N
USA/CA-CDPH-6000023725/2025,S:T307I
USA/CA-CDPH-6000023725/2025,S:T376A
USA/CA-CDPH-6000023725/2025,S:T478K
USA/CA-CDPH-6000023725/2025,S:T572I
USA/CA-CDPH-6000023725/2025,S:T883I
USA/CA-CDPH-6000023725/2025,S:V127F
USA/CA-CDPH-6000023725/2025,S:V21T
USA/CA-CDPH-6000023725/2025,S:V445P
USA/CA-CDPH-6000023725/2025,S:V483-
USA/CA-CDPH-6000023725/2025,S:V70-
USA/CA-CDPH-6000023725/2025,S:Y144-
USA/CA-CZB-5173/2020,S:D614G
USA/CA-CZB-5173/2020,S:P681H
USA/CA-LACPHL-AY16240/2026,S:A264D
USA/CA-LACPHL-AY16240/2026,S:A27S
USA/CA-LACPHL-AY16240/2026,S:A435S
USA/CA-LACPHL-AY16240/2026,S:A570V
USA/CA-LACPHL-AY16240/2026,S:D405N
USA/CA-LACPHL-AY16240/2026,S:D614G
USA/CA-LACPHL-AY16240/2026,S:D796Y
USA/CA-LACPHL-AY16240/2026,S:E484K
USA/CA-LACPHL-AY16240/2026,S:E554K
USA/CA-LACPHL-AY16240/2026,S:E619-
USA/CA-LACPHL-AY16240/2026,S:F157S
USA/CA-LACPHL-AY16240/2026,S:F456L
USA/CA-LACPHL-AY16240/2026,S:F486P
USA/CA-LACPHL-AY16240/2026,S:F59S
USA/CA-LACPHL-AY16240/2026,S:G142D
USA/CA-LACPHL-AY16240/2026,S:G184S
USA/CA-LACPHL-AY16240/2026,S:G339H
USA/CA-LACPHL-AY16240/2026,S:G446S
USA/CA-LACPHL-AY16240/2026,S:H245-
USA/CA-LACPHL-AY16240/2026,S:H505Y
USA/CA-LACPHL-AY16240/2026,S:H655Y
USA/CA-LACPHL-AY16240/2026,S:H69-
USA/CA-LACPHL-AY16240/2026,S:I332V
USA/CA-LACPHL-AY16240/2026,S:K356T
USA/CA-LACPHL-AY16240/2026,S:K417N
USA/CA-LACPHL-AY16240/2026,S:L212I
USA/CA-LACPHL-AY16240/2026,S:L216F
USA/CA-LACPHL-AY16240/2026,S:L24-
USA/CA-LACPHL-AY16240/2026,S:L244-
USA/CA-LACPHL-AY16240/2026,S:L452W
USA/CA-LACPHL-AY16240/2026,S:L455S
USA/CA-LACPHL-AY16240/2026,S:N211-
USA/CA-LACPHL-AY16240/2026,S:N440R
USA/CA-LACPHL-AY16240/2026,S:N450D
USA/CA-LACPHL-AY16240/2026,S:N460K
USA/CA-LACPHL-AY16240/2026,S:N481K
USA/CA-LACPHL-AY16240/2026,S:N50L
USA/CA-LACPHL-AY16240/2026,S:N679K
USA/CA-LACPHL-AY16240/2026,S:N764K
USA/CA-LACPHL-AY16240/2026,S:N969K
USA/CA-LACPHL-AY16240/2026,S:P1143L
USA/CA-LACPHL-AY16240/2026,S:P25-
USA/CA-LACPHL-AY16240/2026,S:P26-
USA/CA-LACPHL-AY16240/2026,S:P621D
USA/CA-LACPHL-AY16240/2026,S:P681R
USA/CA-LACPHL-AY16240/2026,S:Q677H
USA/CA-LACPHL-AY16240/2026,S:R158G
USA/CA-LACPHL-AY16240/2026,S:R246-
USA/CA-LACPHL-AY16240/2026,S:R403K
USA/CA-LACPHL-AY16240/2026,S:R408S
USA/CA-LACPHL-AY16240/2026,S:S247-
USA/CA-LACPHL-AY16240/2026,S:S371F
USA/CA-LACPHL-AY16240/2026,S:S373P
USA/CA-LACPHL-AY16240/2026,S:S375F
USA/CA-LACPHL-AY16240/2026,S:S477N
USA/CA-LACPHL-AY16240/2026,S:S939F
USA/CA-LACPHL-AY16240/2026,S:T19I
USA/CA-LACPHL-AY16240/2026,S:T22N
USA/CA-LACPHL-AY16240/2026,S:T376A
USA/CA-LACPHL-AY16240/2026,S:V127F
USA/CA-LACPHL-AY16240/2026,S:V21T
USA/CA-LACPHL-AY16240/2026,S:V445H
USA/CA-LACPHL-AY16240/2026,S:V483-
USA/CA-LACPHL-AY16240/2026,S:V620-
USA/CA-LACPHL-AY16240/2026,S:V70-
USA/CA-LACPHL-AY16240/2026,S:Y144-
USA/CA-LACPHL-AY16240/2026,S:Y248-
USA/CA-LACPHL-AY16302/2026,S:A264D
USA/CA-LACPHL-AY16302/2026,S:A27S
USA/CA-LACPHL-AY16302/2026,S:A435S
USA/CA-LACPHL-AY16302/2026,S:A475V
USA/CA-LACPHL-AY16302/2026,S:A570V
USA/CA-LACPHL-AY16302/2026,S:C1247F
USA/CA-LACPHL-AY16302/2026,S:D405N
USA/CA-LACPHL-AY16302/2026,S:D614G
USA/CA-LACPHL-AY16302/2026,S:D796Y
USA/CA-LACPHL-AY16302/2026,S:E484K
USA/CA-LACPHL-AY16302/2026,S:E554K
USA/CA-LACPHL-AY16302/2026,S:F157S
USA/CA-LACPHL-AY16302/2026,S:F456L
USA/CA-LACPHL-AY16302/2026,S:F486P
USA/CA-LACPHL-AY16302/2026,S:G142D
USA/CA-LACPHL-AY16302/2026,S:G339H
USA/CA-LACPHL-AY16302/2026,S:G446S
USA/CA-LACPHL-AY16302/2026,S:H245N
USA/CA-LACPHL-AY16302/2026,S:H655Y
USA/CA-LACPHL-AY16302/2026,S:H69-
USA/CA-LACPHL-AY16302/2026,S:I332V
USA/CA-LACPHL-AY16302/2026,S:K182R
USA/CA-LACPHL-AY16302/2026,S:K356T
USA/CA-LACPHL-AY16302/2026,S:K417N
USA/CA-LACPHL-AY16302/2026,S:K444R
USA/CA-LACPHL-AY16302/2026,S:L212I
USA/CA-LACPHL-AY16302/2026,S:L216F
USA/CA-LACPHL-AY16302/2026,S:L24-
USA/CA-LACPHL-AY16302/2026,S:L441R
USA/CA-LACPHL-AY16302/2026,S:L452W
USA/CA-LACPHL-AY16302/2026,S:L455S
USA/CA-LACPHL-AY16302/2026,S:M153I
USA/CA-LACPHL-AY16302/2026,S:N211-
USA/CA-LACPHL-AY16302/2026,S:N440K
USA/CA-LACPHL-AY16302/2026,S:N450D
USA/CA-LACPHL-AY16302/2026,S:N460K
USA/CA-LACPHL-AY16302/2026,S:N481K
USA/CA-LACPHL-AY16302/2026,S:N50L
USA/CA-LACPHL-AY16302/2026,S:N679R
USA/CA-LACPHL-AY16302/2026,S:N764K
USA/CA-LACPHL-AY16302/2026,S:N969K
USA/CA-LACPHL-AY16302/2026,S:P1143L
USA/CA-LACPHL-AY16302/2026,S:P25-
USA/CA-LACPHL-AY16302/2026,S:P26-
USA/CA-LACPHL-AY16302/2026,S:P621S
USA/CA-LACPHL-AY16302/2026,S:P681R
USA/CA-LACPHL-AY16302/2026,S:Q498R
USA/CA-LACPHL-AY16302/2026,S:R158G
USA/CA-LACPHL-AY16302/2026,S:R190S
USA/CA-LACPHL-AY16302/2026,S:R346T
USA/CA-LACPHL-AY16302/2026,S:R403K
USA/CA-LACPHL-AY16302/2026,S:R408S
USA/CA-LACPHL-AY16302/2026,S:S31P
USA/CA-LACPHL-AY16302/2026,S:S371F
USA/CA-LACPHL-AY16302/2026,S:S373P
USA/CA-LACPHL-AY16302/2026,S:S375F
USA/CA-LACPHL-AY16302/2026,S:S477N
USA/CA-LACPHL-AY16302/2026,S:S939F
USA/CA-LACPHL-AY16302/2026,S:T19I
USA/CA-LACPHL-AY16302/2026,S:T22N
USA/CA-LACPHL-AY16302/2026,S:T376A
USA/CA-LACPHL-AY16302/2026,S:V127F
USA/CA-LACPHL-AY16302/2026,S:V21T
USA/CA-LACPHL-AY16302/2026,S:V445P
USA/CA-LACPHL-AY16302/2026,S:V483-
USA/CA-LACPHL-AY16302/2026,S:V70-
USA/CA-LACPHL-AY16302/2026,S:Y144-
USA/CA-LACPHL-AY16310/2026,S:A264D
USA/CA-LACPHL-AY16310/2026,S:A27S
USA/CA-LACPHL-AY16310/2026,S:A435S
USA/CA-LACPHL-AY16310/2026,S:A570V
USA/CA-LACPHL-AY16310/2026,S:D405N
USA/CA-LACPHL-AY16310/2026,S:D614G
USA/CA-LACPHL-AY16310/2026,S:D796Y
USA/CA-LACPHL-AY16310/2026,S:E484K
USA/CA-LACPHL-AY16310/2026,S:E554K
USA/CA-LACPHL-AY16310/2026,S:F157S
USA/CA-LACPHL-AY16310/2026,S:F456L
USA/CA-LACPHL-AY16310/2026,S:F486P
USA/CA-LACPHL-AY16310/2026,S:G142D
USA/CA-LACPHL-AY16310/2026,S:G339H
USA/CA-LACPHL-AY16310/2026,S:G446S
USA/CA-LACPHL-AY16310/2026,S:H245N
USA/CA-LACPHL-AY16310/2026,S:H655Y
USA/CA-LACPHL-AY16310/2026,S:H69-
USA/CA-LACPHL-AY16310/2026,S:I332V
USA/CA-LACPHL-AY16310/2026,S:K182R
USA/CA-LACPHL-AY16310/2026,S:K356T
USA/CA-LACPHL-AY16310/2026,S:K417N
USA/CA-LACPHL-AY16310/2026,S:K444R
USA/CA-LACPHL-AY16310/2026,S:L212I
USA/CA-LACPHL-AY16310/2026,S:L216F
USA/CA-LACPHL-AY16310/2026,S:L24-
USA/CA-LACPHL-AY16310/2026,S:L452W
USA/CA-LACPHL-AY16310/2026,S:L455S
USA/CA-LACPHL-AY16310/2026,S:N211-
USA/CA-LACPHL-AY16310/2026,S:N440K
USA/CA-LACPHL-AY16310/2026,S:N450D
USA/CA-LACPHL-AY16310/2026,S:N460K
USA/CA-LACPHL-AY16310/2026,S:N481K
USA/CA-LACPHL-AY16310/2026,S:N487D
USA/CA-LACPHL-AY16310/2026,S:N50L
USA/CA-LACPHL-AY16310/2026,S:N679K
USA/CA-LACPHL-AY16310/2026,S:N764K
USA/CA-LACPHL-AY16310/2026,S:N969K
USA/CA-LACPHL-AY16310/2026,S:P1143L
USA/CA-LACPHL-AY16310/2026,S:P25-
USA/CA-LACPHL-AY16310/2026,S:P26-
USA/CA-LACPHL-AY16310/2026,S:P621S
USA/CA-LACPHL-AY16310/2026,S:P681R
USA/CA-LACPHL-AY16310/2026,S:Q493E
USA/CA-LACPHL-AY16310/2026,S:Q498R
USA/CA-LACPHL-AY16310/2026,S:R158G
USA/CA-LACPHL-AY16310/2026,S:R190S
USA/CA-LACPHL-AY16310/2026,S:R346T
USA/CA-LACPHL-AY16310/2026,S:R403K
USA/CA-LACPHL-AY16310/2026,S:R408S
USA/CA-LACPHL-AY16310/2026,S:S31P
USA/CA-LACPHL-AY16310/2026,S:S371F
USA/CA-LACPHL-AY16310/2026,S:S373P
USA/CA-LACPHL-AY16310/2026,S:S375F
USA/CA-LACPHL-AY16310/2026,S:S477N
USA/CA-LACPHL-AY16310/2026,S:S939F
USA/CA-LACPHL-AY16310/2026,S:T19I
USA/CA-LACPHL-AY16310/2026,S:T22N
USA/CA-LACPHL-AY16310/2026,S:T376A
USA/CA-LACPHL-AY16310/2026,S:T478K
USA/CA-LACPHL-AY16310/2026,S:T572I
USA/CA-LACPHL-AY16310/2026,S:V127F
USA/CA-LACPHL-AY16310/2026,S:V21T
USA/CA-LACPHL-AY16310/2026,S:V445R
USA/CA-LACPHL-AY16310/2026,S:V483-
USA/CA-LACPHL-AY16310/2026,S:V70-
USA/CA-LACPHL-AY16310/2026,S:Y144-
USA/CA-LACPHL-AY16323/2026,S:A264D
USA/CA-LACPHL-AY16323/2026,S:A27S
USA/CA-LACPHL-AY16323/2026,S:D405N
USA/CA-LACPHL-AY16323/2026,S:D614G
USA/CA-LACPHL-AY16323/2026,S:D796Y
USA/CA-LACPHL-AY16323/2026,S:E484K
USA/CA-LACPHL-AY16323/2026,S:F157S
USA/CA-LACPHL-AY16323/2026,S:F456L
USA/CA-LACPHL-AY16323/2026,S:F486P
USA/CA-LACPHL-AY16323/2026,S:G142D
USA/CA-LACPHL-AY16323/2026,S:G339H
USA/CA-LACPHL-AY16323/2026,S:G446S
USA/CA-LACPHL-AY16323/2026,S:H245N
USA/CA-LACPHL-AY16323/2026,S:H655Y
USA/CA-LACPHL-AY16323/2026,S:H69-
USA/CA-LACPHL-AY16323/2026,S:I332V
USA/CA-LACPHL-AY16323/2026,S:K182R
USA/CA-LACPHL-AY16323/2026,S:K356T
USA/CA-LACPHL-AY16323/2026,S:K417N
USA/CA-LACPHL-AY16323/2026,S:L212I
USA/CA-LACPHL-AY16323/2026,S:L216F
USA/CA-LACPHL-AY16323/2026,S:L24-
USA/CA-LACPHL-AY16323/2026,S:L452W
USA/CA-LACPHL-AY16323/2026,S:L455S
USA/CA-LACPHL-AY16323/2026,S:N211-
USA/CA-LACPHL-AY16323/2026,S:N440K
USA/CA-LACPHL-AY16323/2026,S:N450D
USA/CA-LACPHL-AY16323/2026,S:N460K
USA/CA-LACPHL-AY16323/2026,S:N481K
USA/CA-LACPHL-AY16323/2026,S:N5F
USA/CA-LACPHL-AY16323/2026,S:N679R
USA/CA-LACPHL-AY16323/2026,S:N764K
USA/CA-LACPHL-AY16323/2026,S:N969K
USA/CA-LACPHL-AY16323/2026,S:P1143L
USA/CA-LACPHL-AY16323/2026,S:P25-
USA/CA-LACPHL-AY16323/2026,S:P26-
USA/CA-LACPHL-AY16323/2026,S:P621S
USA/CA-LACPHL-AY16323/2026,S:P681R
USA/CA-LACPHL-AY16323/2026,S:Q493E
USA/CA-LACPHL-AY16323/2026,S:Q498R
USA/CA-LACPHL-AY16323/2026,S:R158G
USA/CA-LACPHL-AY16323/2026,S:R190S
USA/CA-LACPHL-AY16323/2026,S:R346T
USA/CA-LACPHL-AY16323/2026,S:R403K
USA/CA-LACPHL-AY16323/2026,S:R408S
USA/CA-LACPHL-AY16323/2026,S:S31P
USA/CA-LACPHL-AY16323/2026,S:S371F
USA/CA-LACPHL-AY16323/2026,S:S373P
USA/CA-LACPHL-AY16323/2026,S:S375F
USA/CA-LACPHL-AY16323/2026,S:S477N
USA/CA-LACPHL-AY16323/2026,S:S939F
USA/CA-LACPHL-AY16323/2026,S:T19I
USA/CA-LACPHL-AY16323/2026,S:T22N
USA/CA-LACPHL-AY16323/2026,S:T376A
USA/CA-LACPHL-AY16323/2026,S:T478E
USA/CA-LACPHL-AY16323/2026,S:T547I
USA/CA-LACPHL-AY16323/2026,S:V1104L
USA/CA-LACPHL-AY16323/2026,S:V1264L
USA/CA-LACPHL-AY16323/2026,S:V127F
USA/CA-LACPHL-AY16323/2026,S:V21T
USA/CA-LACPHL-AY16323/2026,S:V445R
USA/CA-LACPHL-AY16323/2026,S:V483-
USA/CA-LACPHL-AY16323/2026,S:V70-
USA/CA-LACPHL-AY16323/2026,S:Y144-
USA/CA-SEARCH-139202/2024,S:D405N
USA/CA-SEARCH-139202/2024,S:D614G
USA/CA-SEARCH-139202/2024,S:D796Y
USA/CA-SEARCH-139202/2024,S:E484A
USA/CA-SEARCH-139202/2024,S:F456L
USA/CA-SEARCH-139202/2024,S:F486P
USA/CA-SEARCH-139202/2024,S:F490S
USA/CA-SEARCH-139202/2024,S:G142D
USA/CA-SEARCH-139202/2024,S:G252V
USA/CA-SEARCH-139202/2024,S:G339H
USA/CA-SEARCH-139202/2024,S:G446S
USA/CA-SEARCH-139202/2024,S:H146Q
USA/CA-SEARCH-139202/2024,S:H655Y
USA/CA-SEARCH-139202/2024,S:K417N
USA/CA-SEARCH-139202/2024,S:L24-
USA/CA-SEARCH-139202/2024,S:L368I
USA/CA-SEARCH-139202/2024,S:N440K
USA/CA-SEARCH-139202/2024,S:N460K
USA/CA-SEARCH-139202/2024,S:N501Y
USA/CA-SEARCH-139202/2024,S:N679K
USA/CA-SEARCH-139202/2024,S:N764K
USA/CA-SEARCH-139202/2024,S:N969K
USA/CA-SEARCH-139202/2024,S:P25-
USA/CA-SEARCH-139202/2024,S:P26-
USA/CA-SEARCH-139202/2024,S:P681H
USA/CA-SEARCH-139202/2024,S:Q183E
USA/CA-SEARCH-139202/2024,S:Q498R
USA/CA-SEARCH-139202/2024,S:Q52H
USA/CA-SEARCH-139202/2024,S:R346T
USA/CA-SEARCH-139202/2024,S:R408S
USA/CA-SEARCH-139202/2024,S:S371F
USA/CA-SEARCH-139202/2024,S:S373P
USA/CA-SEARCH-139202/2024,S:S375F
USA/CA-SEARCH-139202/2024,S:S477N
USA/CA-SEARCH-139202/2024,S:S884F
USA/CA-SEARCH-139202/2024,S:T19I
USA/CA-SEARCH-139202/2024,S:T376A
USA/CA-SEARCH-139202/2024,S:T478K
USA/CA-SEARCH-139202/2024,S:V213E
USA/CA-SEARCH-139202/2024,S:V445P
USA/CA-SEARCH-139202/2024,S:V83A
USA/CA-SEARCH-139202/2024,S:Y144-
USA/CA-SEARCH-139202/2024,S:Y145-
USA/CA-SEARCH-139202/2024,S:Y505H
USA/CA-SEARCH-140921/2024,S:A264D
USA/CA-SEARCH-140921/2024,S:A27S
USA/CA-SEARCH-140921/2024,S:A570V
USA/CA-SEARCH-140921/2024,S:D405N
USA/CA-SEARCH-140921/2024,S:D614G
USA/CA-SEARCH-140921/2024,S:D796Y
USA/CA-SEARCH-140921/2024,S:E484K
USA/CA-SEARCH-140921/2024,S:E554K
USA/CA-SEARCH-140921/2024,S:F157S
USA/CA-SEARCH-140921/2024,S:F456L
USA/CA-SEARCH-140921/2024,S:F486P
USA/CA-SEARCH-140921/2024,S:G142D
USA/CA-SEARCH-140921/2024,S:G339H
USA/CA-SEARCH-140921/2024,S:G446S
USA/CA-SEARCH-140921/2024,S:H245N
USA/CA-SEARCH-140921/2024,S:H655Y
USA/CA-SEARCH-140921/2024,S:H69-
USA/CA-SEARCH-140921/2024,S:I332V
USA/CA-SEARCH-140921/2024,S:K1086R
USA/CA-SEARCH-140921/2024,S:K356T
USA/CA-SEARCH-140921/2024,S:K417N
USA/CA-SEARCH-140921/2024,S:L212I
USA/CA-SEARCH-140921/2024,S:L216F
USA/CA-SEARCH-140921/2024,S:L24-
USA/CA-SEARCH-140921/2024,S:L452W
USA/CA-SEARCH-140921/2024,S:L455S
USA/CA-SEARCH-140921/2024,S:N211-
USA/CA-SEARCH-140921/2024,S:N440K
USA/CA-SEARCH-140921/2024,S:N450D
USA/CA-SEARCH-140921/2024,S:N460K
USA/CA-SEARCH-140921/2024,S:N481K
USA/CA-SEARCH-140921/2024,S:N50L
USA/CA-SEARCH-140921/2024,S:N679K
USA/CA-SEARCH-140921/2024,S:N764K
USA/CA-SEARCH-140921/2024,S:N969K
USA/CA-SEARCH-140921/2024,S:P1143L
USA/CA-SEARCH-140921/2024,S:P25-
USA/CA-SEARCH-140921/2024,S:P26-
USA/CA-SEARCH-140921/2024,S:P621S
USA/CA-SEARCH-140921/2024,S:P681R
USA/CA-SEARCH-140921/2024,S:Q498R
USA/CA-SEARCH-140921/2024,S:R158G
USA/CA-SEARCH-140921/2024,S:R346T
USA/CA-SEARCH-140921/2024,S:R403K
USA/CA-SEARCH-140921/2024,S:R408S
USA/CA-SEARCH-140921/2024,S:S31-
USA/CA-SEARCH-140921/2024,S:S371F
USA/CA-SEARCH-140921/2024,S:S373P
USA/CA-SEARCH-140921/2024,S:S375F
USA/CA-SEARCH-140921/2024,S:S477N
USA/CA-SEARCH-140921/2024,S:S939F
USA/CA-SEARCH-140921/2024,S:T19I
USA/CA-SEARCH-140921/2024,S:T376A
USA/CA-SEARCH-140921/2024,S:T478K
USA/CA-SEARCH-140921/2024,S:V1104L
USA/CA-SEARCH-140921/2024,S:V127F
USA/CA-SEARCH-140921/2024,S:V21T
USA/CA-SEARCH-140921/2024,S:V445H
USA/CA-SEARCH-140921/2024,S:V483-
USA/CA-SEARCH-140921/2024,S:V70-
USA/CA-SEARCH-140921/2024,S:Y144-
USA/CO-CDPHE-45626037/2025,S:A264D
USA/CO-CDPHE-45626037/2025,S:A27S
USA/CO-CDPHE-45626037/2025,S:A475V
USA/CO-CDPHE-45626037/2025,S:A570V
USA/CO-CDPHE-45626037/2025,S:D405N
USA/CO-CDPHE-45626037/2025,S:D614G
USA/CO-CDPHE-45626037/2025,S:D796Y
USA/CO-CDPHE-45626037/2025,S:E484K
USA/CO-CDPHE-45626037/2025,S:E554K
USA/CO-CDPHE-45626037/2025,S:F157S
USA/CO-CDPHE-45626037/2025,S:F456L
USA/CO-CDPHE-45626037/2025,S:F486P
USA/CO-CDPHE-45626037/2025,S:G142D
USA/CO-CDPHE-45626037/2025,S:G339H
USA/CO-CDPHE-45626037/2025,S:G446S
USA/CO-CDPHE-45626037/2025,S:H245N
USA/CO-CDPHE-45626037/2025,S:H655Y
USA/CO-CDPHE-45626037/2025,S:H69-
USA/CO-CDPHE-45626037/2025,S:I1172V
USA/CO-CDPHE-45626037/2025,S:I332V
USA/CO-CDPHE-45626037/2025,S:K182R
USA/CO-CDPHE-45626037/2025,S:K356T
USA/CO-CDPHE-45626037/2025,S:K417N
USA/CO-CDPHE-45626037/2025,S:L212I
USA/CO-CDPHE-45626037/2025,S:L216F
USA/CO-CDPHE-45626037/2025,S:L24-
USA/CO-CDPHE-45626037/2025,S:L441R
USA/CO-CDPHE-45626037/2025,S:L452W
USA/CO-CDPHE-45626037/2025,S:L455S
USA/CO-CDPHE-45626037/2025,S:N211-
USA/CO-CDPHE-45626037/2025,S:N440K
USA/CO-CDPHE-45626037/2025,S:N450D
USA/CO-CDPHE-45626037/2025,S:N460K
USA/CO-CDPHE-45626037/2025,S:N481K
USA/CO-CDPHE-45626037/2025,S:N50L
USA/CO-CDPHE-45626037/2025,S:N679K
USA/CO-CDPHE-45626037/2025,S:N764K
USA/CO-CDPHE-45626037/2025,S:N969K
USA/CO-CDPHE-45626037/2025,S:P1143L
USA/CO-CDPHE-45626037/2025,S:P25-
USA/CO-CDPHE-45626037/2025,S:P26-
USA/CO-CDPHE-45626037/2025,S:P621S
USA/CO-CDPHE-45626037/2025,S:P681R
USA/CO-CDPHE-45626037/2025,S:Q498R
USA/CO-CDPHE-45626037/2025,S:R158G
USA/CO-CDPHE-45626037/2025,S:R346T
USA/CO-CDPHE-45626037/2025,S:R403K
USA/CO-CDPHE-45626037/2025,S:R408S
USA/CO-CDPHE-45626037/2025,S:S31P
USA/CO-CDPHE-45626037/2025,S:S371F
USA/CO-CDPHE-45626037/2025,S:S373P
USA/CO-CDPHE-45626037/2025,S:S375F
USA/CO-CDPHE-45626037/2025,S:S477N
USA/CO-CDPHE-45626037/2025,S:S939F
USA/CO-CDPHE-45626037/2025,S:T19V
USA/CO-CDPHE-45626037/2025,S:T22N
USA/CO-CDPHE-45626037/2025,S:T376A
USA/CO-CDPHE-45626037/2025,S:T478K
USA/CO-CDPHE-45626037/2025,S:T791A
USA/CO-CDPHE-45626037/2025,S:V1264L
USA/CO-CDPHE-45626037/2025,S:V127F
USA/CO-CDPHE-45626037/2025,S:V21T
USA/CO-CDPHE-45626037/2025,S:V445P
USA/CO-CDPHE-45626037/2025,S:V483-
USA/CO-CDPHE-45626037/2025,S:V70-
USA/CO-CDPHE-45626037/2025,S:Y144-
USA/CO-CDPHE-45626439/2025,S:A264D
USA/CO-CDPHE-45626439/2025,S:A27S
USA/CO-CDPHE-45626439/2025,S:A570V
USA/CO-CDPHE-45626439/2025,S:D405N
USA/CO-CDPHE-45626439/2025,S:D614G
USA/CO-CDPHE-45626439/2025,S:D796Y
USA/CO-CDPHE-45626439/2025,S:E484K
USA/CO-CDPHE-45626439/2025,S:E554K
USA/CO-CDPHE-45626439/2025,S:F157S
USA/CO-CDPHE-45626439/2025,S:F456L
USA/CO-CDPHE-45626439/2025,S:F486P
USA/CO-CDPHE-45626439/2025,S:G142D
USA/CO-CDPHE-45626439/2025,S:G339H
USA/CO-CDPHE-45626439/2025,S:G446S
USA/CO-CDPHE-45626439/2025,S:H245N
USA/CO-CDPHE-45626439/2025,S:H655Y
USA/CO-CDPHE-45626439/2025,S:H69-
USA/CO-CDPHE-45626439/2025,S:I332V
USA/CO-CDPHE-45626439/2025,S:K182R
USA/CO-CDPHE-45626439/2025,S:K356T
USA/CO-CDPHE-45626439/2025,S:K417T
USA/CO-CDPHE-45626439/2025,S:K444R
USA/CO-CDPHE-45626439/2025,S:L212I
USA/CO-CDPHE-45626439/2025,S:L216F
USA/CO-CDPHE-45626439/2025,S:L24-
USA/CO-CDPHE-45626439/2025,S:L335F
USA/CO-CDPHE-45626439/2025,S:L452W
USA/CO-CDPHE-45626439/2025,S:L455S
USA/CO-CDPHE-45626439/2025,S:N211-
USA/CO-CDPHE-45626439/2025,S:N440K
USA/CO-CDPHE-45626439/2025,S:N450D
USA/CO-CDPHE-45626439/2025,S:N460K
USA/CO-CDPHE-45626439/2025,S:N481K
USA/CO-CDPHE-45626439/2025,S:N487D
USA/CO-CDPHE-45626439/2025,S:N50L
USA/CO-CDPHE-45626439/2025,S:N679K
USA/CO-CDPHE-45626439/2025,S:N764K
USA/CO-CDPHE-45626439/2025,S:N969K
USA/CO-CDPHE-45626439/2025,S:P1143L
USA/CO-CDPHE-45626439/2025,S:P25-
USA/CO-CDPHE-45626439/2025,S:P26-
USA/CO-CDPHE-45626439/2025,S:P621S
USA/CO-CDPHE-45626439/2025,S:P681R
USA/CO-CDPHE-45626439/2025,S:Q493E
USA/CO-CDPHE-45626439/2025,S:Q498R
USA/CO-CDPHE-45626439/2025,S:R158G
USA/CO-CDPHE-45626439/2025,S:R190S
USA/CO-CDPHE-45626439/2025,S:R346T
USA/CO-CDPHE-45626439/2025,S:R403K
USA/CO-CDPHE-45626439/2025,S:R408S
USA/CO-CDPHE-45626439/2025,S:S31P
USA/CO-CDPHE-45626439/2025,S:S371F
USA/CO-CDPHE-45626439/2025,S:S373P
USA/CO-CDPHE-45626439/2025,S:S375F
USA/CO-CDPHE-45626439/2025,S:S477N
USA/CO-CDPHE-45626439/2025,S:S939F
USA/CO-CDPHE-45626439/2025,S:T19I
USA/CO-CDPHE-45626439/2025,S:T22N
USA/CO-CDPHE-45626439/2025,S:T376A
USA/CO-CDPHE-45626439/2025,S:T478K
USA/CO-CDPHE-45626439/2025,S:T572I
USA/CO-CDPHE-45626439/2025,S:V127F
USA/CO-CDPHE-45626439/2025,S:V21T
USA/CO-CDPHE-45626439/2025,S:V445R
USA/CO-CDPHE-45626439/2025,S:V483-
USA/CO-CDPHE-45626439/2025,S:V70-
USA/CO-CDPHE-45626439/2025,S:Y144-
USA/CO-CDPHE-45935805/2025,S:A264D
USA/CO-CDPHE-45935805/2025,S:A27S
USA/CO-CDPHE-45935805/2025,S:A570V
USA/CO-CDPHE-45935805/2025,S:D405N
USA/CO-CDPHE-45935805/2025,S:D614G
USA/CO-CDPHE-45935805/2025,S:D796Y
USA/CO-CDPHE-45935805/2025,S:E484K
USA/CO-CDPHE-45935805/2025,S:E554K
USA/CO-CDPHE-45935805/2025,S:F157S
USA/CO-CDPHE-45935805/2025,S:F456L
USA/CO-CDPHE-45935805/2025,S:F486P
USA/CO-CDPHE-45935805/2025,S:G142D
USA/CO-CDPHE-45935805/2025,S:G339H
USA/CO-CDPHE-45935805/2025,S:G446S
USA/CO-CDPHE-45935805/2025,S:H245N
USA/CO-CDPHE-45935805/2025,S:H655Y
USA/CO-CDPHE-45935805/2025,S:H69-
USA/CO-CDPHE-45935805/2025,S:I332V
USA/CO-CDPHE-45935805/2025,S:K182R
USA/CO-CDPHE-45935805/2025,S:K356T
USA/CO-CDPHE-45935805/2025,S:K417N
USA/CO-CDPHE-45935805/2025,S:K444R
USA/CO-CDPHE-45935805/2025,S:L212I
USA/CO-CDPHE-45935805/2025,S:L216F
USA/CO-CDPHE-45935805/2025,S:L24-
USA/CO-CDPHE-45935805/2025,S:L452W
USA/CO-CDPHE-45935805/2025,S:L455S
USA/CO-CDPHE-45935805/2025,S:N211-
USA/CO-CDPHE-45935805/2025,S:N440K
USA/CO-CDPHE-45935805/2025,S:N450D
USA/CO-CDPHE-45935805/2025,S:N460K
USA/CO-CDPHE-45935805/2025,S:N481K
USA/CO-CDPHE-45935805/2025,S:N487D
USA/CO-CDPHE-45935805/2025,S:N50L
USA/CO-CDPHE-45935805/2025,S:N679K
USA/CO-CDPHE-45935805/2025,S:N764K
USA/CO-CDPHE-45935805/2025,S:N969K
USA/CO-CDPHE-45935805/2025,S:P1143L
USA/CO-CDPHE-45935805/2025,S:P25-
USA/CO-CDPHE-45935805/2025,S:P26-
USA/CO-CDPHE-45935805/2025,S:P621S
USA/CO-CDPHE-45935805/2025,S:P681R
USA/CO-CDPHE-45935805/2025,S:Q493E
USA/CO-CDPHE-45935805/2025,S:Q498R
USA/CO-CDPHE-45935805/2025,S:Q677H
USA/CO-CDPHE-45935805/2025,S:R158G
USA/CO-CDPHE-45935805/2025,S:R190S
USA/CO-CDPHE-45935805/2025,S:R346T
USA/CO-CDPHE-45935805/2025,S:R403K
USA/CO-CDPHE-45935805/2025,S:R408S
USA/CO-CDPHE-45935805/2025,S:S31P
USA/CO-CDPHE-45935805/2025,S:S371F
USA/CO-CDPHE-45935805/2025,S:S373P
USA/CO-CDPHE-45935805/2025,S:S375F
USA/CO-CDPHE-45935805/2025,S:S477N
USA/CO-CDPHE-45935805/2025,S:S939F
USA/CO-CDPHE-45935805/2025,S:T19I
USA/CO-CDPHE-45935805/2025,S:T22N
USA/CO-CDPHE-45935805/2025,S:T376A
USA/CO-CDPHE-45935805/2025,S:T478K
USA/CO-CDPHE-45935805/2025,S:T572I
USA/CO-CDPHE-45935805/2025,S:V127F
USA/CO-CDPHE-45935805/2025,S:V21T
USA/CO-CDPHE-45935805/2025,S:V445R
USA/CO-CDPHE-45935805/2025,S:V483-
USA/CO-CDPHE-45935805/2025,S:V70-
USA/CO-CDPHE-45935805/2025,S:Y144-
USA/CO-CDPHE-45935859/2025,S:A264D
USA/CO-CDPHE-45935859/2025,S:A27S
USA/CO-CDPHE-45935859/2025,S:A570V
USA/CO-CDPHE-45935859/2025,S:D405N
USA/CO-CDPHE-45935859/2025,S:D614G
USA/CO-CDPHE-45935859/2025,S:D796Y
USA/CO-CDPHE-45935859/2025,S:E484K
USA/CO-CDPHE-45935859/2025,S:E554K
USA/CO-CDPHE-45935859/2025,S:F157S
USA/CO-CDPHE-45935859/2025,S:F456L
USA/CO-CDPHE-45935859/2025,S:F486P
USA/CO-CDPHE-45935859/2025,S:G142D
USA/CO-CDPHE-45935859/2025,S:G339H
USA/CO-CDPHE-45935859/2025,S:G446S
USA/CO-CDPHE-45935859/2025,S:H245N
USA/CO-CDPHE-45935859/2025,S:H655Y
USA/CO-CDPHE-45935859/2025,S:H69-
USA/CO-CDPHE-45935859/2025,S:I332V
USA/CO-CDPHE-45935859/2025,S:K182R
USA/CO-CDPHE-45935859/2025,S:K356T
USA/CO-CDPHE-45935859/2025,S:K417N
USA/CO-CDPHE-45935859/2025,S:K444R
USA/CO-CDPHE-45935859/2025,S:L212I
USA/CO-CDPHE-45935859/2025,S:L216F
USA/CO-CDPHE-45935859/2025,S:L24-
USA/CO-CDPHE-45935859/2025,S:L335F
USA/CO-CDPHE-45935859/2025,S:L452W
USA/CO-CDPHE-45935859/2025,S:L455S
USA/CO-CDPHE-45935859/2025,S:L922F
USA/CO-CDPHE-45935859/2025,S:N211-
USA/CO-CDPHE-45935859/2025,S:N440K
USA/CO-CDPHE-45935859/2025,S:N450D
USA/CO-CDPHE-45935859/2025,S:N460K
USA/CO-CDPHE-45935859/2025,S:N481K
USA/CO-CDPHE-45935859/2025,S:N487D
USA/CO-CDPHE-45935859/2025,S:N50L
USA/CO-CDPHE-45935859/2025,S:N679K
USA/CO-CDPHE-45935859/2025,S:N764K
USA/CO-CDPHE-45935859/2025,S:N969K
USA/CO-CDPHE-45935859/2025,S:P1143L
USA/CO-CDPHE-45935859/2025,S:P25-
USA/CO-CDPHE-45935859/2025,S:P26-
USA/CO-CDPHE-45935859/2025,S:P621S
USA/CO-CDPHE-45935859/2025,S:P681R
USA/CO-CDPHE-45935859/2025,S:Q1180K
USA/CO-CDPHE-45935859/2025,S:Q493E
USA/CO-CDPHE-45935859/2025,S:Q498R
USA/CO-CDPHE-45935859/2025,S:R158G
USA/CO-CDPHE-45935859/2025,S:R190S
USA/CO-CDPHE-45935859/2025,S:R346T
USA/CO-CDPHE-45935859/2025,S:R403K
USA/CO-CDPHE-45935859/2025,S:R408S
USA/CO-CDPHE-45935859/2025,S:S31P
USA/CO-CDPHE-45935859/2025,S:S371F
USA/CO-CDPHE-45935859/2025,S:S373P
USA/CO-CDPHE-45935859/2025,S:S375F
USA/CO-CDPHE-45935859/2025,S:S477N
USA/CO-CDPHE-45935859/2025,S:S939F
USA/CO-CDPHE-45935859/2025,S:T19I
USA/CO-CDPHE-45935859/2025,S:T22N
USA/CO-CDPHE-45935859/2025,S:T376A
USA/CO-CDPHE-45935859/2025,S:T478K
USA/CO-CDPHE-45935859/2025,S:T572I
USA/CO-CDPHE-45935859/2025,S:V127F
USA/CO-CDPHE-45935859/2025,S:V21T
USA/CO-CDPHE-45935859/2025,S:V445R
USA/CO-CDPHE-45935859/2025,S:V483-
USA/CO-CDPHE-45935859/2025,S:V70-
USA/CO-CDPHE-45935859/2025,S:Y144-
USA/CO-CDPHE-45936627/2026,S:A264D
USA/CO-CDPHE-45936627/2026,S:A27S
USA/CO-CDPHE-45936627/2026,S:A475V
USA/CO-CDPHE-45936627/2026,S:D405N
USA/CO-CDPHE-45936627/2026,S:D614G
USA/CO-CDPHE-45936627/2026,S:D796Y
USA/CO-CDPHE-45936627/2026,S:E484K
USA/CO-CDPHE-45936627/2026,S:F157S
USA/CO-CDPHE-45936627/2026,S:F456L
USA/CO-CDPHE-45936627/2026,S:F486P
USA/CO-CDPHE-45936627/2026,S:G142D
USA/CO-CDPHE-45936627/2026,S:G339H
USA/CO-CDPHE-45936627/2026,S:G446S
USA/CO-CDPHE-45936627/2026,S:H245N
USA/CO-CDPHE-45936627/2026,S:H655Y
USA/CO-CDPHE-45936627/2026,S:H69-
USA/CO-CDPHE-45936627/2026,S:I332V
USA/CO-CDPHE-45936627/2026,S:K182R
USA/CO-CDPHE-45936627/2026,S:K356T
USA/CO-CDPHE-45936627/2026,S:K417N
USA/CO-CDPHE-45936627/2026,S:L212I
USA/CO-CDPHE-45936627/2026,S:L216F
USA/CO-CDPHE-45936627/2026,S:L24-
USA/CO-CDPHE-45936627/2026,S:L441R
USA/CO-CDPHE-45936627/2026,S:L452W
USA/CO-CDPHE-45936627/2026,S:L455S
USA/CO-CDPHE-45936627/2026,S:N211-
USA/CO-CDPHE-45936627/2026,S:N440K
USA/CO-CDPHE-45936627/2026,S:N450D
USA/CO-CDPHE-45936627/2026,S:N460K
USA/CO-CDPHE-45936627/2026,S:N481K
USA/CO-CDPHE-45936627/2026,S:N5F
USA/CO-CDPHE-45936627/2026,S:N679K
USA/CO-CDPHE-45936627/2026,S:N764K
USA/CO-CDPHE-45936627/2026,S:N969K
USA/CO-CDPHE-45936627/2026,S:P1143L
USA/CO-CDPHE-45936627/2026,S:P25-
USA/CO-CDPHE-45936627/2026,S:P26-
USA/CO-CDPHE-45936627/2026,S:P621S
USA/CO-CDPHE-45936627/2026,S:P681R
USA/CO-CDPHE-45936627/2026,S:Q498R
USA/CO-CDPHE-45936627/2026,S:R158G
USA/CO-CDPHE-45936627/2026,S:R346T
USA/CO-CDPHE-45936627/2026,S:R403K
USA/CO-CDPHE-45936627/2026,S:R408S
USA/CO-CDPHE-45936627/2026,S:S31P
USA/CO-CDPHE-45936627/2026,S:S371F
USA/CO-CDPHE-45936627/2026,S:S373P
USA/CO-CDPHE-45936627/2026,S:S375F
USA/CO-CDPHE-45936627/2026,S:S477N
USA/CO-CDPHE-45936627/2026,S:S939F
USA/CO-CDPHE-45936627/2026,S:T19V
USA/CO-CDPHE-45936627/2026,S:T22N
USA/CO-CDPHE-45936627/2026,S:T376A
USA/CO-CDPHE-45936627/2026,S:T478K
USA/CO-CDPHE-45936627/2026,S:T791A
USA/CO-CDPHE-45936627/2026,S:V1264L
USA/CO-CDPHE-45936627/2026,S:V127F
USA/CO-CDPHE-45936627/2026,S:V21T
USA/CO-CDPHE-45936627/2026,S:V445P
USA/CO-CDPHE-45936627/2026,S:V483-
USA/CO-CDPHE-45936627/2026,S:V70-
USA/CO-CDPHE-45936627/2026,S:Y144-
USA/CO-CDPHE-46016136/2026,S:A264D
USA/CO-CDPHE-46016136/2026,S:A27S
USA/CO-CDPHE-46016136/2026,S:A475V
USA/CO-CDPHE-46016136/2026,S:A570V
USA/CO-CDPHE-46016136/2026,S:D405N
USA/CO-CDPHE-46016136/2026,S:D614G
USA/CO-CDPHE-46016136/2026,S:D796Y
USA/CO-CDPHE-46016136/2026,S:E484K
USA/CO-CDPHE-46016136/2026,S:E554K
USA/CO-CDPHE-46016136/2026,S:F157S
USA/CO-CDPHE-46016136/2026,S:F456L
USA/CO-CDPHE-46016136/2026,S:F486P
USA/CO-CDPHE-46016136/2026,S:G142D
USA/CO-CDPHE-46016136/2026,S:G339H
USA/CO-CDPHE-46016136/2026,S:G446S
USA/CO-CDPHE-46016136/2026,S:H245N
USA/CO-CDPHE-46016136/2026,S:H655Y
USA/CO-CDPHE-46016136/2026,S:H69-
USA/CO-CDPHE-46016136/2026,S:I1172V
USA/CO-CDPHE-46016136/2026,S:I332V
USA/CO-CDPHE-46016136/2026,S:K182R
USA/CO-CDPHE-46016136/2026,S:K356T
USA/CO-CDPHE-46016136/2026,S:K417N
USA/CO-CDPHE-46016136/2026,S:L212I
USA/CO-CDPHE-46016136/2026,S:L216F
USA/CO-CDPHE-46016136/2026,S:L24-
USA/CO-CDPHE-46016136/2026,S:L441R
USA/CO-CDPHE-46016136/2026,S:L452W
USA/CO-CDPHE-46016136/2026,S:L455S
USA/CO-CDPHE-46016136/2026,S:N211-
USA/CO-CDPHE-46016136/2026,S:N440K
USA/CO-CDPHE-46016136/2026,S:N450D
USA/CO-CDPHE-46016136/2026,S:N460K
USA/CO-CDPHE-46016136/2026,S:N481K
USA/CO-CDPHE-46016136/2026,S:N50L
USA/CO-CDPHE-46016136/2026,S:N679K
USA/CO-CDPHE-46016136/2026,S:N764K
USA/CO-CDPHE-46016136/2026,S:N969K
USA/CO-CDPHE-46016136/2026,S:P1143L
USA/CO-CDPHE-46016136/2026,S:P25-
USA/CO-CDPHE-46016136/2026,S:P26-
USA/CO-CDPHE-46016136/2026,S:P621S
USA/CO-CDPHE-46016136/2026,S:P681R
USA/CO-CDPHE-46016136/2026,S:Q498R
USA/CO-CDPHE-46016136/2026,S:R158G
USA/CO-CDPHE-46016136/2026,S:R346T
USA/CO-CDPHE-46016136/2026,S:R403K
USA/CO-CDPHE-46016136/2026,S:R408S
USA/CO-CDPHE-46016136/2026,S:S31P
USA/CO-CDPHE-46016136/2026,S:S371F
USA/CO-CDPHE-46016136/2026,S:S373P
USA/CO-CDPHE-46016136/2026,S:S375F
USA/CO-CDPHE-46016136/2026,S:S477N
USA/CO-CDPHE-46016136/2026,S:S939F
USA/CO-CDPHE-46016136/2026,S:T19V
USA/CO-CDPHE-46016136/2026,S:T22N
USA/CO-CDPHE-46016136/2026,S:T376A
USA/CO-CDPHE-46016136/2026,S:T478K
USA/CO-CDPHE-46016136/2026,S:T791A
USA/CO-CDPHE-46016136/2026,S:V1264L
USA/CO-CDPHE-46016136/2026,S:V127F
USA/CO-CDPHE-46016136/2026,S:V21T
USA/CO-CDPHE-46016136/2026,S:V445P
USA/CO-CDPHE-46016136/2026,S:V483-
USA/CO-CDPHE-46016136/2026,S:V70-
USA/CO-CDPHE-46016136/2026,S:Y144-
USA/CO-CDPHE-46104819/2026,S:A264D
USA/CO-CDPHE-46104819/2026,S:A27S
USA/CO-CDPHE-46104819/2026,S:A435S
USA/CO-CDPHE-46104819/2026,S:A570V
USA/CO-CDPHE-46104819/2026,S:D228Y
USA/CO-CDPHE-46104819/2026,S:D405N
USA/CO-CDPHE-46104819/2026,S:D614G
USA/CO-CDPHE-46104819/2026,S:D796Y
USA/CO-CDPHE-46104819/2026,S:E484K
USA/CO-CDPHE-46104819/2026,S:E554K
USA/CO-CDPHE-46104819/2026,S:F157S
USA/CO-CDPHE-46104819/2026,S:F456L
USA/CO-CDPHE-46104819/2026,S:F486P
USA/CO-CDPHE-46104819/2026,S:F59S
USA/CO-CDPHE-46104819/2026,S:G142D
USA/CO-CDPHE-46104819/2026,S:G184S
USA/CO-CDPHE-46104819/2026,S:G339H
USA/CO-CDPHE-46104819/2026,S:G446S
USA/CO-CDPHE-46104819/2026,S:H245N
USA/CO-CDPHE-46104819/2026,S:H655Y
USA/CO-CDPHE-46104819/2026,S:H69-
USA/CO-CDPHE-46104819/2026,S:I332V
USA/CO-CDPHE-46104819/2026,S:K356T
USA/CO-CDPHE-46104819/2026,S:K417N
USA/CO-CDPHE-46104819/2026,S:L212I
USA/CO-CDPHE-46104819/2026,S:L216F
USA/CO-CDPHE-46104819/2026,S:L24-
USA/CO-CDPHE-46104819/2026,S:L452W
USA/CO-CDPHE-46104819/2026,S:L455S
USA/CO-CDPHE-46104819/2026,S:N211-
USA/CO-CDPHE-46104819/2026,S:N440K
USA/CO-CDPHE-46104819/2026,S:N450D
USA/CO-CDPHE-46104819/2026,S:N460K
USA/CO-CDPHE-46104819/2026,S:N481K
USA/CO-CDPHE-46104819/2026,S:N50L
USA/CO-CDPHE-46104819/2026,S:N679K
USA/CO-CDPHE-46104819/2026,S:N764K
USA/CO-CDPHE-46104819/2026,S:N969K
USA/CO-CDPHE-46104819/2026,S:P1143L
USA/CO-CDPHE-46104819/2026,S:P25-
USA/CO-CDPHE-46104819/2026,S:P26-
USA/CO-CDPHE-46104819/2026,S:P621S
USA/CO-CDPHE-46104819/2026,S:P681R
USA/CO-CDPHE-46104819/2026,S:Q493E
USA/CO-CDPHE-46104819/2026,S:Q498R
USA/CO-CDPHE-46104819/2026,S:R158G
USA/CO-CDPHE-46104819/2026,S:R403K
USA/CO-CDPHE-46104819/2026,S:R408S
USA/CO-CDPHE-46104819/2026,S:S371F
USA/CO-CDPHE-46104819/2026,S:S373P
USA/CO-CDPHE-46104819/2026,S:S375F
USA/CO-CDPHE-46104819/2026,S:S477N
USA/CO-CDPHE-46104819/2026,S:S939F
USA/CO-CDPHE-46104819/2026,S:T19I
USA/CO-CDPHE-46104819/2026,S:T22N
USA/CO-CDPHE-46104819/2026,S:T376A
USA/CO-CDPHE-46104819/2026,S:V1128I
USA/CO-CDPHE-46104819/2026,S:V127F
USA/CO-CDPHE-46104819/2026,S:V21T
USA/CO-CDPHE-46104819/2026,S:V445H
USA/CO-CDPHE-46104819/2026,S:V483-
USA/CO-CDPHE-46104819/2026,S:V70-
USA/CO-CDPHE-46104819/2026,S:Y144-
USA/CO-CDPHE-46462168/2026,S:A264D
USA/CO-CDPHE-46462168/2026,S:A27S
USA/CO-CDPHE-46462168/2026,S:A570V
USA/CO-CDPHE-46462168/2026,S:A958S
USA/CO-CDPHE-46462168/2026,S:D405N
USA/CO-CDPHE-46462168/2026,S:D614G
USA/CO-CDPHE-46462168/2026,S:D796Y
USA/CO-CDPHE-46462168/2026,S:E484K
USA/CO-CDPHE-46462168/2026,S:E554K
USA/CO-CDPHE-46462168/2026,S:F157S
USA/CO-CDPHE-46462168/2026,S:F456L
USA/CO-CDPHE-46462168/2026,S:F486P
USA/CO-CDPHE-46462168/2026,S:G142D
USA/CO-CDPHE-46462168/2026,S:G339H
USA/CO-CDPHE-46462168/2026,S:G446S
USA/CO-CDPHE-46462168/2026,S:H245N
USA/CO-CDPHE-46462168/2026,S:H655Y
USA/CO-CDPHE-46462168/2026,S:H69-
USA/CO-CDPHE-46462168/2026,S:I332V
USA/CO-CDPHE-46462168/2026,S:K182R
USA/CO-CDPHE-46462168/2026,S:K356T
USA/CO-CDPHE-46462168/2026,S:K417N
USA/CO-CDPHE-46462168/2026,S:K444R
USA/CO-CDPHE-46462168/2026,S:L212I
USA/CO-CDPHE-46462168/2026,S:L216F
USA/CO-CDPHE-46462168/2026,S:L24-
USA/CO-CDPHE-46462168/2026,S:L452W
USA/CO-CDPHE-46462168/2026,S:L455S
USA/CO-CDPHE-46462168/2026,S:N211-
USA/CO-CDPHE-46462168/2026,S:N440K
USA/CO-CDPHE-46462168/2026,S:N450D
USA/CO-CDPHE-46462168/2026,S:N460K
USA/CO-CDPHE-46462168/2026,S:N481K
USA/CO-CDPHE-46462168/2026,S:N487D
USA/CO-CDPHE-46462168/2026,S:N50L
USA/CO-CDPHE-46462168/2026,S:N679K
USA/CO-CDPHE-46462168/2026,S:N764K
USA/CO-CDPHE-46462168/2026,S:N969K
USA/CO-CDPHE-46462168/2026,S:P1143L
USA/CO-CDPHE-46462168/2026,S:P25-
USA/CO-CDPHE-46462168/2026,S:P26-
USA/CO-CDPHE-46462168/2026,S:P621S
USA/CO-CDPHE-46462168/2026,S:P681R
USA/CO-CDPHE-46462168/2026,S:Q493E
USA/CO-CDPHE-46462168/2026,S:Q498R
USA/CO-CDPHE-46462168/2026,S:R158G
USA/CO-CDPHE-46462168/2026,S:R190S
USA/CO-CDPHE-46462168/2026,S:R346T
USA/CO-CDPHE-46462168/2026,S:R403K
USA/CO-CDPHE-46462168/2026,S:R408S
USA/CO-CDPHE-46462168/2026,S:S31P
USA/CO-CDPHE-46462168/2026,S:S371F
USA/CO-CDPHE-46462168/2026,S:S373P
USA/CO-CDPHE-46462168/2026,S:S375F
USA/CO-CDPHE-46462168/2026,S:S477N
USA/CO-CDPHE-46462168/2026,S:S939F
USA/CO-CDPHE-46462168/2026,S:T19I
USA/CO-CDPHE-46462168/2026,S:T22N
USA/CO-CDPHE-46462168/2026,S:T376A
USA/CO-CDPHE-46462168/2026,S:T478K
USA/CO-CDPHE-46462168/2026,S:T572I
USA/CO-CDPHE-46462168/2026,S:V127F
USA/CO-CDPHE-46462168/2026,S:V21T
USA/CO-CDPHE-46462168/2026,S:V445R
USA/CO-CDPHE-46462168/2026,S:V483-
USA/CO-CDPHE-46462168/2026,S:V70-
USA/CO-CDPHE-46462168/2026,S:Y144-
USA/CT-DPH-1354769001/2026,S:A264D
USA/CT-DPH-1354769001/2026,S:A27S
USA/CT-DPH-1354769001/2026,S:A435S
USA/CT-DPH-1354769001/2026,S:A475V
USA/CT-DPH-1354769001/2026,S:A570V
USA/CT-DPH-1354769001/2026,S:D405N
USA/CT-DPH-1354769001/2026,S:D614G
USA/CT-DPH-1354769001/2026,S:D796Y
USA/CT-DPH-1354769001/2026,S:E484K
USA/CT-DPH-1354769001/2026,S:E554K
USA/CT-DPH-1354769001/2026,S:F157S
USA/CT-DPH-1354769001/2026,S:F456L
USA/CT-DPH-1354769001/2026,S:F486P
USA/CT-DPH-1354769001/2026,S:G142D
USA/CT-DPH-1354769001/2026,S:G339H
USA/CT-DPH-1354769001/2026,S:G446S
USA/CT-DPH-1354769001/2026,S:H245N
USA/CT-DPH-1354769001/2026,S:H655Y
USA/CT-DPH-1354769001/2026,S:H69-
USA/CT-DPH-1354769001/2026,S:I332V
USA/CT-DPH-1354769001/2026,S:K182R
USA/CT-DPH-1354769001/2026,S:K356T
USA/CT-DPH-1354769001/2026,S:K417N
USA/CT-DPH-1354769001/2026,S:K444R
USA/CT-DPH-1354769001/2026,S:L212I
USA/CT-DPH-1354769001/2026,S:L216F
USA/CT-DPH-1354769001/2026,S:L24-
USA/CT-DPH-1354769001/2026,S:L441R
USA/CT-DPH-1354769001/2026,S:L452W
USA/CT-DPH-1354769001/2026,S:L455S
USA/CT-DPH-1354769001/2026,S:M153I
USA/CT-DPH-1354769001/2026,S:N211-
USA/CT-DPH-1354769001/2026,S:N440K
USA/CT-DPH-1354769001/2026,S:N450D
USA/CT-DPH-1354769001/2026,S:N460K
USA/CT-DPH-1354769001/2026,S:N481K
USA/CT-DPH-1354769001/2026,S:N50L
USA/CT-DPH-1354769001/2026,S:N679R
USA/CT-DPH-1354769001/2026,S:N764K
USA/CT-DPH-1354769001/2026,S:N969K
USA/CT-DPH-1354769001/2026,S:P1143L
USA/CT-DPH-1354769001/2026,S:P25-
USA/CT-DPH-1354769001/2026,S:P26-
USA/CT-DPH-1354769001/2026,S:P621S
USA/CT-DPH-1354769001/2026,S:P681R
USA/CT-DPH-1354769001/2026,S:Q498R
USA/CT-DPH-1354769001/2026,S:R158G
USA/CT-DPH-1354769001/2026,S:R190S
USA/CT-DPH-1354769001/2026,S:R346T
USA/CT-DPH-1354769001/2026,S:R403K
USA/CT-DPH-1354769001/2026,S:R408S
USA/CT-DPH-1354769001/2026,S:S31P
USA/CT-DPH-1354769001/2026,S:S371F
USA/CT-DPH-1354769001/2026,S:S373P
USA/CT-DPH-1354769001/2026,S:S375F
USA/CT-DPH-1354769001/2026,S:S477N
USA/CT-DPH-1354769001/2026,S:S939F
USA/CT-DPH-1354769001/2026,S:T19I
USA/CT-DPH-1354769001/2026,S:T22N
USA/CT-DPH-1354769001/2026,S:T376A
USA/CT-DPH-1354769001/2026,S:V127F
USA/CT-DPH-1354769001/2026,S:V21T
USA/CT-DPH-1354769001/2026,S:V445P
USA/CT-DPH-1354769001/2026,S:V483-
USA/CT-DPH-1354769001/2026,S:V70-
USA/CT-DPH-1354769001/2026,S:Y144-
USA/GKISBBBH59878/2025,S:A264D
USA/GKISBBBH59878/2025,S:A27S
USA/GKISBBBH59878/2025,S:A570V
USA/GKISBBBH59878/2025,S:D405N
USA/GKISBBBH59878/2025,S:D614G
USA/GKISBBBH59878/2025,S:D796Y
USA/GKISBBBH59878/2025,S:E484K
USA/GKISBBBH59878/2025,S:E554K
USA/GKISBBBH59878/2025,S:F157S
USA/GKISBBBH59878/2025,S:F456L
USA/GKISBBBH59878/2025,S:F486P
USA/GKISBBBH59878/2025,S:G142D
USA/GKISBBBH59878/2025,S:G339H
USA/GKISBBBH59878/2025,S:G446S
USA/GKISBBBH59878/2025,S:H245N
USA/GKISBBBH59878/2025,S:H655Y
USA/GKISBBBH59878/2025,S:H69-
USA/GKISBBBH59878/2025,S:I332V
USA/GKISBBBH59878/2025,S:K182R
USA/GKISBBBH59878/2025,S:K356T
USA/GKISBBBH59878/2025,S:K417N
USA/GKISBBBH59878/2025,S:K444R
USA/GKISBBBH59878/2025,S:L212I
USA/GKISBBBH59878/2025,S:L216F
USA/GKISBBBH59878/2025,S:L24-
USA/GKISBBBH59878/2025,S:L452W
USA/GKISBBBH59878/2025,S:L455S
USA/GKISBBBH59878/2025,S:N211-
USA/GKISBBBH59878/2025,S:N440K
USA/GKISBBBH59878/2025,S:N450D
USA/GKISBBBH59878/2025,S:N460K
USA/GKISBBBH59878/2025,S:N481K
USA/GKISBBBH59878/2025,S:N487D
USA/GKISBBBH59878/2025,S:N50L
USA/GKISBBBH59878/2025,S:N679K
USA/GKISBBBH59878/2025,S:N764K
USA/GKISBBBH59878/2025,S:N969K
USA/GKISBBBH59878/2025,S:P1143L
USA/GKISBBBH59878/2025,S:P25-
USA/GKISBBBH59878/2025,S:P26-
USA/GKISBBBH59878/2025,S:P621S
USA/GKISBBBH59878/2025,S:P681R
USA/GKISBBBH59878/2025,S:Q493E
USA/GKISBBBH59878/2025,S:Q498R
USA/GKISBBBH59878/2025,S:R158G
USA/GKISBBBH59878/2025,S:R190S
USA/GKISBBBH59878/2025,S:R346T
USA/GKISBBBH59878/2025,S:R403K
USA/GKISBBBH59878/2025,S:R408S
USA/GKISBBBH59878/2025,S:S31P
USA/GKISBBBH59878/2025,S:S371F
USA/GKISBBBH59878/2025,S:S373P
USA/GKISBBBH59878/2025,S:S375F
USA/GKISBBBH59878/2025,S:S477N
USA/GKISBBBH59878/2025,S:S939F
USA/GKISBBBH59878/2025,S:T19I
USA/GKISBBBH59878/2025,S:T22N
USA/GKISBBBH59878/2025,S:T376A
USA/GKISBBBH59878/2025,S:T478K
USA/GKISBBBH59878/2025,S:T572I
USA/GKISBBBH59878/2025,S:V127F
USA/GKISBBBH59878/2025,S:V21T
USA/GKISBBBH59878/2025,S:V445R
USA/GKISBBBH59878/2025,S:V483-
USA/GKISBBBH59878/2025,S:V70-
USA/GKISBBBH59878/2025,S:Y144-
USA/GKISBBBI56473/2026,S:A264D
USA/GKISBBBI56473/2026,S:A27S
USA/GKISBBBI56473/2026,S:A435S
USA/GKISBBBI56473/2026,S:A475V
USA/GKISBBBI56473/2026,S:A570V
USA/GKISBBBI56473/2026,S:D405N
USA/GKISBBBI56473/2026,S:D614G
USA/GKISBBBI56473/2026,S:D796Y
USA/GKISBBBI56473/2026,S:E484K
USA/GKISBBBI56473/2026,S:E554K
USA/GKISBBBI56473/2026,S:F157S
USA/GKISBBBI56473/2026,S:F456L
USA/GKISBBBI56473/2026,S:F486P
USA/GKISBBBI56473/2026,S:G142D
USA/GKISBBBI56473/2026,S:G339H
USA/GKISBBBI56473/2026,S:G446S
USA/GKISBBBI56473/2026,S:H245N
USA/GKISBBBI56473/2026,S:H655Y
USA/GKISBBBI56473/2026,S:H69-
USA/GKISBBBI56473/2026,S:I332V
USA/GKISBBBI56473/2026,S:K182R
USA/GKISBBBI56473/2026,S:K356T
USA/GKISBBBI56473/2026,S:K417N
USA/GKISBBBI56473/2026,S:L212I
USA/GKISBBBI56473/2026,S:L216F
USA/GKISBBBI56473/2026,S:L24-
USA/GKISBBBI56473/2026,S:L441R
USA/GKISBBBI56473/2026,S:L452W
USA/GKISBBBI56473/2026,S:L455S
USA/GKISBBBI56473/2026,S:N211-
USA/GKISBBBI56473/2026,S:N440K
USA/GKISBBBI56473/2026,S:N450D
USA/GKISBBBI56473/2026,S:N460K
USA/GKISBBBI56473/2026,S:N481K
USA/GKISBBBI56473/2026,S:N50L
USA/GKISBBBI56473/2026,S:N679K
USA/GKISBBBI56473/2026,S:N764K
USA/GKISBBBI56473/2026,S:N969K
USA/GKISBBBI56473/2026,S:P1143L
USA/GKISBBBI56473/2026,S:P25-
USA/GKISBBBI56473/2026,S:P26-
USA/GKISBBBI56473/2026,S:P621S
USA/GKISBBBI56473/2026,S:P681R
USA/GKISBBBI56473/2026,S:Q498R
USA/GKISBBBI56473/2026,S:R158G
USA/GKISBBBI56473/2026,S:R346T
USA/GKISBBBI56473/2026,S:R403K
USA/GKISBBBI56473/2026,S:R408S
USA/GKISBBBI56473/2026,S:S31P
USA/GKISBBBI56473/2026,S:S371F
USA/GKISBBBI56473/2026,S:S373P
USA/GKISBBBI56473/2026,S:S375F
USA/GKISBBBI56473/2026,S:S477N
USA/GKISBBBI56473/2026,S:S939F
USA/GKISBBBI56473/2026,S:T19V
USA/GKISBBBI56473/2026,S:T22N
USA/GKISBBBI56473/2026,S:T376A
USA/GKISBBBI56473/2026,S:V1264L
USA/GKISBBBI56473/2026,S:V127F
USA/GKISBBBI56473/2026,S:V21T
USA/GKISBBBI56473/2026,S:V445P
USA/GKISBBBI56473/2026,S:V483-
USA/GKISBBBI56473/2026,S:V70-
USA/GKISBBBI56473/2026,S:Y144-
USA/GKISBBBI56586/2026,S:A264D
USA/GKISBBBI56586/2026,S:A27S
USA/GKISBBBI56586/2026,S:A435S
USA/GKISBBBI56586/2026,S:A475V
USA/GKISBBBI56586/2026,S:A570V
USA/GKISBBBI56586/2026,S:D405N
USA/GKISBBBI56586/2026,S:D614G
USA/GKISBBBI56586/2026,S:D796Y
USA/GKISBBBI56586/2026,S:E484K
USA/GKISBBBI56586/2026,S:E554K
USA/GKISBBBI56586/2026,S:F157S
USA/GKISBBBI56586/2026,S:F456L
USA/GKISBBBI56586/2026,S:F486P
USA/GKISBBBI56586/2026,S:G142D
USA/GKISBBBI56586/2026,S:G339H
USA/GKISBBBI56586/2026,S:G446S
USA/GKISBBBI56586/2026,S:H245N
USA/GKISBBBI56586/2026,S:H655Y
USA/GKISBBBI56586/2026,S:H69-
USA/GKISBBBI56586/2026,S:I332V
USA/GKISBBBI56586/2026,S:K182R
USA/GKISBBBI56586/2026,S:K356T
USA/GKISBBBI56586/2026,S:K417N
USA/GKISBBBI56586/2026,S:L212I
USA/GKISBBBI56586/2026,S:L216F
USA/GKISBBBI56586/2026,S:L24-
USA/GKISBBBI56586/2026,S:L441R
USA/GKISBBBI56586/2026,S:L452W
USA/GKISBBBI56586/2026,S:L455S
USA/GKISBBBI56586/2026,S:N211-
USA/GKISBBBI56586/2026,S:N440K
USA/GKISBBBI56586/2026,S:N450D
USA/GKISBBBI56586/2026,S:N460K
USA/GKISBBBI56586/2026,S:N481K
USA/GKISBBBI56586/2026,S:N50L
USA/GKISBBBI56586/2026,S:N679K
USA/GKISBBBI56586/2026,S:N764K
USA/GKISBBBI56586/2026,S:N969K
USA/GKISBBBI56586/2026,S:P1143L
USA/GKISBBBI56586/2026,S:P25-
USA/GKISBBBI56586/2026,S:P26-
USA/GKISBBBI56586/2026,S:P621S
USA/GKISBBBI56586/2026,S:P681R
USA/GKISBBBI56586/2026,S:Q498R
USA/GKISBBBI56586/2026,S:R158G
USA/GKISBBBI56586/2026,S:R346T
USA/GKISBBBI56586/2026,S:R408S
USA/GKISBBBI56586/2026,S:S31P
USA/GKISBBBI56586/2026,S:S371F
USA/GKISBBBI56586/2026,S:S373P
USA/GKISBBBI56586/2026,S:S375F
USA/GKISBBBI56586/2026,S:S477N
USA/GKISBBBI56586/2026,S:S939F
USA/GKISBBBI56586/2026,S:T19V
USA/GKISBBBI56586/2026,S:T22N
USA/GKISBBBI56586/2026,S:T376A
USA/GKISBBBI56586/2026,S:V1264L
USA/GKISBBBI56586/2026,S:V127F
USA/GKISBBBI56586/2026,S:V21T
USA/GKISBBBI56586/2026,S:V445P
USA/GKISBBBI56586/2026,S:V483-
USA/GKISBBBI56586/2026,S:V70-
USA/GKISBBBI56586/2026,S:Y144-
USA/GKISBBBI63694/2026,S:A264D
USA/GKISBBBI63694/2026,S:A27S
USA/GKISBBBI63694/2026,S:A435S
USA/GKISBBBI63694/2026,S:A570V
USA/GKISBBBI63694/2026,S:D253G
USA/GKISBBBI63694/2026,S:D405N
USA/GKISBBBI63694/2026,S:D420N
USA/GKISBBBI63694/2026,S:D614G
USA/GKISBBBI63694/2026,S:D796Y
USA/GKISBBBI63694/2026,S:E484K
USA/GKISBBBI63694/2026,S:E554K
USA/GKISBBBI63694/2026,S:F157S
USA/GKISBBBI63694/2026,S:F456L
USA/GKISBBBI63694/2026,S:F486P
USA/GKISBBBI63694/2026,S:F59S
USA/GKISBBBI63694/2026,S:G142D
USA/GKISBBBI63694/2026,S:G184S
USA/GKISBBBI63694/2026,S:G339H
USA/GKISBBBI63694/2026,S:G446S
USA/GKISBBBI63694/2026,S:H245N
USA/GKISBBBI63694/2026,S:H655Y
USA/GKISBBBI63694/2026,S:H69-
USA/GKISBBBI63694/2026,S:I332V
USA/GKISBBBI63694/2026,S:K356T
USA/GKISBBBI63694/2026,S:K417T
USA/GKISBBBI63694/2026,S:L212I
USA/GKISBBBI63694/2026,S:L216F
USA/GKISBBBI63694/2026,S:L24-
USA/GKISBBBI63694/2026,S:L452W
USA/GKISBBBI63694/2026,S:L455S
USA/GKISBBBI63694/2026,S:N211-
USA/GKISBBBI63694/2026,S:N440K
USA/GKISBBBI63694/2026,S:N450D
USA/GKISBBBI63694/2026,S:N460K
USA/GKISBBBI63694/2026,S:N481K
USA/GKISBBBI63694/2026,S:N50L
USA/GKISBBBI63694/2026,S:N679K
USA/GKISBBBI63694/2026,S:N764K
USA/GKISBBBI63694/2026,S:N969K
USA/GKISBBBI63694/2026,S:P1143L
USA/GKISBBBI63694/2026,S:P25-
USA/GKISBBBI63694/2026,S:P26-
USA/GKISBBBI63694/2026,S:P621S
USA/GKISBBBI63694/2026,S:P681R
USA/GKISBBBI63694/2026,S:Q493E
USA/GKISBBBI63694/2026,S:Q498R
USA/GKISBBBI63694/2026,S:R158G
USA/GKISBBBI63694/2026,S:R403K
USA/GKISBBBI63694/2026,S:R408S
USA/GKISBBBI63694/2026,S:S371F
USA/GKISBBBI63694/2026,S:S373P
USA/GKISBBBI63694/2026,S:S375F
USA/GKISBBBI63694/2026,S:S477N
USA/GKISBBBI63694/2026,S:S939F
USA/GKISBBBI63694/2026,S:T19I
USA/GKISBBBI63694/2026,S:T22N
USA/GKISBBBI63694/2026,S:T376A
USA/GKISBBBI63694/2026,S:V127F
USA/GKISBBBI63694/2026,S:V21T
USA/GKISBBBI63694/2026,S:V445H
USA/GKISBBBI63694/2026,S:V483-
USA/GKISBBBI63694/2026,S:V70-
USA/GKISBBBI63694/2026,S:Y144-
USA/GKISBBBJ56297/2026,S:A264D
USA/GKISBBBJ56297/2026,S:A27S
USA/GKISBBBJ56297/2026,S:A435S
USA/GKISBBBJ56297/2026,S:A475V
USA/GKISBBBJ56297/2026,S:A570V
USA/GKISBBBJ56297/2026,S:D178G
USA/GKISBBBJ56297/2026,S:D405N
USA/GKISBBBJ56297/2026,S:D614G
USA/GKISBBBJ56297/2026,S:D796Y
USA/GKISBBBJ56297/2026,S:E484K
USA/GKISBBBJ56297/2026,S:E554K
USA/GKISBBBJ56297/2026,S:F157S
USA/GKISBBBJ56297/2026,S:F456L
USA/GKISBBBJ56297/2026,S:F486P
USA/GKISBBBJ56297/2026,S:G142D
USA/GKISBBBJ56297/2026,S:G339H
USA/GKISBBBJ56297/2026,S:G446S
USA/GKISBBBJ56297/2026,S:H245N
USA/GKISBBBJ56297/2026,S:H655Y
USA/GKISBBBJ56297/2026,S:H69-
USA/GKISBBBJ56297/2026,S:I332V
USA/GKISBBBJ56297/2026,S:K182R
USA/GKISBBBJ56297/2026,S:K356T
USA/GKISBBBJ56297/2026,S:K417N
USA/GKISBBBJ56297/2026,S:K444R
USA/GKISBBBJ56297/2026,S:L212I
USA/GKISBBBJ56297/2026,S:L216F
USA/GKISBBBJ56297/2026,S:L24-
USA/GKISBBBJ56297/2026,S:L441R
USA/GKISBBBJ56297/2026,S:L452W
USA/GKISBBBJ56297/2026,S:L455S
USA/GKISBBBJ56297/2026,S:N211-
USA/GKISBBBJ56297/2026,S:N440K
USA/GKISBBBJ56297/2026,S:N450D
USA/GKISBBBJ56297/2026,S:N460K
USA/GKISBBBJ56297/2026,S:N481K
USA/GKISBBBJ56297/2026,S:N50L
USA/GKISBBBJ56297/2026,S:N679R
USA/GKISBBBJ56297/2026,S:N764K
USA/GKISBBBJ56297/2026,S:N969K
USA/GKISBBBJ56297/2026,S:P1143L
USA/GKISBBBJ56297/2026,S:P25-
USA/GKISBBBJ56297/2026,S:P26-
USA/GKISBBBJ56297/2026,S:P621S
USA/GKISBBBJ56297/2026,S:P681R
USA/GKISBBBJ56297/2026,S:Q498R
USA/GKISBBBJ56297/2026,S:R158G
USA/GKISBBBJ56297/2026,S:R190S
USA/GKISBBBJ56297/2026,S:R346T
USA/GKISBBBJ56297/2026,S:R403K
USA/GKISBBBJ56297/2026,S:R408S
USA/GKISBBBJ56297/2026,S:S31P
USA/GKISBBBJ56297/2026,S:S371F
USA/GKISBBBJ56297/2026,S:S373P
USA/GKISBBBJ56297/2026,S:S375F
USA/GKISBBBJ56297/2026,S:S477N
USA/GKISBBBJ56297/2026,S:S939F
USA/GKISBBBJ56297/2026,S:T19I
USA/GKISBBBJ56297/2026,S:T22N
USA/GKISBBBJ56297/2026,S:T376A
USA/GKISBBBJ56297/2026,S:T478K
USA/GKISBBBJ56297/2026,S:V127F
USA/GKISBBBJ56297/2026,S:V21T
USA/GKISBBBJ56297/2026,S:V445P
USA/GKISBBBJ56297/2026,S:V483-
USA/GKISBBBJ56297/2026,S:V70-
USA/GKISBBBJ56297/2026,S:Y144-
USA/IL-RIPHL_16200_G/2026,S:A1174V
USA/IL-RIPHL_16200_G/2026,S:A264D
USA/IL-RIPHL_16200_G/2026,S:A27S
USA/IL-RIPHL_16200_G/2026,S:A570V
USA/IL-RIPHL_16200_G/2026,S:D405N
USA/IL-RIPHL_16200_G/2026,S:D614G
USA/IL-RIPHL_16200_G/2026,S:D796Y
USA/IL-RIPHL_16200_G/2026,S:E484K
USA/IL-RIPHL_16200_G/2026,S:E554K
USA/IL-RIPHL_16200_G/2026,S:F157S
USA/IL-RIPHL_16200_G/2026,S:F456L
USA/IL-RIPHL_16200_G/2026,S:F486P
USA/IL-RIPHL_16200_G/2026,S:G142D
USA/IL-RIPHL_16200_G/2026,S:G339H
USA/IL-RIPHL_16200_G/2026,S:G446S
USA/IL-RIPHL_16200_G/2026,S:G946R
USA/IL-RIPHL_16200_G/2026,S:H245N
USA/IL-RIPHL_16200_G/2026,S:H655Y
USA/IL-RIPHL_16200_G/2026,S:H69-
USA/IL-RIPHL_16200_G/2026,S:I332V
USA/IL-RIPHL_16200_G/2026,S:K182R
USA/IL-RIPHL_16200_G/2026,S:K356T
USA/IL-RIPHL_16200_G/2026,S:K417N
USA/IL-RIPHL_16200_G/2026,S:K444R
USA/IL-RIPHL_16200_G/2026,S:L212I
USA/IL-RIPHL_16200_G/2026,S:L216F
USA/IL-RIPHL_16200_G/2026,S:L24-
USA/IL-RIPHL_16200_G/2026,S:L452W
USA/IL-RIPHL_16200_G/2026,S:L455S
USA/IL-RIPHL_16200_G/2026,S:N211-
USA/IL-RIPHL_16200_G/2026,S:N440K
USA/IL-RIPHL_16200_G/2026,S:N450D
USA/IL-RIPHL_16200_G/2026,S:N460K
USA/IL-RIPHL_16200_G/2026,S:N481K
USA/IL-RIPHL_16200_G/2026,S:N50L
USA/IL-RIPHL_16200_G/2026,S:N679K
USA/IL-RIPHL_16200_G/2026,S:N764K
USA/IL-RIPHL_16200_G/2026,S:N969K
USA/IL-RIPHL_16200_G/2026,S:P1143L
USA/IL-RIPHL_16200_G/2026,S:P25-
USA/IL-RIPHL_16200_G/2026,S:P26-
USA/IL-RIPHL_16200_G/2026,S:P621S
USA/IL-RIPHL_16200_G/2026,S:P681R
USA/IL-RIPHL_16200_G/2026,S:Q498R
USA/IL-RIPHL_16200_G/2026,S:R158G
USA/IL-RIPHL_16200_G/2026,S:R190S
USA/IL-RIPHL_16200_G/2026,S:R346T
USA/IL-RIPHL_16200_G/2026,S:R403K
USA/IL-RIPHL_16200_G/2026,S:R408S
USA/IL-RIPHL_16200_G/2026,S:S31P
USA/IL-RIPHL_16200_G/2026,S:S371F
USA/IL-RIPHL_16200_G/2026,S:S373P
USA/IL-RIPHL_16200_G/2026,S:S375F
USA/IL-RIPHL_16200_G/2026,S:S477N
USA/IL-RIPHL_16200_G/2026,S:S939F
USA/IL-RIPHL_16200_G/2026,S:T19I
USA/IL-RIPHL_16200_G/2026,S:T22N
USA/IL-RIPHL_16200_G/2026,S:T376A
USA/IL-RIPHL_16200_G/2026,S:V127F
USA/IL-RIPHL_16200_G/2026,S:V21T
USA/IL-RIPHL_16200_G/2026,S:V445P
USA/IL-RIPHL_16200_G/2026,S:V483-
USA/IL-RIPHL_16200_G/2026,S:V70-
USA/IL-RIPHL_16200_G/2026,S:Y144-
USA/IL-RIPHL_22961_G/2026,S:A264D
USA/IL-RIPHL_22961_G/2026,S:A27S
USA/IL-RIPHL_22961_G/2026,S:A570V
USA/IL-RIPHL_22961_G/2026,S:D405N
USA/IL-RIPHL_22961_G/2026,S:D614G
USA/IL-RIPHL_22961_G/2026,S:D796Y
USA/IL-RIPHL_22961_G/2026,S:E484K
USA/IL-RIPHL_22961_G/2026,S:E554K
USA/IL-RIPHL_22961_G/2026,S:F157S
USA/IL-RIPHL_22961_G/2026,S:F456L
USA/IL-RIPHL_22961_G/2026,S:F486P
USA/IL-RIPHL_22961_G/2026,S:G142D
USA/IL-RIPHL_22961_G/2026,S:G339H
USA/IL-RIPHL_22961_G/2026,S:G446S
USA/IL-RIPHL_22961_G/2026,S:H245N
USA/IL-RIPHL_22961_G/2026,S:H655Y
USA/IL-RIPHL_22961_G/2026,S:H69-
USA/IL-RIPHL_22961_G/2026,S:I332V
USA/IL-RIPHL_22961_G/2026,S:K182R
USA/IL-RIPHL_22961_G/2026,S:K356T
USA/IL-RIPHL_22961_G/2026,S:K417N
USA/IL-RIPHL_22961_G/2026,S:K444R
USA/IL-RIPHL_22961_G/2026,S:K529T
USA/IL-RIPHL_22961_G/2026,S:L212I
USA/IL-RIPHL_22961_G/2026,S:L216F
USA/IL-RIPHL_22961_G/2026,S:L24-
USA/IL-RIPHL_22961_G/2026,S:L452W
USA/IL-RIPHL_22961_G/2026,S:L455S
USA/IL-RIPHL_22961_G/2026,S:N211-
USA/IL-RIPHL_22961_G/2026,S:N440K
USA/IL-RIPHL_22961_G/2026,S:N450D
USA/IL-RIPHL_22961_G/2026,S:N460K
USA/IL-RIPHL_22961_G/2026,S:N481K
USA/IL-RIPHL_22961_G/2026,S:N487D
USA/IL-RIPHL_22961_G/2026,S:N50L
USA/IL-RIPHL_22961_G/2026,S:N679K
USA/IL-RIPHL_22961_G/2026,S:N764K
USA/IL-RIPHL_22961_G/2026,S:N969K
USA/IL-RIPHL_22961_G/2026,S:P1143L
USA/IL-RIPHL_22961_G/2026,S:P25-
USA/IL-RIPHL_22961_G/2026,S:P26-
USA/IL-RIPHL_22961_G/2026,S:P621S
USA/IL-RIPHL_22961_G/2026,S:P681R
USA/IL-RIPHL_22961_G/2026,S:Q493E
USA/IL-RIPHL_22961_G/2026,S:Q498R
USA/IL-RIPHL_22961_G/2026,S:R158G
USA/IL-RIPHL_22961_G/2026,S:R190S
USA/IL-RIPHL_22961_G/2026,S:R346T
USA/IL-RIPHL_22961_G/2026,S:R403K
USA/IL-RIPHL_22961_G/2026,S:R408S
USA/IL-RIPHL_22961_G/2026,S:S31P
USA/IL-RIPHL_22961_G/2026,S:S371F
USA/IL-RIPHL_22961_G/2026,S:S373P
USA/IL-RIPHL_22961_G/2026,S:S375F
USA/IL-RIPHL_22961_G/2026,S:S477N
USA/IL-RIPHL_22961_G/2026,S:S939F
USA/IL-RIPHL_22961_G/2026,S:T19I
USA/IL-RIPHL_22961_G/2026,S:T22N
USA/IL-RIPHL_22961_G/2026,S:T376A
USA/IL-RIPHL_22961_G/2026,S:T478K
USA/IL-RIPHL_22961_G/2026,S:T572I
USA/IL-RIPHL_22961_G/2026,S:T604I
USA/IL-RIPHL_22961_G/2026,S:V1264L
USA/IL-RIPHL_22961_G/2026,S:V127F
USA/IL-RIPHL_22961_G/2026,S:V21T
USA/IL-RIPHL_22961_G/2026,S:V445R
USA/IL-RIPHL_22961_G/2026,S:V483-
USA/IL-RIPHL_22961_G/2026,S:V70-
USA/IL-RIPHL_22961_G/2026,S:Y144-
USA/MD-CDC-QDX43427271/2022,S:A27S
USA/MD-CDC-QDX43427271/2022,S:D405N
USA/MD-CDC-QDX43427271/2022,S:D614G
USA/MD-CDC-QDX43427271/2022,S:D796Y
USA/MD-CDC-QDX43427271/2022,S:E484A
USA/MD-CDC-QDX43427271/2022,S:F486V
USA/MD-CDC-QDX43427271/2022,S:G142D
USA/MD-CDC-QDX43427271/2022,S:G339D
USA/MD-CDC-QDX43427271/2022,S:H655Y
USA/MD-CDC-QDX43427271/2022,S:H69-
USA/MD-CDC-QDX43427271/2022,S:K417N
USA/MD-CDC-QDX43427271/2022,S:K444T
USA/MD-CDC-QDX43427271/2022,S:L24-
USA/MD-CDC-QDX43427271/2022,S:L452R
USA/MD-CDC-QDX43427271/2022,S:N440K
USA/MD-CDC-QDX43427271/2022,S:N460K
USA/MD-CDC-QDX43427271/2022,S:N501Y
USA/MD-CDC-QDX43427271/2022,S:N679K
USA/MD-CDC-QDX43427271/2022,S:N764K
USA/MD-CDC-QDX43427271/2022,S:N969K
USA/MD-CDC-QDX43427271/2022,S:P25-
USA/MD-CDC-QDX43427271/2022,S:P26-
USA/MD-CDC-QDX43427271/2022,S:P681H
USA/MD-CDC-QDX43427271/2022,S:Q498R
USA/MD-CDC-QDX43427271/2022,S:R346T
USA/MD-CDC-QDX43427271/2022,S:R408S
USA/MD-CDC-QDX43427271/2022,S:S371F
USA/MD-CDC-QDX43427271/2022,S:S373P
USA/MD-CDC-QDX43427271/2022,S:S375F
USA/MD-CDC-QDX43427271/2022,S:S477N
USA/MD-CDC-QDX43427271/2022,S:T19I
USA/MD-CDC-QDX43427271/2022,S:T376A
USA/MD-CDC-QDX43427271/2022,S:T478K
USA/MD-CDC-QDX43427271/2022,S:V213G
USA/MD-CDC-QDX43427271/2022,S:V70-
USA/MD-CDC-QDX43427271/2022,S:Y505H
USA/MD-MDH-12441/2025,S:A264D
USA/MD-MDH-12441/2025,S:A27S
USA/MD-MDH-12441/2025,S:A475V
USA/MD-MDH-12441/2025,S:A570V
USA/MD-MDH-12441/2025,S:D405N
USA/MD-MDH-12441/2025,S:D614G
USA/MD-MDH-12441/2025,S:D796Y
USA/MD-MDH-12441/2025,S:E484K
USA/MD-MDH-12441/2025,S:E554K
USA/MD-MDH-12441/2025,S:F157S
USA/MD-MDH-12441/2025,S:F456L
USA/MD-MDH-12441/2025,S:F486P
USA/MD-MDH-12441/2025,S:G142D
USA/MD-MDH-12441/2025,S:G339H
USA/MD-MDH-12441/2025,S:G446S
USA/MD-MDH-12441/2025,S:H245N
USA/MD-MDH-12441/2025,S:H655Y
USA/MD-MDH-12441/2025,S:H69-
USA/MD-MDH-12441/2025,S:I332V
USA/MD-MDH-12441/2025,S:K182R
USA/MD-MDH-12441/2025,S:K356T
USA/MD-MDH-12441/2025,S:K417N
USA/MD-MDH-12441/2025,S:L212I
USA/MD-MDH-12441/2025,S:L216F
USA/MD-MDH-12441/2025,S:L24-
USA/MD-MDH-12441/2025,S:L441R
USA/MD-MDH-12441/2025,S:L452W
USA/MD-MDH-12441/2025,S:L455S
USA/MD-MDH-12441/2025,S:N211-
USA/MD-MDH-12441/2025,S:N440K
USA/MD-MDH-12441/2025,S:N450D
USA/MD-MDH-12441/2025,S:N460K
USA/MD-MDH-12441/2025,S:N481K
USA/MD-MDH-12441/2025,S:N50L
USA/MD-MDH-12441/2025,S:N679K
USA/MD-MDH-12441/2025,S:N764K
USA/MD-MDH-12441/2025,S:N969K
USA/MD-MDH-12441/2025,S:P1143L
USA/MD-MDH-12441/2025,S:P25-
USA/MD-MDH-12441/2025,S:P26-
USA/MD-MDH-12441/2025,S:P621S
USA/MD-MDH-12441/2025,S:P681R
USA/MD-MDH-12441/2025,S:Q498R
USA/MD-MDH-12441/2025,S:R158G
USA/MD-MDH-12441/2025,S:R190S
USA/MD-MDH-12441/2025,S:R346T
USA/MD-MDH-12441/2025,S:R403K
USA/MD-MDH-12441/2025,S:R408S
USA/MD-MDH-12441/2025,S:S31P
USA/MD-MDH-12441/2025,S:S371F
USA/MD-MDH-12441/2025,S:S373P
USA/MD-MDH-12441/2025,S:S375F
USA/MD-MDH-12441/2025,S:S477N
USA/MD-MDH-12441/2025,S:S939F
USA/MD-MDH-12441/2025,S:T19I
USA/MD-MDH-12441/2025,S:T22N
USA/MD-MDH-12441/2025,S:T376A
USA/MD-MDH-12441/2025,S:T478K
USA/MD-MDH-12441/2025,S:T791A
USA/MD-MDH-12441/2025,S:V127F
USA/MD-MDH-12441/2025,S:V21T
USA/MD-MDH-12441/2025,S:V445P
USA/MD-MDH-12441/2025,S:V483-
USA/MD-MDH-12441/2025,S:V70-
USA/MD-MDH-12441/2025,S:Y144-
USA/MD-MDH-12684/2026,S:A264D
USA/MD-MDH-12684/2026,S:A27S
USA/MD-MDH-12684/2026,S:A570V
USA/MD-MDH-12684/2026,S:D405N
USA/MD-MDH-12684/2026,S:D614G
USA/MD-MDH-12684/2026,S:D796Y
USA/MD-MDH-12684/2026,S:E484K
USA/MD-MDH-12684/2026,S:E554K
USA/MD-MDH-12684/2026,S:F157S
USA/MD-MDH-12684/2026,S:F456L
USA/MD-MDH-12684/2026,S:F486P
USA/MD-MDH-12684/2026,S:G142D
USA/MD-MDH-12684/2026,S:G339H
USA/MD-MDH-12684/2026,S:G446S
USA/MD-MDH-12684/2026,S:H245N
USA/MD-MDH-12684/2026,S:H655Y
USA/MD-MDH-12684/2026,S:H69-
USA/MD-MDH-12684/2026,S:I332V
USA/MD-MDH-12684/2026,S:K182R
USA/MD-MDH-12684/2026,S:K356T
USA/MD-MDH-12684/2026,S:K417N
USA/MD-MDH-12684/2026,S:K444R
USA/MD-MDH-12684/2026,S:L212I
USA/MD-MDH-12684/2026,S:L216F
USA/MD-MDH-12684/2026,S:L24-
USA/MD-MDH-12684/2026,S:L452W
USA/MD-MDH-12684/2026,S:L455S
USA/MD-MDH-12684/2026,S:N211-
USA/MD-MDH-12684/2026,S:N440K
USA/MD-MDH-12684/2026,S:N450D
USA/MD-MDH-12684/2026,S:N460K
USA/MD-MDH-12684/2026,S:N481K
USA/MD-MDH-12684/2026,S:N487D
USA/MD-MDH-12684/2026,S:N50L
USA/MD-MDH-12684/2026,S:N679K
USA/MD-MDH-12684/2026,S:N764K
USA/MD-MDH-12684/2026,S:N969K
USA/MD-MDH-12684/2026,S:P1143L
USA/MD-MDH-12684/2026,S:P25-
USA/MD-MDH-12684/2026,S:P26-
USA/MD-MDH-12684/2026,S:P621S
USA/MD-MDH-12684/2026,S:P681R
USA/MD-MDH-12684/2026,S:Q493E
USA/MD-MDH-12684/2026,S:Q498R
USA/MD-MDH-12684/2026,S:R158G
USA/MD-MDH-12684/2026,S:R190S
USA/MD-MDH-12684/2026,S:R346T
USA/MD-MDH-12684/2026,S:R408S
USA/MD-MDH-12684/2026,S:S31P
USA/MD-MDH-12684/2026,S:S371F
USA/MD-MDH-12684/2026,S:S373P
USA/MD-MDH-12684/2026,S:S375F
USA/MD-MDH-12684/2026,S:S477N
USA/MD-MDH-12684/2026,S:S939F
USA/MD-MDH-12684/2026,S:T19I
USA/MD-MDH-12684/2026,S:T22N
USA/MD-MDH-12684/2026,S:T376A
USA/MD-MDH-12684/2026,S:T478K
USA/MD-MDH-12684/2026,S:T572I
USA/MD-MDH-12684/2026,S:V127F
USA/MD-MDH-12684/2026,S:V21T
USA/MD-MDH-12684/2026,S:V445R
USA/MD-MDH-12684/2026,S:V483-
USA/MD-MDH-12684/2026,S:V70-
USA/MD-MDH-12684/2026,S:Y144-
USA/MD-MDH-13202/2026,S:A264D
USA/MD-MDH-13202/2026,S:A27S
USA/MD-MDH-13202/2026,S:A570V
USA/MD-MDH-13202/2026,S:D405N
USA/MD-MDH-13202/2026,S:D614G
USA/MD-MDH-13202/2026,S:D796Y
USA/MD-MDH-13202/2026,S:E156D
USA/MD-MDH-13202/2026,S:E484K
USA/MD-MDH-13202/2026,S:E554K
USA/MD-MDH-13202/2026,S:F157S
USA/MD-MDH-13202/2026,S:F456L
USA/MD-MDH-13202/2026,S:F486P
USA/MD-MDH-13202/2026,S:G142D
USA/MD-MDH-13202/2026,S:G339H
USA/MD-MDH-13202/2026,S:G446S
USA/MD-MDH-13202/2026,S:H245N
USA/MD-MDH-13202/2026,S:H655Y
USA/MD-MDH-13202/2026,S:H69-
USA/MD-MDH-13202/2026,S:I332V
USA/MD-MDH-13202/2026,S:K182R
USA/MD-MDH-13202/2026,S:K356T
USA/MD-MDH-13202/2026,S:K417N
USA/MD-MDH-13202/2026,S:K444R
USA/MD-MDH-13202/2026,S:L212I
USA/MD-MDH-13202/2026,S:L216F
USA/MD-MDH-13202/2026,S:L24-
USA/MD-MDH-13202/2026,S:L452R
USA/MD-MDH-13202/2026,S:L455S
USA/MD-MDH-13202/2026,S:N211-
USA/MD-MDH-13202/2026,S:N440K
USA/MD-MDH-13202/2026,S:N450D
USA/MD-MDH-13202/2026,S:N460K
USA/MD-MDH-13202/2026,S:N481K
USA/MD-MDH-13202/2026,S:N487D
USA/MD-MDH-13202/2026,S:N50L
USA/MD-MDH-13202/2026,S:N679K
USA/MD-MDH-13202/2026,S:N764K
USA/MD-MDH-13202/2026,S:N96D
USA/MD-MDH-13202/2026,S:P1143L
USA/MD-MDH-13202/2026,S:P25-
USA/MD-MDH-13202/2026,S:P26-
USA/MD-MDH-13202/2026,S:P621S
USA/MD-MDH-13202/2026,S:P681R
USA/MD-MDH-13202/2026,S:Q493E
USA/MD-MDH-13202/2026,S:Q498R
USA/MD-MDH-13202/2026,S:R158G
USA/MD-MDH-13202/2026,S:R190S
USA/MD-MDH-13202/2026,S:R346T
USA/MD-MDH-13202/2026,S:R403K
USA/MD-MDH-13202/2026,S:R408S
USA/MD-MDH-13202/2026,S:S31P
USA/MD-MDH-13202/2026,S:S371F
USA/MD-MDH-13202/2026,S:S373P
USA/MD-MDH-13202/2026,S:S375F
USA/MD-MDH-13202/2026,S:S477N
USA/MD-MDH-13202/2026,S:S939F
USA/MD-MDH-13202/2026,S:T19I
USA/MD-MDH-13202/2026,S:T22N
USA/MD-MDH-13202/2026,S:T307I
USA/MD-MDH-13202/2026,S:T376A
USA/MD-MDH-13202/2026,S:T478K
USA/MD-MDH-13202/2026,S:T572I
USA/MD-MDH-13202/2026,S:V127F
USA/MD-MDH-13202/2026,S:V21T
USA/MD-MDH-13202/2026,S:V445P
USA/MD-MDH-13202/2026,S:V483-
USA/MD-MDH-13202/2026,S:V70-
USA/MD-MDH-13202/2026,S:Y144-
USA/MEX-QUE-UW-23012733534/2023,S:A27S
USA/MEX-QUE-UW-23012733534/2023,S:D405N
USA/MEX-QUE-UW-23012733534/2023,S:D614G
USA/MEX-QUE-UW-23012733534/2023,S:D796Y
USA/MEX-QUE-UW-23012733534/2023,S:E484A
USA/MEX-QUE-UW-23012733534/2023,S:F486V
USA/MEX-QUE-UW-23012733534/2023,S:G142D
USA/MEX-QUE-UW-23012733534/2023,S:G339D
USA/MEX-QUE-UW-23012733534/2023,S:H655Y
USA/MEX-QUE-UW-23012733534/2023,S:H69-
USA/MEX-QUE-UW-23012733534/2023,S:K417N
USA/MEX-QUE-UW-23012733534/2023,S:K444T
USA/MEX-QUE-UW-23012733534/2023,S:L24-
USA/MEX-QUE-UW-23012733534/2023,S:L452R
USA/MEX-QUE-UW-23012733534/2023,S:N440K
USA/MEX-QUE-UW-23012733534/2023,S:N460K
USA/MEX-QUE-UW-23012733534/2023,S:N501Y
USA/MEX-QUE-UW-23012733534/2023,S:N679K
USA/MEX-QUE-UW-23012733534/2023,S:N764K
USA/MEX-QUE-UW-23012733534/2023,S:N969K
USA/MEX-QUE-UW-23012733534/2023,S:P25-
USA/MEX-QUE-UW-23012733534/2023,S:P26-
USA/MEX-QUE-UW-23012733534/2023,S:P681H
USA/MEX-QUE-UW-23012733534/2023,S:Q498R
USA/MEX-QUE-UW-23012733534/2023,S:R346T
USA/MEX-QUE-UW-23012733534/2023,S:R408S
USA/MEX-QUE-UW-23012733534/2023,S:S371F
USA/MEX-QUE-UW-23012733534/2023,S:S373P
USA/MEX-QUE-UW-23012733534/2023,S:S375F
USA/MEX-QUE-UW-23012733534/2023,S:S477N
USA/MEX-QUE-UW-23012733534/2023,S:T19I
USA/MEX-QUE-UW-23012733534/2023,S:T376A
USA/MEX-QUE-UW-23012733534/2023,S:T478K
USA/MEX-QUE-UW-23012733534/2023,S:V213G
USA/MEX-QUE-UW-23012733534/2023,S:V70-
USA/MEX-QUE-UW-23012733534/2023,S:Y505H
USA/MI-MDHHS-SC45907/2025,S:A264D
USA/MI-MDHHS-SC45907/2025,S:A27S
USA/MI-MDHHS-SC45907/2025,S:A570V
USA/MI-MDHHS-SC45907/2025,S:D405N
USA/MI-MDHHS-SC45907/2025,S:D614G
USA/MI-MDHHS-SC45907/2025,S:D796Y
USA/MI-MDHHS-SC45907/2025,S:E484K
USA/MI-MDHHS-SC45907/2025,S:E554K
USA/MI-MDHHS-SC45907/2025,S:F157S
USA/MI-MDHHS-SC45907/2025,S:F456L
USA/MI-MDHHS-SC45907/2025,S:F486P
USA/MI-MDHHS-SC45907/2025,S:G142D
USA/MI-MDHHS-SC45907/2025,S:G261V
USA/MI-MDHHS-SC45907/2025,S:G339H
USA/MI-MDHHS-SC45907/2025,S:G446S
USA/MI-MDHHS-SC45907/2025,S:H245N
USA/MI-MDHHS-SC45907/2025,S:H655Y
USA/MI-MDHHS-SC45907/2025,S:H69-
USA/MI-MDHHS-SC45907/2025,S:I332V
USA/MI-MDHHS-SC45907/2025,S:K182R
USA/MI-MDHHS-SC45907/2025,S:K356T
USA/MI-MDHHS-SC45907/2025,S:K417N
USA/MI-MDHHS-SC45907/2025,S:K444R
USA/MI-MDHHS-SC45907/2025,S:L212I
USA/MI-MDHHS-SC45907/2025,S:L216F
USA/MI-MDHHS-SC45907/2025,S:L24-
USA/MI-MDHHS-SC45907/2025,S:L452W
USA/MI-MDHHS-SC45907/2025,S:L455S
USA/MI-MDHHS-SC45907/2025,S:N211-
USA/MI-MDHHS-SC45907/2025,S:N440K
USA/MI-MDHHS-SC45907/2025,S:N450D
USA/MI-MDHHS-SC45907/2025,S:N460K
USA/MI-MDHHS-SC45907/2025,S:N481K
USA/MI-MDHHS-SC45907/2025,S:N487D
USA/MI-MDHHS-SC45907/2025,S:N50L
USA/MI-MDHHS-SC45907/2025,S:N679K
USA/MI-MDHHS-SC45907/2025,S:N764K
USA/MI-MDHHS-SC45907/2025,S:N969K
USA/MI-MDHHS-SC45907/2025,S:P1143L
USA/MI-MDHHS-SC45907/2025,S:P25-
USA/MI-MDHHS-SC45907/2025,S:P26-
USA/MI-MDHHS-SC45907/2025,S:P621S
USA/MI-MDHHS-SC45907/2025,S:P681R
USA/MI-MDHHS-SC45907/2025,S:Q493E
USA/MI-MDHHS-SC45907/2025,S:Q498R
USA/MI-MDHHS-SC45907/2025,S:R158G
USA/MI-MDHHS-SC45907/2025,S:R190S
USA/MI-MDHHS-SC45907/2025,S:R346T
USA/MI-MDHHS-SC45907/2025,S:R403K
USA/MI-MDHHS-SC45907/2025,S:R408S
USA/MI-MDHHS-SC45907/2025,S:S31P
USA/MI-MDHHS-SC45907/2025,S:S371F
USA/MI-MDHHS-SC45907/2025,S:S373P
USA/MI-MDHHS-SC45907/2025,S:S375F
USA/MI-MDHHS-SC45907/2025,S:S477N
USA/MI-MDHHS-SC45907/2025,S:S939F
USA/MI-MDHHS-SC45907/2025,S:T19I
USA/MI-MDHHS-SC45907/2025,S:T22N
USA/MI-MDHHS-SC45907/2025,S:T376A
USA/MI-MDHHS-SC45907/2025,S:T478K
USA/MI-MDHHS-SC45907/2025,S:T572I
USA/MI-MDHHS-SC45907/2025,S:V127F
USA/MI-MDHHS-SC45907/2025,S:V21T
USA/MI-MDHHS-SC45907/2025,S:V445R
USA/MI-MDHHS-SC45907/2025,S:V483-
USA/MI-MDHHS-SC45907/2025,S:V70-
USA/MI-MDHHS-SC45907/2025,S:Y144-
USA/MI-UM-10068976027/2026,S:A264D
USA/MI-UM-10068976027/2026,S:A27S
USA/MI-UM-10068976027/2026,S:A435S
USA/MI-UM-10068976027/2026,S:A475V
USA/MI-UM-10068976027/2026,S:A570V
USA/MI-UM-10068976027/2026,S:D405N
USA/MI-UM-10068976027/2026,S:D614G
USA/MI-UM-10068976027/2026,S:D796Y
USA/MI-UM-10068976027/2026,S:E484K
USA/MI-UM-10068976027/2026,S:E554K
USA/MI-UM-10068976027/2026,S:F157S
USA/MI-UM-10068976027/2026,S:F456L
USA/MI-UM-10068976027/2026,S:F486P
USA/MI-UM-10068976027/2026,S:G142D
USA/MI-UM-10068976027/2026,S:G339H
USA/MI-UM-10068976027/2026,S:G446S
USA/MI-UM-10068976027/2026,S:H245N
USA/MI-UM-10068976027/2026,S:H655Y
USA/MI-UM-10068976027/2026,S:H69-
USA/MI-UM-10068976027/2026,S:I332V
USA/MI-UM-10068976027/2026,S:K182R
USA/MI-UM-10068976027/2026,S:K356T
USA/MI-UM-10068976027/2026,S:K417N
USA/MI-UM-10068976027/2026,S:L212I
USA/MI-UM-10068976027/2026,S:L216F
USA/MI-UM-10068976027/2026,S:L24-
USA/MI-UM-10068976027/2026,S:L441R
USA/MI-UM-10068976027/2026,S:L452W
USA/MI-UM-10068976027/2026,S:L455S
USA/MI-UM-10068976027/2026,S:N211-
USA/MI-UM-10068976027/2026,S:N440K
USA/MI-UM-10068976027/2026,S:N450D
USA/MI-UM-10068976027/2026,S:N460K
USA/MI-UM-10068976027/2026,S:N481K
USA/MI-UM-10068976027/2026,S:N50L
USA/MI-UM-10068976027/2026,S:N679K
USA/MI-UM-10068976027/2026,S:N764K
USA/MI-UM-10068976027/2026,S:N969K
USA/MI-UM-10068976027/2026,S:P1143L
USA/MI-UM-10068976027/2026,S:P25-
USA/MI-UM-10068976027/2026,S:P26-
USA/MI-UM-10068976027/2026,S:P621S
USA/MI-UM-10068976027/2026,S:P681R
USA/MI-UM-10068976027/2026,S:Q498R
USA/MI-UM-10068976027/2026,S:R158G
USA/MI-UM-10068976027/2026,S:R273S
USA/MI-UM-10068976027/2026,S:R346T
USA/MI-UM-10068976027/2026,S:R403K
USA/MI-UM-10068976027/2026,S:R408S
USA/MI-UM-10068976027/2026,S:S31P
USA/MI-UM-10068976027/2026,S:S371F
USA/MI-UM-10068976027/2026,S:S373P
USA/MI-UM-10068976027/2026,S:S375F
USA/MI-UM-10068976027/2026,S:S477N
USA/MI-UM-10068976027/2026,S:S939F
USA/MI-UM-10068976027/2026,S:T19V
USA/MI-UM-10068976027/2026,S:T22N
USA/MI-UM-10068976027/2026,S:T376A
USA/MI-UM-10068976027/2026,S:T791A
USA/MI-UM-10068976027/2026,S:V1264L
USA/MI-UM-10068976027/2026,S:V127F
USA/MI-UM-10068976027/2026,S:V21T
USA/MI-UM-10068976027/2026,S:V445P
USA/MI-UM-10068976027/2026,S:V483-
USA/MI-UM-10068976027/2026,S:V70-
USA/MI-UM-10068976027/2026,S:Y144-
USA/MI-UM-10069197841/2026,S:A264D
USA/MI-UM-10069197841/2026,S:A27S
USA/MI-UM-10069197841/2026,S:A570V
USA/MI-UM-10069197841/2026,S:D405N
USA/MI-UM-10069197841/2026,S:D614G
USA/MI-UM-10069197841/2026,S:D796Y
USA/MI-UM-10069197841/2026,S:E484K
USA/MI-UM-10069197841/2026,S:E554K
USA/MI-UM-10069197841/2026,S:F157S
USA/MI-UM-10069197841/2026,S:F456L
USA/MI-UM-10069197841/2026,S:F486P
USA/MI-UM-10069197841/2026,S:G142D
USA/MI-UM-10069197841/2026,S:G339H
USA/MI-UM-10069197841/2026,S:G446S
USA/MI-UM-10069197841/2026,S:H245N
USA/MI-UM-10069197841/2026,S:H655Y
USA/MI-UM-10069197841/2026,S:H69-
USA/MI-UM-10069197841/2026,S:I332V
USA/MI-UM-10069197841/2026,S:K182R
USA/MI-UM-10069197841/2026,S:K356T
USA/MI-UM-10069197841/2026,S:K417N
USA/MI-UM-10069197841/2026,S:K444R
USA/MI-UM-10069197841/2026,S:L212I
USA/MI-UM-10069197841/2026,S:L216F
USA/MI-UM-10069197841/2026,S:L24-
USA/MI-UM-10069197841/2026,S:L452R
USA/MI-UM-10069197841/2026,S:L455S
USA/MI-UM-10069197841/2026,S:N211-
USA/MI-UM-10069197841/2026,S:N440K
USA/MI-UM-10069197841/2026,S:N450D
USA/MI-UM-10069197841/2026,S:N460K
USA/MI-UM-10069197841/2026,S:N481K
USA/MI-UM-10069197841/2026,S:N487D
USA/MI-UM-10069197841/2026,S:N50L
USA/MI-UM-10069197841/2026,S:N679K
USA/MI-UM-10069197841/2026,S:N764K
USA/MI-UM-10069197841/2026,S:N96D
USA/MI-UM-10069197841/2026,S:P1143L
USA/MI-UM-10069197841/2026,S:P25-
USA/MI-UM-10069197841/2026,S:P26-
USA/MI-UM-10069197841/2026,S:P621S
USA/MI-UM-10069197841/2026,S:P681R
USA/MI-UM-10069197841/2026,S:Q493E
USA/MI-UM-10069197841/2026,S:Q498R
USA/MI-UM-10069197841/2026,S:R158G
USA/MI-UM-10069197841/2026,S:R190S
USA/MI-UM-10069197841/2026,S:R346T
USA/MI-UM-10069197841/2026,S:R403K
USA/MI-UM-10069197841/2026,S:R408S
USA/MI-UM-10069197841/2026,S:S31P
USA/MI-UM-10069197841/2026,S:S371F
USA/MI-UM-10069197841/2026,S:S373P
USA/MI-UM-10069197841/2026,S:S375F
USA/MI-UM-10069197841/2026,S:S477N
USA/MI-UM-10069197841/2026,S:S939F
USA/MI-UM-10069197841/2026,S:T19I
USA/MI-UM-10069197841/2026,S:T22N
USA/MI-UM-10069197841/2026,S:T376A
USA/MI-UM-10069197841/2026,S:T478K
USA/MI-UM-10069197841/2026,S:T572I
USA/MI-UM-10069197841/2026,S:V127F
USA/MI-UM-10069197841/2026,S:V21T
USA/MI-UM-10069197841/2026,S:V445P
USA/MI-UM-10069197841/2026,S:V483-
USA/MI-UM-10069197841/2026,S:V70-
USA/MI-UM-10069197841/2026,S:Y144-
USA/MN-MDH-39361/2023,S:A27S
USA/MN-MDH-39361/2023,S:D405N
USA/MN-MDH-39361/2023,S:D614G
USA/MN-MDH-39361/2023,S:D796Y
USA/MN-MDH-39361/2023,S:E484A
USA/MN-MDH-39361/2023,S:F157L
USA/MN-MDH-39361/2023,S:F456L
USA/MN-MDH-39361/2023,S:F486P
USA/MN-MDH-39361/2023,S:F490S
USA/MN-MDH-39361/2023,S:G142D
USA/MN-MDH-39361/2023,S:G252V
USA/MN-MDH-39361/2023,S:G339H
USA/MN-MDH-39361/2023,S:G446S
USA/MN-MDH-39361/2023,S:H146Q
USA/MN-MDH-39361/2023,S:H655Y
USA/MN-MDH-39361/2023,S:K417N
USA/MN-MDH-39361/2023,S:L24-
USA/MN-MDH-39361/2023,S:L368I
USA/MN-MDH-39361/2023,S:L452R
USA/MN-MDH-39361/2023,S:N440K
USA/MN-MDH-39361/2023,S:N460K
USA/MN-MDH-39361/2023,S:N501Y
USA/MN-MDH-39361/2023,S:N679K
USA/MN-MDH-39361/2023,S:N764K
USA/MN-MDH-39361/2023,S:N969K
USA/MN-MDH-39361/2023,S:P25-
USA/MN-MDH-39361/2023,S:P26-
USA/MN-MDH-39361/2023,S:P681H
USA/MN-MDH-39361/2023,S:Q183E
USA/MN-MDH-39361/2023,S:Q498R
USA/MN-MDH-39361/2023,S:Q52H
USA/MN-MDH-39361/2023,S:R346T
USA/MN-MDH-39361/2023,S:R408S
USA/MN-MDH-39361/2023,S:S371F
USA/MN-MDH-39361/2023,S:S373P
USA/MN-MDH-39361/2023,S:S375F
USA/MN-MDH-39361/2023,S:S477N
USA/MN-MDH-39361/2023,S:T19I
USA/MN-MDH-39361/2023,S:T376A
USA/MN-MDH-39361/2023,S:T478K
USA/MN-MDH-39361/2023,S:V213E
USA/MN-MDH-39361/2023,S:V445P
USA/MN-MDH-39361/2023,S:V83A
USA/MN-MDH-39361/2023,S:Y144-
USA/MN-MDH-39361/2023,S:Y505H
USA/MN-MDH-46438/2025,S:A264D
USA/MN-MDH-46438/2025,S:A27S
USA/MN-MDH-46438/2025,S:A570V
USA/MN-MDH-46438/2025,S:D405N
USA/MN-MDH-46438/2025,S:D614G
USA/MN-MDH-46438/2025,S:D796Y
USA/MN-MDH-46438/2025,S:E484K
USA/MN-MDH-46438/2025,S:E554K
USA/MN-MDH-46438/2025,S:F157S
USA/MN-MDH-46438/2025,S:F456L
USA/MN-MDH-46438/2025,S:F486P
USA/MN-MDH-46438/2025,S:F59S
USA/MN-MDH-46438/2025,S:G142D
USA/MN-MDH-46438/2025,S:G339H
USA/MN-MDH-46438/2025,S:G446S
USA/MN-MDH-46438/2025,S:H245N
USA/MN-MDH-46438/2025,S:H655Y
USA/MN-MDH-46438/2025,S:H69-
USA/MN-MDH-46438/2025,S:I332V
USA/MN-MDH-46438/2025,S:K356T
USA/MN-MDH-46438/2025,S:K417N
USA/MN-MDH-46438/2025,S:L212I
USA/MN-MDH-46438/2025,S:L216F
USA/MN-MDH-46438/2025,S:L24-
USA/MN-MDH-46438/2025,S:L452W
USA/MN-MDH-46438/2025,S:L455S
USA/MN-MDH-46438/2025,S:N211-
USA/MN-MDH-46438/2025,S:N440K
USA/MN-MDH-46438/2025,S:N450D
USA/MN-MDH-46438/2025,S:N460K
USA/MN-MDH-46438/2025,S:N481K
USA/MN-MDH-46438/2025,S:N50L
USA/MN-MDH-46438/2025,S:N679K
USA/MN-MDH-46438/2025,S:N764K
USA/MN-MDH-46438/2025,S:N969K
USA/MN-MDH-46438/2025,S:P1143L
USA/MN-MDH-46438/2025,S:P25-
USA/MN-MDH-46438/2025,S:P26-
USA/MN-MDH-46438/2025,S:P621S
USA/MN-MDH-46438/2025,S:P681R
USA/MN-MDH-46438/2025,S:Q493E
USA/MN-MDH-46438/2025,S:Q498R
USA/MN-MDH-46438/2025,S:R158G
USA/MN-MDH-46438/2025,S:R403K
USA/MN-MDH-46438/2025,S:R408S
USA/MN-MDH-46438/2025,S:S371F
USA/MN-MDH-46438/2025,S:S373P
USA/MN-MDH-46438/2025,S:S375F
USA/MN-MDH-46438/2025,S:S477N
USA/MN-MDH-46438/2025,S:S939F
USA/MN-MDH-46438/2025,S:T19I
USA/MN-MDH-46438/2025,S:T22N
USA/MN-MDH-46438/2025,S:T376A
USA/MN-MDH-46438/2025,S:T478K
USA/MN-MDH-46438/2025,S:V1104L
USA/MN-MDH-46438/2025,S:V127F
USA/MN-MDH-46438/2025,S:V21T
USA/MN-MDH-46438/2025,S:V445H
USA/MN-MDH-46438/2025,S:V483-
USA/MN-MDH-46438/2025,S:V70-
USA/MN-MDH-46438/2025,S:Y144-
USA/MN-MDH-48593/2025,S:A264D
USA/MN-MDH-48593/2025,S:A27S
USA/MN-MDH-48593/2025,S:A570V
USA/MN-MDH-48593/2025,S:D405N
USA/MN-MDH-48593/2025,S:D614G
USA/MN-MDH-48593/2025,S:D796Y
USA/MN-MDH-48593/2025,S:E484K
USA/MN-MDH-48593/2025,S:E554K
USA/MN-MDH-48593/2025,S:F157S
USA/MN-MDH-48593/2025,S:F456L
USA/MN-MDH-48593/2025,S:F486P
USA/MN-MDH-48593/2025,S:G142D
USA/MN-MDH-48593/2025,S:G339H
USA/MN-MDH-48593/2025,S:G446S
USA/MN-MDH-48593/2025,S:H245N
USA/MN-MDH-48593/2025,S:H655Y
USA/MN-MDH-48593/2025,S:H69-
USA/MN-MDH-48593/2025,S:I332V
USA/MN-MDH-48593/2025,S:K182R
USA/MN-MDH-48593/2025,S:K356T
USA/MN-MDH-48593/2025,S:K417N
USA/MN-MDH-48593/2025,S:K444R
USA/MN-MDH-48593/2025,S:L212I
USA/MN-MDH-48593/2025,S:L216F
USA/MN-MDH-48593/2025,S:L24-
USA/MN-MDH-48593/2025,S:L452W
USA/MN-MDH-48593/2025,S:L455S
USA/MN-MDH-48593/2025,S:N211-
USA/MN-MDH-48593/2025,S:N440K
USA/MN-MDH-48593/2025,S:N450D
USA/MN-MDH-48593/2025,S:N460K
USA/MN-MDH-48593/2025,S:N481K
USA/MN-MDH-48593/2025,S:N487D
USA/MN-MDH-48593/2025,S:N50L
USA/MN-MDH-48593/2025,S:N679K
USA/MN-MDH-48593/2025,S:N764K
USA/MN-MDH-48593/2025,S:N969K
USA/MN-MDH-48593/2025,S:P1143L
USA/MN-MDH-48593/2025,S:P25-
USA/MN-MDH-48593/2025,S:P26-
USA/MN-MDH-48593/2025,S:P621S
USA/MN-MDH-48593/2025,S:P681R
USA/MN-MDH-48593/2025,S:Q493E
USA/MN-MDH-48593/2025,S:Q498R
USA/MN-MDH-48593/2025,S:R158G
USA/MN-MDH-48593/2025,S:R190S
USA/MN-MDH-48593/2025,S:R346T
USA/MN-MDH-48593/2025,S:R403K
USA/MN-MDH-48593/2025,S:R408S
USA/MN-MDH-48593/2025,S:S31P
USA/MN-MDH-48593/2025,S:S371F
USA/MN-MDH-48593/2025,S:S373P
USA/MN-MDH-48593/2025,S:S375F
USA/MN-MDH-48593/2025,S:S477N
USA/MN-MDH-48593/2025,S:S680P
USA/MN-MDH-48593/2025,S:S939F
USA/MN-MDH-48593/2025,S:T19I
USA/MN-MDH-48593/2025,S:T22N
USA/MN-MDH-48593/2025,S:T376A
USA/MN-MDH-48593/2025,S:T478K
USA/MN-MDH-48593/2025,S:T572I
USA/MN-MDH-48593/2025,S:V127F
USA/MN-MDH-48593/2025,S:V21T
USA/MN-MDH-48593/2025,S:V445R
USA/MN-MDH-48593/2025,S:V483-
USA/MN-MDH-48593/2025,S:V70-
USA/MN-MDH-48593/2025,S:Y144-
USA/MN-MDH-48805/2025,S:A264D
USA/MN-MDH-48805/2025,S:A27S
USA/MN-MDH-48805/2025,S:A570V
USA/MN-MDH-48805/2025,S:D405N
USA/MN-MDH-48805/2025,S:D614G
USA/MN-MDH-48805/2025,S:D796Y
USA/MN-MDH-48805/2025,S:E484K
USA/MN-MDH-48805/2025,S:E554K
USA/MN-MDH-48805/2025,S:F157S
USA/MN-MDH-48805/2025,S:F456L
USA/MN-MDH-48805/2025,S:F486P
USA/MN-MDH-48805/2025,S:G142D
USA/MN-MDH-48805/2025,S:G339H
USA/MN-MDH-48805/2025,S:G446S
USA/MN-MDH-48805/2025,S:H245N
USA/MN-MDH-48805/2025,S:H655Y
USA/MN-MDH-48805/2025,S:H69-
USA/MN-MDH-48805/2025,S:I332V
USA/MN-MDH-48805/2025,S:K182R
USA/MN-MDH-48805/2025,S:K356T
USA/MN-MDH-48805/2025,S:K417N
USA/MN-MDH-48805/2025,S:K444R
USA/MN-MDH-48805/2025,S:L212I
USA/MN-MDH-48805/2025,S:L216F
USA/MN-MDH-48805/2025,S:L24-
USA/MN-MDH-48805/2025,S:L452R
USA/MN-MDH-48805/2025,S:L455S
USA/MN-MDH-48805/2025,S:N211-
USA/MN-MDH-48805/2025,S:N440K
USA/MN-MDH-48805/2025,S:N450D
USA/MN-MDH-48805/2025,S:N460K
USA/MN-MDH-48805/2025,S:N481K
USA/MN-MDH-48805/2025,S:N487D
USA/MN-MDH-48805/2025,S:N50L
USA/MN-MDH-48805/2025,S:N679K
USA/MN-MDH-48805/2025,S:N764K
USA/MN-MDH-48805/2025,S:N96D
USA/MN-MDH-48805/2025,S:P1143L
USA/MN-MDH-48805/2025,S:P25-
USA/MN-MDH-48805/2025,S:P26-
USA/MN-MDH-48805/2025,S:P621S
USA/MN-MDH-48805/2025,S:P681R
USA/MN-MDH-48805/2025,S:Q493E
USA/MN-MDH-48805/2025,S:Q498R
USA/MN-MDH-48805/2025,S:R158G
USA/MN-MDH-48805/2025,S:R190S
USA/MN-MDH-48805/2025,S:R346T
USA/MN-MDH-48805/2025,S:R403K
USA/MN-MDH-48805/2025,S:R408S
USA/MN-MDH-48805/2025,S:S31P
USA/MN-MDH-48805/2025,S:S371F
USA/MN-MDH-48805/2025,S:S373P
USA/MN-MDH-48805/2025,S:S375F
USA/MN-MDH-48805/2025,S:S477N
USA/MN-MDH-48805/2025,S:S939F
USA/MN-MDH-48805/2025,S:T19I
USA/MN-MDH-48805/2025,S:T22N
USA/MN-MDH-48805/2025,S:T376A
USA/MN-MDH-48805/2025,S:T478K
USA/MN-MDH-48805/2025,S:T572I
USA/MN-MDH-48805/2025,S:V127F
USA/MN-MDH-48805/2025,S:V21T
USA/MN-MDH-48805/2025,S:V445P
USA/MN-MDH-48805/2025,S:V483-
USA/MN-MDH-48805/2025,S:V70-
USA/MN-MDH-48805/2025,S:Y144-
USA/MN-MDH-48931/2025,S:A264D
USA/MN-MDH-48931/2025,S:A27S
USA/MN-MDH-48931/2025,S:A570V
USA/MN-MDH-48931/2025,S:D405N
USA/MN-MDH-48931/2025,S:D614G
USA/MN-MDH-48931/2025,S:D796Y
USA/MN-MDH-48931/2025,S:E484K
USA/MN-MDH-48931/2025,S:E554K
USA/MN-MDH-48931/2025,S:F157S
USA/MN-MDH-48931/2025,S:F456L
USA/MN-MDH-48931/2025,S:F486P
USA/MN-MDH-48931/2025,S:G142D
USA/MN-MDH-48931/2025,S:G339H
USA/MN-MDH-48931/2025,S:G446S
USA/MN-MDH-48931/2025,S:H245N
USA/MN-MDH-48931/2025,S:H655Y
USA/MN-MDH-48931/2025,S:H69-
USA/MN-MDH-48931/2025,S:I332V
USA/MN-MDH-48931/2025,S:K182R
USA/MN-MDH-48931/2025,S:K356T
USA/MN-MDH-48931/2025,S:K417N
USA/MN-MDH-48931/2025,S:L1063F
USA/MN-MDH-48931/2025,S:L212I
USA/MN-MDH-48931/2025,S:L216F
USA/MN-MDH-48931/2025,S:L24-
USA/MN-MDH-48931/2025,S:L452W
USA/MN-MDH-48931/2025,S:L455S
USA/MN-MDH-48931/2025,S:N211-
USA/MN-MDH-48931/2025,S:N440K
USA/MN-MDH-48931/2025,S:N450D
USA/MN-MDH-48931/2025,S:N460K
USA/MN-MDH-48931/2025,S:N481K
USA/MN-MDH-48931/2025,S:N50L
USA/MN-MDH-48931/2025,S:N679R
USA/MN-MDH-48931/2025,S:N764K
USA/MN-MDH-48931/2025,S:N969K
USA/MN-MDH-48931/2025,S:P1143L
USA/MN-MDH-48931/2025,S:P25-
USA/MN-MDH-48931/2025,S:P26-
USA/MN-MDH-48931/2025,S:P621S
USA/MN-MDH-48931/2025,S:P681R
USA/MN-MDH-48931/2025,S:Q493E
USA/MN-MDH-48931/2025,S:Q498R
USA/MN-MDH-48931/2025,S:R158G
USA/MN-MDH-48931/2025,S:R190S
USA/MN-MDH-48931/2025,S:R346T
USA/MN-MDH-48931/2025,S:R403K
USA/MN-MDH-48931/2025,S:R408S
USA/MN-MDH-48931/2025,S:S31P
USA/MN-MDH-48931/2025,S:S371F
USA/MN-MDH-48931/2025,S:S373P
USA/MN-MDH-48931/2025,S:S375F
USA/MN-MDH-48931/2025,S:S477N
USA/MN-MDH-48931/2025,S:S939F
USA/MN-MDH-48931/2025,S:T19I
USA/MN-MDH-48931/2025,S:T22N
USA/MN-MDH-48931/2025,S:T376A
USA/MN-MDH-48931/2025,S:T478E
USA/MN-MDH-48931/2025,S:V1104L
USA/MN-MDH-48931/2025,S:V1264L
USA/MN-MDH-48931/2025,S:V127F
USA/MN-MDH-48931/2025,S:V21T
USA/MN-MDH-48931/2025,S:V445R
USA/MN-MDH-48931/2025,S:V483-
USA/MN-MDH-48931/2025,S:V70-
USA/MN-MDH-48931/2025,S:Y144-
USA/MN-MDH-49658/2026,S:A264D
USA/MN-MDH-49658/2026,S:A27S
USA/MN-MDH-49658/2026,S:A570V
USA/MN-MDH-49658/2026,S:D405N
USA/MN-MDH-49658/2026,S:D614G
USA/MN-MDH-49658/2026,S:D796Y
USA/MN-MDH-49658/2026,S:E484K
USA/MN-MDH-49658/2026,S:E554K
USA/MN-MDH-49658/2026,S:F157S
USA/MN-MDH-49658/2026,S:F456L
USA/MN-MDH-49658/2026,S:F486P
USA/MN-MDH-49658/2026,S:G142D
USA/MN-MDH-49658/2026,S:G339H
USA/MN-MDH-49658/2026,S:G446S
USA/MN-MDH-49658/2026,S:H245N
USA/MN-MDH-49658/2026,S:H655Y
USA/MN-MDH-49658/2026,S:H69-
USA/MN-MDH-49658/2026,S:I332V
USA/MN-MDH-49658/2026,S:K182R
USA/MN-MDH-49658/2026,S:K356T
USA/MN-MDH-49658/2026,S:K417N
USA/MN-MDH-49658/2026,S:K444R
USA/MN-MDH-49658/2026,S:L212I
USA/MN-MDH-49658/2026,S:L216F
USA/MN-MDH-49658/2026,S:L24-
USA/MN-MDH-49658/2026,S:L441I
USA/MN-MDH-49658/2026,S:L452W
USA/MN-MDH-49658/2026,S:L455S
USA/MN-MDH-49658/2026,S:N211-
USA/MN-MDH-49658/2026,S:N440K
USA/MN-MDH-49658/2026,S:N450D
USA/MN-MDH-49658/2026,S:N460K
USA/MN-MDH-49658/2026,S:N481K
USA/MN-MDH-49658/2026,S:N487D
USA/MN-MDH-49658/2026,S:N50L
USA/MN-MDH-49658/2026,S:N679K
USA/MN-MDH-49658/2026,S:N764K
USA/MN-MDH-49658/2026,S:N969K
USA/MN-MDH-49658/2026,S:P1143L
USA/MN-MDH-49658/2026,S:P25-
USA/MN-MDH-49658/2026,S:P26-
USA/MN-MDH-49658/2026,S:P621S
USA/MN-MDH-49658/2026,S:P681R
USA/MN-MDH-49658/2026,S:Q493E
USA/MN-MDH-49658/2026,S:Q498R
USA/MN-MDH-49658/2026,S:R158G
USA/MN-MDH-49658/2026,S:R190S
USA/MN-MDH-49658/2026,S:R346T
USA/MN-MDH-49658/2026,S:R403K
USA/MN-MDH-49658/2026,S:R408S
USA/MN-MDH-49658/2026,S:S31P
USA/MN-MDH-49658/2026,S:S371F
USA/MN-MDH-49658/2026,S:S373P
USA/MN-MDH-49658/2026,S:S375F
USA/MN-MDH-49658/2026,S:S477N
USA/MN-MDH-49658/2026,S:S939F
USA/MN-MDH-49658/2026,S:T19I
USA/MN-MDH-49658/2026,S:T22N
USA/MN-MDH-49658/2026,S:T376A
USA/MN-MDH-49658/2026,S:T478K
USA/MN-MDH-49658/2026,S:T572I
USA/MN-MDH-49658/2026,S:V127F
USA/MN-MDH-49658/2026,S:V21T
USA/MN-MDH-49658/2026,S:V445R
USA/MN-MDH-49658/2026,S:V483-
USA/MN-MDH-49658/2026,S:V70-
USA/MN-MDH-49658/2026,S:Y144-
USA/MN-MDH-49727/2026,S:A264D
USA/MN-MDH-49727/2026,S:A27S
USA/MN-MDH-49727/2026,S:A570V
USA/MN-MDH-49727/2026,S:D405N
USA/MN-MDH-49727/2026,S:D614G
USA/MN-MDH-49727/2026,S:D796Y
USA/MN-MDH-49727/2026,S:E484K
USA/MN-MDH-49727/2026,S:E554K
USA/MN-MDH-49727/2026,S:F157S
USA/MN-MDH-49727/2026,S:F456L
USA/MN-MDH-49727/2026,S:F486P
USA/MN-MDH-49727/2026,S:G142D
USA/MN-MDH-49727/2026,S:G339H
USA/MN-MDH-49727/2026,S:G446S
USA/MN-MDH-49727/2026,S:H245N
USA/MN-MDH-49727/2026,S:H655Y
USA/MN-MDH-49727/2026,S:H69-
USA/MN-MDH-49727/2026,S:I332V
USA/MN-MDH-49727/2026,S:K182R
USA/MN-MDH-49727/2026,S:K356T
USA/MN-MDH-49727/2026,S:K417N
USA/MN-MDH-49727/2026,S:K444R
USA/MN-MDH-49727/2026,S:L212I
USA/MN-MDH-49727/2026,S:L216F
USA/MN-MDH-49727/2026,S:L24-
USA/MN-MDH-49727/2026,S:L452R
USA/MN-MDH-49727/2026,S:L455S
USA/MN-MDH-49727/2026,S:N211-
USA/MN-MDH-49727/2026,S:N440K
USA/MN-MDH-49727/2026,S:N450D
USA/MN-MDH-49727/2026,S:N460K
USA/MN-MDH-49727/2026,S:N481K
USA/MN-MDH-49727/2026,S:N487D
USA/MN-MDH-49727/2026,S:N50L
USA/MN-MDH-49727/2026,S:N679K
USA/MN-MDH-49727/2026,S:N764K
USA/MN-MDH-49727/2026,S:N96D
USA/MN-MDH-49727/2026,S:P1143L
USA/MN-MDH-49727/2026,S:P25-
USA/MN-MDH-49727/2026,S:P26-
USA/MN-MDH-49727/2026,S:P621S
USA/MN-MDH-49727/2026,S:P681R
USA/MN-MDH-49727/2026,S:Q493E
USA/MN-MDH-49727/2026,S:Q498R
USA/MN-MDH-49727/2026,S:R158G
USA/MN-MDH-49727/2026,S:R190S
USA/MN-MDH-49727/2026,S:R346T
USA/MN-MDH-49727/2026,S:R403K
USA/MN-MDH-49727/2026,S:R408S
USA/MN-MDH-49727/2026,S:S31P
USA/MN-MDH-49727/2026,S:S371F
USA/MN-MDH-49727/2026,S:S373P
USA/MN-MDH-49727/2026,S:S375F
USA/MN-MDH-49727/2026,S:S477N
USA/MN-MDH-49727/2026,S:S939F
USA/MN-MDH-49727/2026,S:T19I
USA/MN-MDH-49727/2026,S:T22N
USA/MN-MDH-49727/2026,S:T376A
USA/MN-MDH-49727/2026,S:T478K
USA/MN-MDH-49727/2026,S:T572I
USA/MN-MDH-49727/2026,S:V127F
USA/MN-MDH-49727/2026,S:V21T
USA/MN-MDH-49727/2026,S:V445P
USA/MN-MDH-49727/2026,S:V483-
USA/MN-MDH-49727/2026,S:V70-
USA/MN-MDH-49727/2026,S:Y144-
USA/MN-MDH-49835/2026,S:A264D
USA/MN-MDH-49835/2026,S:A27S
USA/MN-MDH-49835/2026,S:A570V
USA/MN-MDH-49835/2026,S:D405N
USA/MN-MDH-49835/2026,S:D614G
USA/MN-MDH-49835/2026,S:D796Y
USA/MN-MDH-49835/2026,S:E484K
USA/MN-MDH-49835/2026,S:E554K
USA/MN-MDH-49835/2026,S:F157S
USA/MN-MDH-49835/2026,S:F456L
USA/MN-MDH-49835/2026,S:F486P
USA/MN-MDH-49835/2026,S:G142D
USA/MN-MDH-49835/2026,S:G339H
USA/MN-MDH-49835/2026,S:G446S
USA/MN-MDH-49835/2026,S:H245N
USA/MN-MDH-49835/2026,S:H655Y
USA/MN-MDH-49835/2026,S:H69-
USA/MN-MDH-49835/2026,S:I332V
USA/MN-MDH-49835/2026,S:K182R
USA/MN-MDH-49835/2026,S:K356T
USA/MN-MDH-49835/2026,S:K417T
USA/MN-MDH-49835/2026,S:K444R
USA/MN-MDH-49835/2026,S:L212I
USA/MN-MDH-49835/2026,S:L216F
USA/MN-MDH-49835/2026,S:L24-
USA/MN-MDH-49835/2026,S:L335F
USA/MN-MDH-49835/2026,S:L452W
USA/MN-MDH-49835/2026,S:L455S
USA/MN-MDH-49835/2026,S:N211-
USA/MN-MDH-49835/2026,S:N440K
USA/MN-MDH-49835/2026,S:N450D
USA/MN-MDH-49835/2026,S:N460K
USA/MN-MDH-49835/2026,S:N481K
USA/MN-MDH-49835/2026,S:N487D
USA/MN-MDH-49835/2026,S:N50L
USA/MN-MDH-49835/2026,S:N679K
USA/MN-MDH-49835/2026,S:N764K
USA/MN-MDH-49835/2026,S:N969K
USA/MN-MDH-49835/2026,S:P1143L
USA/MN-MDH-49835/2026,S:P25-
USA/MN-MDH-49835/2026,S:P26-
USA/MN-MDH-49835/2026,S:P621S
USA/MN-MDH-49835/2026,S:P681R
USA/MN-MDH-49835/2026,S:Q493E
USA/MN-MDH-49835/2026,S:Q498R
USA/MN-MDH-49835/2026,S:R158G
USA/MN-MDH-49835/2026,S:R190S
USA/MN-MDH-49835/2026,S:R346T
USA/MN-MDH-49835/2026,S:R403K
USA/MN-MDH-49835/2026,S:R408S
USA/MN-MDH-49835/2026,S:S31P
USA/MN-MDH-49835/2026,S:S371F
USA/MN-MDH-49835/2026,S:S373P
USA/MN-MDH-49835/2026,S:S375F
USA/MN-MDH-49835/2026,S:S477N
USA/MN-MDH-49835/2026,S:S939F
USA/MN-MDH-49835/2026,S:T19I
USA/MN-MDH-49835/2026,S:T22N
USA/MN-MDH-49835/2026,S:T376A
USA/MN-MDH-49835/2026,S:T478K
USA/MN-MDH-49835/2026,S:T572I
USA/MN-MDH-49835/2026,S:V127F
USA/MN-MDH-49835/2026,S:V21T
USA/MN-MDH-49835/2026,S:V445R
USA/MN-MDH-49835/2026,S:V483-
USA/MN-MDH-49835/2026,S:V70-
USA/MN-MDH-49835/2026,S:Y144-
USA/MN-MDH-49872/2026,S:A264D
USA/MN-MDH-49872/2026,S:A27S
USA/MN-MDH-49872/2026,S:A570V
USA/MN-MDH-49872/2026,S:D405N
USA/MN-MDH-49872/2026,S:D614G
USA/MN-MDH-49872/2026,S:D796Y
USA/MN-MDH-49872/2026,S:E484K
USA/MN-MDH-49872/2026,S:E554K
USA/MN-MDH-49872/2026,S:F157S
USA/MN-MDH-49872/2026,S:F456L
USA/MN-MDH-49872/2026,S:F486P
USA/MN-MDH-49872/2026,S:G142D
USA/MN-MDH-49872/2026,S:G219S
USA/MN-MDH-49872/2026,S:G339H
USA/MN-MDH-49872/2026,S:G446S
USA/MN-MDH-49872/2026,S:H245N
USA/MN-MDH-49872/2026,S:H655Y
USA/MN-MDH-49872/2026,S:H69-
USA/MN-MDH-49872/2026,S:I332V
USA/MN-MDH-49872/2026,S:K182R
USA/MN-MDH-49872/2026,S:K356T
USA/MN-MDH-49872/2026,S:K417N
USA/MN-MDH-49872/2026,S:K444R
USA/MN-MDH-49872/2026,S:L212I
USA/MN-MDH-49872/2026,S:L216F
USA/MN-MDH-49872/2026,S:L24-
USA/MN-MDH-49872/2026,S:L452W
USA/MN-MDH-49872/2026,S:L455S
USA/MN-MDH-49872/2026,S:N211-
USA/MN-MDH-49872/2026,S:N440K
USA/MN-MDH-49872/2026,S:N450D
USA/MN-MDH-49872/2026,S:N460K
USA/MN-MDH-49872/2026,S:N481K
USA/MN-MDH-49872/2026,S:N487D
USA/MN-MDH-49872/2026,S:N50L
USA/MN-MDH-49872/2026,S:N679R
USA/MN-MDH-49872/2026,S:N764K
USA/MN-MDH-49872/2026,S:N969K
USA/MN-MDH-49872/2026,S:P1143L
USA/MN-MDH-49872/2026,S:P25-
USA/MN-MDH-49872/2026,S:P26-
USA/MN-MDH-49872/2026,S:P621S
USA/MN-MDH-49872/2026,S:P681R
USA/MN-MDH-49872/2026,S:Q493E
USA/MN-MDH-49872/2026,S:Q498R
USA/MN-MDH-49872/2026,S:R158G
USA/MN-MDH-49872/2026,S:R190S
USA/MN-MDH-49872/2026,S:R346T
USA/MN-MDH-49872/2026,S:R403K
USA/MN-MDH-49872/2026,S:R408S
USA/MN-MDH-49872/2026,S:S31P
USA/MN-MDH-49872/2026,S:S371F
USA/MN-MDH-49872/2026,S:S373P
USA/MN-MDH-49872/2026,S:S375F
USA/MN-MDH-49872/2026,S:S477N
USA/MN-MDH-49872/2026,S:S939F
USA/MN-MDH-49872/2026,S:T19I
USA/MN-MDH-49872/2026,S:T22N
USA/MN-MDH-49872/2026,S:T376A
USA/MN-MDH-49872/2026,S:T478K
USA/MN-MDH-49872/2026,S:T572I
USA/MN-MDH-49872/2026,S:V127F
USA/MN-MDH-49872/2026,S:V21T
USA/MN-MDH-49872/2026,S:V445R
USA/MN-MDH-49872/2026,S:V483-
USA/MN-MDH-49872/2026,S:V70-
USA/MN-MDH-49872/2026,S:Y144-
USA/MN-MDH-50065/2026,S:A264D
USA/MN-MDH-50065/2026,S:A27S
USA/MN-MDH-50065/2026,S:A570V
USA/MN-MDH-50065/2026,S:D405N
USA/MN-MDH-50065/2026,S:D614G
USA/MN-MDH-50065/2026,S:D796Y
USA/MN-MDH-50065/2026,S:E484K
USA/MN-MDH-50065/2026,S:E554K
USA/MN-MDH-50065/2026,S:F157S
USA/MN-MDH-50065/2026,S:F456L
USA/MN-MDH-50065/2026,S:F486P
USA/MN-MDH-50065/2026,S:G142D
USA/MN-MDH-50065/2026,S:G339H
USA/MN-MDH-50065/2026,S:G446S
USA/MN-MDH-50065/2026,S:H245N
USA/MN-MDH-50065/2026,S:H655Y
USA/MN-MDH-50065/2026,S:H69-
USA/MN-MDH-50065/2026,S:I332V
USA/MN-MDH-50065/2026,S:K18F
USA/MN-MDH-50065/2026,S:K356T
USA/MN-MDH-50065/2026,S:K417N
USA/MN-MDH-50065/2026,S:K444R
USA/MN-MDH-50065/2026,S:L212I
USA/MN-MDH-50065/2026,S:L216F
USA/MN-MDH-50065/2026,S:L24-
USA/MN-MDH-50065/2026,S:L452R
USA/MN-MDH-50065/2026,S:L455S
USA/MN-MDH-50065/2026,S:N211-
USA/MN-MDH-50065/2026,S:N440K
USA/MN-MDH-50065/2026,S:N450D
USA/MN-MDH-50065/2026,S:N460K
USA/MN-MDH-50065/2026,S:N481K
USA/MN-MDH-50065/2026,S:N487D
USA/MN-MDH-50065/2026,S:N50L
USA/MN-MDH-50065/2026,S:N679K
USA/MN-MDH-50065/2026,S:N764K
USA/MN-MDH-50065/2026,S:N96D
USA/MN-MDH-50065/2026,S:P1143L
USA/MN-MDH-50065/2026,S:P25-
USA/MN-MDH-50065/2026,S:P26-
USA/MN-MDH-50065/2026,S:P621S
USA/MN-MDH-50065/2026,S:P681R
USA/MN-MDH-50065/2026,S:Q493E
USA/MN-MDH-50065/2026,S:Q498R
USA/MN-MDH-50065/2026,S:R158G
USA/MN-MDH-50065/2026,S:R190S
USA/MN-MDH-50065/2026,S:R346T
USA/MN-MDH-50065/2026,S:R403K
USA/MN-MDH-50065/2026,S:R408S
USA/MN-MDH-50065/2026,S:S31P
USA/MN-MDH-50065/2026,S:S371F
USA/MN-MDH-50065/2026,S:S373P
USA/MN-MDH-50065/2026,S:S375F
USA/MN-MDH-50065/2026,S:S477N
USA/MN-MDH-50065/2026,S:S939F
USA/MN-MDH-50065/2026,S:T19I
USA/MN-MDH-50065/2026,S:T22N
USA/MN-MDH-50065/2026,S:T376A
USA/MN-MDH-50065/2026,S:T478K
USA/MN-MDH-50065/2026,S:T572I
USA/MN-MDH-50065/2026,S:V127F
USA/MN-MDH-50065/2026,S:V21T
USA/MN-MDH-50065/2026,S:V445P
USA/MN-MDH-50065/2026,S:V483-
USA/MN-MDH-50065/2026,S:V70-
USA/MN-MDH-50065/2026,S:Y144-
USA/MN-MDH-50082/2026,S:A264D
USA/MN-MDH-50082/2026,S:A27S
USA/MN-MDH-50082/2026,S:A570V
USA/MN-MDH-50082/2026,S:D405N
USA/MN-MDH-50082/2026,S:D614G
USA/MN-MDH-50082/2026,S:D796Y
USA/MN-MDH-50082/2026,S:E484K
USA/MN-MDH-50082/2026,S:E554K
USA/MN-MDH-50082/2026,S:F157S
USA/MN-MDH-50082/2026,S:F456L
USA/MN-MDH-50082/2026,S:F486P
USA/MN-MDH-50082/2026,S:G142D
USA/MN-MDH-50082/2026,S:G339H
USA/MN-MDH-50082/2026,S:G446S
USA/MN-MDH-50082/2026,S:H245N
USA/MN-MDH-50082/2026,S:H655Y
USA/MN-MDH-50082/2026,S:H69-
USA/MN-MDH-50082/2026,S:I332V
USA/MN-MDH-50082/2026,S:K182R
USA/MN-MDH-50082/2026,S:K356T
USA/MN-MDH-50082/2026,S:K417N
USA/MN-MDH-50082/2026,S:K444R
USA/MN-MDH-50082/2026,S:K529T
USA/MN-MDH-50082/2026,S:L212I
USA/MN-MDH-50082/2026,S:L216F
USA/MN-MDH-50082/2026,S:L24-
USA/MN-MDH-50082/2026,S:L452W
USA/MN-MDH-50082/2026,S:L455S
USA/MN-MDH-50082/2026,S:N211-
USA/MN-MDH-50082/2026,S:N440K
USA/MN-MDH-50082/2026,S:N450D
USA/MN-MDH-50082/2026,S:N460K
USA/MN-MDH-50082/2026,S:N481K
USA/MN-MDH-50082/2026,S:N487D
USA/MN-MDH-50082/2026,S:N50L
USA/MN-MDH-50082/2026,S:N679K
USA/MN-MDH-50082/2026,S:N764K
USA/MN-MDH-50082/2026,S:N969K
USA/MN-MDH-50082/2026,S:P1143L
USA/MN-MDH-50082/2026,S:P25-
USA/MN-MDH-50082/2026,S:P26-
USA/MN-MDH-50082/2026,S:P621S
USA/MN-MDH-50082/2026,S:P681R
USA/MN-MDH-50082/2026,S:Q493E
USA/MN-MDH-50082/2026,S:Q498R
USA/MN-MDH-50082/2026,S:R158G
USA/MN-MDH-50082/2026,S:R190S
USA/MN-MDH-50082/2026,S:R346T
USA/MN-MDH-50082/2026,S:R403K
USA/MN-MDH-50082/2026,S:R408S
USA/MN-MDH-50082/2026,S:S31P
USA/MN-MDH-50082/2026,S:S371F
USA/MN-MDH-50082/2026,S:S373P
USA/MN-MDH-50082/2026,S:S375F
USA/MN-MDH-50082/2026,S:S477N
USA/MN-MDH-50082/2026,S:S939F
USA/MN-MDH-50082/2026,S:T19I
USA/MN-MDH-50082/2026,S:T22N
USA/MN-MDH-50082/2026,S:T345S
USA/MN-MDH-50082/2026,S:T376A
USA/MN-MDH-50082/2026,S:T478K
USA/MN-MDH-50082/2026,S:T572I
USA/MN-MDH-50082/2026,S:T604I
USA/MN-MDH-50082/2026,S:V1264L
USA/MN-MDH-50082/2026,S:V127F
USA/MN-MDH-50082/2026,S:V21T
USA/MN-MDH-50082/2026,S:V445R
USA/MN-MDH-50082/2026,S:V483-
USA/MN-MDH-50082/2026,S:V70-
USA/MN-MDH-50082/2026,S:Y144-
USA/MN-MDH-50336/2026,S:A264D
USA/MN-MDH-50336/2026,S:A27S
USA/MN-MDH-50336/2026,S:A570V
USA/MN-MDH-50336/2026,S:D405N
USA/MN-MDH-50336/2026,S:D614G
USA/MN-MDH-50336/2026,S:D796Y
USA/MN-MDH-50336/2026,S:E484K
USA/MN-MDH-50336/2026,S:E554K
USA/MN-MDH-50336/2026,S:F157S
USA/MN-MDH-50336/2026,S:F456L
USA/MN-MDH-50336/2026,S:F486P
USA/MN-MDH-50336/2026,S:G142D
USA/MN-MDH-50336/2026,S:G339H
USA/MN-MDH-50336/2026,S:G446S
USA/MN-MDH-50336/2026,S:H245N
USA/MN-MDH-50336/2026,S:H655Y
USA/MN-MDH-50336/2026,S:H69-
USA/MN-MDH-50336/2026,S:I332V
USA/MN-MDH-50336/2026,S:K182R
USA/MN-MDH-50336/2026,S:K356T
USA/MN-MDH-50336/2026,S:K417N
USA/MN-MDH-50336/2026,S:L212I
USA/MN-MDH-50336/2026,S:L216F
USA/MN-MDH-50336/2026,S:L24-
USA/MN-MDH-50336/2026,S:L441F
USA/MN-MDH-50336/2026,S:L452W
USA/MN-MDH-50336/2026,S:L455S
USA/MN-MDH-50336/2026,S:N211-
USA/MN-MDH-50336/2026,S:N440K
USA/MN-MDH-50336/2026,S:N450D
USA/MN-MDH-50336/2026,S:N460K
USA/MN-MDH-50336/2026,S:N481K
USA/MN-MDH-50336/2026,S:N50L
USA/MN-MDH-50336/2026,S:N679R
USA/MN-MDH-50336/2026,S:N764K
USA/MN-MDH-50336/2026,S:N969K
USA/MN-MDH-50336/2026,S:P1143L
USA/MN-MDH-50336/2026,S:P25-
USA/MN-MDH-50336/2026,S:P26-
USA/MN-MDH-50336/2026,S:P621S
USA/MN-MDH-50336/2026,S:P681R
USA/MN-MDH-50336/2026,S:Q1180R
USA/MN-MDH-50336/2026,S:Q493E
USA/MN-MDH-50336/2026,S:Q498R
USA/MN-MDH-50336/2026,S:R158G
USA/MN-MDH-50336/2026,S:R190S
USA/MN-MDH-50336/2026,S:R346T
USA/MN-MDH-50336/2026,S:R403K
USA/MN-MDH-50336/2026,S:R408S
USA/MN-MDH-50336/2026,S:S31P
USA/MN-MDH-50336/2026,S:S371F
USA/MN-MDH-50336/2026,S:S373P
USA/MN-MDH-50336/2026,S:S375F
USA/MN-MDH-50336/2026,S:S477N
USA/MN-MDH-50336/2026,S:S939F
USA/MN-MDH-50336/2026,S:T19I
USA/MN-MDH-50336/2026,S:T22N
USA/MN-MDH-50336/2026,S:T376A
USA/MN-MDH-50336/2026,S:T478E
USA/MN-MDH-50336/2026,S:V1104L
USA/MN-MDH-50336/2026,S:V1264L
USA/MN-MDH-50336/2026,S:V127F
USA/MN-MDH-50336/2026,S:V21T
USA/MN-MDH-50336/2026,S:V445R
USA/MN-MDH-50336/2026,S:V483-
USA/MN-MDH-50336/2026,S:V70-
USA/MN-MDH-50336/2026,S:Y144-
USA/MN-MDH-50414/2026,S:A264D
USA/MN-MDH-50414/2026,S:A27S
USA/MN-MDH-50414/2026,S:A570V
USA/MN-MDH-50414/2026,S:D405N
USA/MN-MDH-50414/2026,S:D614G
USA/MN-MDH-50414/2026,S:D796Y
USA/MN-MDH-50414/2026,S:E484K
USA/MN-MDH-50414/2026,S:E554K
USA/MN-MDH-50414/2026,S:F157S
USA/MN-MDH-50414/2026,S:F456L
USA/MN-MDH-50414/2026,S:F486P
USA/MN-MDH-50414/2026,S:G142D
USA/MN-MDH-50414/2026,S:G339H
USA/MN-MDH-50414/2026,S:G446S
USA/MN-MDH-50414/2026,S:H245N
USA/MN-MDH-50414/2026,S:H655Y
USA/MN-MDH-50414/2026,S:H69-
USA/MN-MDH-50414/2026,S:I332V
USA/MN-MDH-50414/2026,S:K182R
USA/MN-MDH-50414/2026,S:K356T
USA/MN-MDH-50414/2026,S:K417N
USA/MN-MDH-50414/2026,S:K444R
USA/MN-MDH-50414/2026,S:L212I
USA/MN-MDH-50414/2026,S:L216F
USA/MN-MDH-50414/2026,S:L24-
USA/MN-MDH-50414/2026,S:L452R
USA/MN-MDH-50414/2026,S:L455S
USA/MN-MDH-50414/2026,S:N211-
USA/MN-MDH-50414/2026,S:N440K
USA/MN-MDH-50414/2026,S:N450D
USA/MN-MDH-50414/2026,S:N460K
USA/MN-MDH-50414/2026,S:N481K
USA/MN-MDH-50414/2026,S:N487D
USA/MN-MDH-50414/2026,S:N50L
USA/MN-MDH-50414/2026,S:N679K
USA/MN-MDH-50414/2026,S:N764K
USA/MN-MDH-50414/2026,S:N96D
USA/MN-MDH-50414/2026,S:P1143L
USA/MN-MDH-50414/2026,S:P25-
USA/MN-MDH-50414/2026,S:P26-
USA/MN-MDH-50414/2026,S:P621S
USA/MN-MDH-50414/2026,S:P681R
USA/MN-MDH-50414/2026,S:Q493E
USA/MN-MDH-50414/2026,S:Q498R
USA/MN-MDH-50414/2026,S:R158G
USA/MN-MDH-50414/2026,S:R190S
USA/MN-MDH-50414/2026,S:R346T
USA/MN-MDH-50414/2026,S:R403K
USA/MN-MDH-50414/2026,S:R408S
USA/MN-MDH-50414/2026,S:S31P
USA/MN-MDH-50414/2026,S:S371F
USA/MN-MDH-50414/2026,S:S373P
USA/MN-MDH-50414/2026,S:S375F
USA/MN-MDH-50414/2026,S:S477N
USA/MN-MDH-50414/2026,S:S939F
USA/MN-MDH-50414/2026,S:T19I
USA/MN-MDH-50414/2026,S:T22N
USA/MN-MDH-50414/2026,S:T376A
USA/MN-MDH-50414/2026,S:T478K
USA/MN-MDH-50414/2026,S:T572I
USA/MN-MDH-50414/2026,S:V127F
USA/MN-MDH-50414/2026,S:V21T
USA/MN-MDH-50414/2026,S:V445P
USA/MN-MDH-50414/2026,S:V483-
USA/MN-MDH-50414/2026,S:V70-
USA/MN-MDH-50414/2026,S:Y144-
USA/MN-MDH-50427/2026,S:A264D
USA/MN-MDH-50427/2026,S:A27S
USA/MN-MDH-50427/2026,S:A570V
USA/MN-MDH-50427/2026,S:D405N
USA/MN-MDH-50427/2026,S:D614G
USA/MN-MDH-50427/2026,S:D796Y
USA/MN-MDH-50427/2026,S:E484K
USA/MN-MDH-50427/2026,S:E554K
USA/MN-MDH-50427/2026,S:F157S
USA/MN-MDH-50427/2026,S:F456L
USA/MN-MDH-50427/2026,S:F486P
USA/MN-MDH-50427/2026,S:G142D
USA/MN-MDH-50427/2026,S:G339H
USA/MN-MDH-50427/2026,S:G446S
USA/MN-MDH-50427/2026,S:H245N
USA/MN-MDH-50427/2026,S:H655Y
USA/MN-MDH-50427/2026,S:H69-
USA/MN-MDH-50427/2026,S:I332V
USA/MN-MDH-50427/2026,S:K182R
USA/MN-MDH-50427/2026,S:K356T
USA/MN-MDH-50427/2026,S:K417N
USA/MN-MDH-50427/2026,S:K444R
USA/MN-MDH-50427/2026,S:L212I
USA/MN-MDH-50427/2026,S:L216F
USA/MN-MDH-50427/2026,S:L24-
USA/MN-MDH-50427/2026,S:L335F
USA/MN-MDH-50427/2026,S:L452W
USA/MN-MDH-50427/2026,S:L455S
USA/MN-MDH-50427/2026,S:N211-
USA/MN-MDH-50427/2026,S:N440K
USA/MN-MDH-50427/2026,S:N450D
USA/MN-MDH-50427/2026,S:N460K
USA/MN-MDH-50427/2026,S:N481K
USA/MN-MDH-50427/2026,S:N487D
USA/MN-MDH-50427/2026,S:N50L
USA/MN-MDH-50427/2026,S:N679K
USA/MN-MDH-50427/2026,S:N764K
USA/MN-MDH-50427/2026,S:N969K
USA/MN-MDH-50427/2026,S:P1143L
USA/MN-MDH-50427/2026,S:P25-
USA/MN-MDH-50427/2026,S:P26-
USA/MN-MDH-50427/2026,S:P621S
USA/MN-MDH-50427/2026,S:P681R
USA/MN-MDH-50427/2026,S:Q493E
USA/MN-MDH-50427/2026,S:Q498R
USA/MN-MDH-50427/2026,S:R158G
USA/MN-MDH-50427/2026,S:R190S
USA/MN-MDH-50427/2026,S:R346T
USA/MN-MDH-50427/2026,S:R403K
USA/MN-MDH-50427/2026,S:R408S
USA/MN-MDH-50427/2026,S:S31P
USA/MN-MDH-50427/2026,S:S371F
USA/MN-MDH-50427/2026,S:S373P
USA/MN-MDH-50427/2026,S:S375F
USA/MN-MDH-50427/2026,S:S477N
USA/MN-MDH-50427/2026,S:S939F
USA/MN-MDH-50427/2026,S:T19I
USA/MN-MDH-50427/2026,S:T22N
USA/MN-MDH-50427/2026,S:T376A
USA/MN-MDH-50427/2026,S:T478K
USA/MN-MDH-50427/2026,S:T572I
USA/MN-MDH-50427/2026,S:V127F
USA/MN-MDH-50427/2026,S:V21T
USA/MN-MDH-50427/2026,S:V445R
USA/MN-MDH-50427/2026,S:V483-
USA/MN-MDH-50427/2026,S:V70-
USA/MN-MDH-50427/2026,S:W258R
USA/MN-MDH-50427/2026,S:Y144-
USA/MO-USAFSAM-S24468/2026,S:A264D
USA/MO-USAFSAM-S24468/2026,S:A27S
USA/MO-USAFSAM-S24468/2026,S:A570V
USA/MO-USAFSAM-S24468/2026,S:A688S
USA/MO-USAFSAM-S24468/2026,S:D405N
USA/MO-USAFSAM-S24468/2026,S:D614G
USA/MO-USAFSAM-S24468/2026,S:D796Y
USA/MO-USAFSAM-S24468/2026,S:E484K
USA/MO-USAFSAM-S24468/2026,S:E554K
USA/MO-USAFSAM-S24468/2026,S:F157S
USA/MO-USAFSAM-S24468/2026,S:F456L
USA/MO-USAFSAM-S24468/2026,S:F486P
USA/MO-USAFSAM-S24468/2026,S:G142D
USA/MO-USAFSAM-S24468/2026,S:G339H
USA/MO-USAFSAM-S24468/2026,S:G446S
USA/MO-USAFSAM-S24468/2026,S:H245N
USA/MO-USAFSAM-S24468/2026,S:H655Y
USA/MO-USAFSAM-S24468/2026,S:H69-
USA/MO-USAFSAM-S24468/2026,S:I101T
USA/MO-USAFSAM-S24468/2026,S:I332V
USA/MO-USAFSAM-S24468/2026,S:K356T
USA/MO-USAFSAM-S24468/2026,S:K417N
USA/MO-USAFSAM-S24468/2026,S:L212I
USA/MO-USAFSAM-S24468/2026,S:L216F
USA/MO-USAFSAM-S24468/2026,S:L24-
USA/MO-USAFSAM-S24468/2026,S:L452W
USA/MO-USAFSAM-S24468/2026,S:L455S
USA/MO-USAFSAM-S24468/2026,S:N211-
USA/MO-USAFSAM-S24468/2026,S:N440K
USA/MO-USAFSAM-S24468/2026,S:N450D
USA/MO-USAFSAM-S24468/2026,S:N460K
USA/MO-USAFSAM-S24468/2026,S:N481K
USA/MO-USAFSAM-S24468/2026,S:N50L
USA/MO-USAFSAM-S24468/2026,S:N679R
USA/MO-USAFSAM-S24468/2026,S:N764K
USA/MO-USAFSAM-S24468/2026,S:N969K
USA/MO-USAFSAM-S24468/2026,S:P1143L
USA/MO-USAFSAM-S24468/2026,S:P25-
USA/MO-USAFSAM-S24468/2026,S:P26-
USA/MO-USAFSAM-S24468/2026,S:P621S
USA/MO-USAFSAM-S24468/2026,S:P681R
USA/MO-USAFSAM-S24468/2026,S:Q493E
USA/MO-USAFSAM-S24468/2026,S:Q498R
USA/MO-USAFSAM-S24468/2026,S:R158G
USA/MO-USAFSAM-S24468/2026,S:R403K
USA/MO-USAFSAM-S24468/2026,S:R408S
USA/MO-USAFSAM-S24468/2026,S:S31-
USA/MO-USAFSAM-S24468/2026,S:S371F
USA/MO-USAFSAM-S24468/2026,S:S373P
USA/MO-USAFSAM-S24468/2026,S:S375F
USA/MO-USAFSAM-S24468/2026,S:S477N
USA/MO-USAFSAM-S24468/2026,S:S673T
USA/MO-USAFSAM-S24468/2026,S:S939F
USA/MO-USAFSAM-S24468/2026,S:T19I
USA/MO-USAFSAM-S24468/2026,S:T376N
USA/MO-USAFSAM-S24468/2026,S:T478K
USA/MO-USAFSAM-S24468/2026,S:V1104L
USA/MO-USAFSAM-S24468/2026,S:V127F
USA/MO-USAFSAM-S24468/2026,S:V21T
USA/MO-USAFSAM-S24468/2026,S:V445P
USA/MO-USAFSAM-S24468/2026,S:V483-
USA/MO-USAFSAM-S24468/2026,S:V70-
USA/MO-USAFSAM-S24468/2026,S:Y144-
USA/MO-USAFSAM-S24537/2026,S:A264D
USA/MO-USAFSAM-S24537/2026,S:A27S
USA/MO-USAFSAM-S24537/2026,S:A435S
USA/MO-USAFSAM-S24537/2026,S:A570V
USA/MO-USAFSAM-S24537/2026,S:D405N
USA/MO-USAFSAM-S24537/2026,S:D614G
USA/MO-USAFSAM-S24537/2026,S:D796Y
USA/MO-USAFSAM-S24537/2026,S:E484K
USA/MO-USAFSAM-S24537/2026,S:E554K
USA/MO-USAFSAM-S24537/2026,S:F157S
USA/MO-USAFSAM-S24537/2026,S:F456L
USA/MO-USAFSAM-S24537/2026,S:F486P
USA/MO-USAFSAM-S24537/2026,S:G142D
USA/MO-USAFSAM-S24537/2026,S:G339H
USA/MO-USAFSAM-S24537/2026,S:G446S
USA/MO-USAFSAM-S24537/2026,S:H245N
USA/MO-USAFSAM-S24537/2026,S:H655Y
USA/MO-USAFSAM-S24537/2026,S:H69-
USA/MO-USAFSAM-S24537/2026,S:I332V
USA/MO-USAFSAM-S24537/2026,S:K182R
USA/MO-USAFSAM-S24537/2026,S:K356T
USA/MO-USAFSAM-S24537/2026,S:K417N
USA/MO-USAFSAM-S24537/2026,S:L212I
USA/MO-USAFSAM-S24537/2026,S:L216F
USA/MO-USAFSAM-S24537/2026,S:L24-
USA/MO-USAFSAM-S24537/2026,S:L452W
USA/MO-USAFSAM-S24537/2026,S:L455S
USA/MO-USAFSAM-S24537/2026,S:N211-
USA/MO-USAFSAM-S24537/2026,S:N440K
USA/MO-USAFSAM-S24537/2026,S:N450D
USA/MO-USAFSAM-S24537/2026,S:N460K
USA/MO-USAFSAM-S24537/2026,S:N481K
USA/MO-USAFSAM-S24537/2026,S:N50L
USA/MO-USAFSAM-S24537/2026,S:N679K
USA/MO-USAFSAM-S24537/2026,S:N764K
USA/MO-USAFSAM-S24537/2026,S:N969K
USA/MO-USAFSAM-S24537/2026,S:P1143L
USA/MO-USAFSAM-S24537/2026,S:P25-
USA/MO-USAFSAM-S24537/2026,S:P26-
USA/MO-USAFSAM-S24537/2026,S:P621S
USA/MO-USAFSAM-S24537/2026,S:P681R
USA/MO-USAFSAM-S24537/2026,S:Q493E
USA/MO-USAFSAM-S24537/2026,S:Q498R
USA/MO-USAFSAM-S24537/2026,S:R158G
USA/MO-USAFSAM-S24537/2026,S:R190S
USA/MO-USAFSAM-S24537/2026,S:R346T
USA/MO-USAFSAM-S24537/2026,S:R403K
USA/MO-USAFSAM-S24537/2026,S:R408S
USA/MO-USAFSAM-S24537/2026,S:S31P
USA/MO-USAFSAM-S24537/2026,S:S371F
USA/MO-USAFSAM-S24537/2026,S:S373P
USA/MO-USAFSAM-S24537/2026,S:S375F
USA/MO-USAFSAM-S24537/2026,S:S477N
USA/MO-USAFSAM-S24537/2026,S:S939F
USA/MO-USAFSAM-S24537/2026,S:T19I
USA/MO-USAFSAM-S24537/2026,S:T22N
USA/MO-USAFSAM-S24537/2026,S:T376A
USA/MO-USAFSAM-S24537/2026,S:T478K
USA/MO-USAFSAM-S24537/2026,S:V1104L
USA/MO-USAFSAM-S24537/2026,S:V127F
USA/MO-USAFSAM-S24537/2026,S:V21T
USA/MO-USAFSAM-S24537/2026,S:V445H
USA/MO-USAFSAM-S24537/2026,S:V483-
USA/MO-USAFSAM-S24537/2026,S:V70-
USA/MO-USAFSAM-S24537/2026,S:Y144-
USA/MO-USAFSAM-S24540/2026,S:A264D
USA/MO-USAFSAM-S24540/2026,S:A27S
USA/MO-USAFSAM-S24540/2026,S:A570V
USA/MO-USAFSAM-S24540/2026,S:A688S
USA/MO-USAFSAM-S24540/2026,S:D405N
USA/MO-USAFSAM-S24540/2026,S:D614G
USA/MO-USAFSAM-S24540/2026,S:D796Y
USA/MO-USAFSAM-S24540/2026,S:E484K
USA/MO-USAFSAM-S24540/2026,S:E554K
USA/MO-USAFSAM-S24540/2026,S:F157S
USA/MO-USAFSAM-S24540/2026,S:F456L
USA/MO-USAFSAM-S24540/2026,S:F486P
USA/MO-USAFSAM-S24540/2026,S:G142D
USA/MO-USAFSAM-S24540/2026,S:G339H
USA/MO-USAFSAM-S24540/2026,S:G446S
USA/MO-USAFSAM-S24540/2026,S:H245N
USA/MO-USAFSAM-S24540/2026,S:H655Y
USA/MO-USAFSAM-S24540/2026,S:H69-
USA/MO-USAFSAM-S24540/2026,S:I101T
USA/MO-USAFSAM-S24540/2026,S:I332V
USA/MO-USAFSAM-S24540/2026,S:K356T
USA/MO-USAFSAM-S24540/2026,S:K417N
USA/MO-USAFSAM-S24540/2026,S:L212I
USA/MO-USAFSAM-S24540/2026,S:L216F
USA/MO-USAFSAM-S24540/2026,S:L24-
USA/MO-USAFSAM-S24540/2026,S:L452W
USA/MO-USAFSAM-S24540/2026,S:L455S
USA/MO-USAFSAM-S24540/2026,S:N211-
USA/MO-USAFSAM-S24540/2026,S:N440K
USA/MO-USAFSAM-S24540/2026,S:N450D
USA/MO-USAFSAM-S24540/2026,S:N460K
USA/MO-USAFSAM-S24540/2026,S:N481K
USA/MO-USAFSAM-S24540/2026,S:N50L
USA/MO-USAFSAM-S24540/2026,S:N679R
USA/MO-USAFSAM-S24540/2026,S:N764K
USA/MO-USAFSAM-S24540/2026,S:N969K
USA/MO-USAFSAM-S24540/2026,S:P1143L
USA/MO-USAFSAM-S24540/2026,S:P25-
USA/MO-USAFSAM-S24540/2026,S:P26-
USA/MO-USAFSAM-S24540/2026,S:P621S
USA/MO-USAFSAM-S24540/2026,S:P681R
USA/MO-USAFSAM-S24540/2026,S:Q493E
USA/MO-USAFSAM-S24540/2026,S:Q498R
USA/MO-USAFSAM-S24540/2026,S:R158G
USA/MO-USAFSAM-S24540/2026,S:R403K
USA/MO-USAFSAM-S24540/2026,S:R408S
USA/MO-USAFSAM-S24540/2026,S:S31-
USA/MO-USAFSAM-S24540/2026,S:S371F
USA/MO-USAFSAM-S24540/2026,S:S373P
USA/MO-USAFSAM-S24540/2026,S:S375F
USA/MO-USAFSAM-S24540/2026,S:S477N
USA/MO-USAFSAM-S24540/2026,S:S673T
USA/MO-USAFSAM-S24540/2026,S:S939F
USA/MO-USAFSAM-S24540/2026,S:T19I
USA/MO-USAFSAM-S24540/2026,S:T376N
USA/MO-USAFSAM-S24540/2026,S:T478K
USA/MO-USAFSAM-S24540/2026,S:V1104L
USA/MO-USAFSAM-S24540/2026,S:V127F
USA/MO-USAFSAM-S24540/2026,S:V21T
USA/MO-USAFSAM-S24540/2026,S:V445P
USA/MO-USAFSAM-S24540/2026,S:V483-
USA/MO-USAFSAM-S24540/2026,S:V70-
USA/MO-USAFSAM-S24540/2026,S:Y144-
USA/MO-USAFSAM-S24555/2026,S:A264D
USA/MO-USAFSAM-S24555/2026,S:A27S
USA/MO-USAFSAM-S24555/2026,S:A570V
USA/MO-USAFSAM-S24555/2026,S:A688S
USA/MO-USAFSAM-S24555/2026,S:D405N
USA/MO-USAFSAM-S24555/2026,S:D614G
USA/MO-USAFSAM-S24555/2026,S:D796Y
USA/MO-USAFSAM-S24555/2026,S:E484K
USA/MO-USAFSAM-S24555/2026,S:E554K
USA/MO-USAFSAM-S24555/2026,S:F157S
USA/MO-USAFSAM-S24555/2026,S:F456L
USA/MO-USAFSAM-S24555/2026,S:F486P
USA/MO-USAFSAM-S24555/2026,S:G142D
USA/MO-USAFSAM-S24555/2026,S:G339H
USA/MO-USAFSAM-S24555/2026,S:G446S
USA/MO-USAFSAM-S24555/2026,S:H245N
USA/MO-USAFSAM-S24555/2026,S:H655Y
USA/MO-USAFSAM-S24555/2026,S:H69-
USA/MO-USAFSAM-S24555/2026,S:I101T
USA/MO-USAFSAM-S24555/2026,S:I332V
USA/MO-USAFSAM-S24555/2026,S:K356T
USA/MO-USAFSAM-S24555/2026,S:K417N
USA/MO-USAFSAM-S24555/2026,S:L212I
USA/MO-USAFSAM-S24555/2026,S:L216F
USA/MO-USAFSAM-S24555/2026,S:L24-
USA/MO-USAFSAM-S24555/2026,S:L452W
USA/MO-USAFSAM-S24555/2026,S:L455S
USA/MO-USAFSAM-S24555/2026,S:N211-
USA/MO-USAFSAM-S24555/2026,S:N440K
USA/MO-USAFSAM-S24555/2026,S:N450D
USA/MO-USAFSAM-S24555/2026,S:N460K
USA/MO-USAFSAM-S24555/2026,S:N481K
USA/MO-USAFSAM-S24555/2026,S:N50L
USA/MO-USAFSAM-S24555/2026,S:N679R
USA/MO-USAFSAM-S24555/2026,S:N764K
USA/MO-USAFSAM-S24555/2026,S:N969K
USA/MO-USAFSAM-S24555/2026,S:P1143L
USA/MO-USAFSAM-S24555/2026,S:P25-
USA/MO-USAFSAM-S24555/2026,S:P26-
USA/MO-USAFSAM-S24555/2026,S:P621S
USA/MO-USAFSAM-S24555/2026,S:P681R
USA/MO-USAFSAM-S24555/2026,S:Q493E
USA/MO-USAFSAM-S24555/2026,S:Q498R
USA/MO-USAFSAM-S24555/2026,S:R158G
USA/MO-USAFSAM-S24555/2026,S:R403K
USA/MO-USAFSAM-S24555/2026,S:R408S
USA/MO-USAFSAM-S24555/2026,S:S31-
USA/MO-USAFSAM-S24555/2026,S:S371F
USA/MO-USAFSAM-S24555/2026,S:S373P
USA/MO-USAFSAM-S24555/2026,S:S375F
USA/MO-USAFSAM-S24555/2026,S:S477N
USA/MO-USAFSAM-S24555/2026,S:S673T
USA/MO-USAFSAM-S24555/2026,S:S939F
USA/MO-USAFSAM-S24555/2026,S:T19I
USA/MO-USAFSAM-S24555/2026,S:T376N
USA/MO-USAFSAM-S24555/2026,S:T478K
USA/MO-USAFSAM-S24555/2026,S:V1104L
USA/MO-USAFSAM-S24555/2026,S:V127F
USA/MO-USAFSAM-S24555/2026,S:V21T
USA/MO-USAFSAM-S24555/2026,S:V445P
USA/MO-USAFSAM-S24555/2026,S:V483-
USA/MO-USAFSAM-S24555/2026,S:V70-
USA/MO-USAFSAM-S24555/2026,S:Y144-
USA/NC-CDC-LC0924065/2022,S:A27S
USA/NC-CDC-LC0924065/2022,S:D405N
USA/NC-CDC-LC0924065/2022,S:D614G
USA/NC-CDC-LC0924065/2022,S:D796Y
USA/NC-CDC-LC0924065/2022,S:E484A
USA/NC-CDC-LC0924065/2022,S:F486V
USA/NC-CDC-LC0924065/2022,S:G142D
USA/NC-CDC-LC0924065/2022,S:G339D
USA/NC-CDC-LC0924065/2022,S:H655Y
USA/NC-CDC-LC0924065/2022,S:H69-
USA/NC-CDC-LC0924065/2022,S:K417N
USA/NC-CDC-LC0924065/2022,S:K444T
USA/NC-CDC-LC0924065/2022,S:L24-
USA/NC-CDC-LC0924065/2022,S:L452R
USA/NC-CDC-LC0924065/2022,S:N440K
USA/NC-CDC-LC0924065/2022,S:N460K
USA/NC-CDC-LC0924065/2022,S:N501Y
USA/NC-CDC-LC0924065/2022,S:N679K
USA/NC-CDC-LC0924065/2022,S:N764K
USA/NC-CDC-LC0924065/2022,S:N969K
USA/NC-CDC-LC0924065/2022,S:P25-
USA/NC-CDC-LC0924065/2022,S:P26-
USA/NC-CDC-LC0924065/2022,S:P681H
USA/NC-CDC-LC0924065/2022,S:Q498R
USA/NC-CDC-LC0924065/2022,S:R408S
USA/NC-CDC-LC0924065/2022,S:S371F
USA/NC-CDC-LC0924065/2022,S:S373P
USA/NC-CDC-LC0924065/2022,S:S375F
USA/NC-CDC-LC0924065/2022,S:S477N
USA/NC-CDC-LC0924065/2022,S:T19I
USA/NC-CDC-LC0924065/2022,S:T376A
USA/NC-CDC-LC0924065/2022,S:T478K
USA/NC-CDC-LC0924065/2022,S:V213G
USA/NC-CDC-LC0924065/2022,S:V70-
USA/NC-CDC-LC0924065/2022,S:Y505H
USA/NJ-CDC-LC1126030/2024,S:A264D
USA/NJ-CDC-LC1126030/2024,S:A27S
USA/NJ-CDC-LC1126030/2024,S:A570V
USA/NJ-CDC-LC1126030/2024,S:D405N
USA/NJ-CDC-LC1126030/2024,S:D614G
USA/NJ-CDC-LC1126030/2024,S:D796Y
USA/NJ-CDC-LC1126030/2024,S:E484K
USA/NJ-CDC-LC1126030/2024,S:E554K
USA/NJ-CDC-LC1126030/2024,S:F157S
USA/NJ-CDC-LC1126030/2024,S:F456L
USA/NJ-CDC-LC1126030/2024,S:F486P
USA/NJ-CDC-LC1126030/2024,S:F59S
USA/NJ-CDC-LC1126030/2024,S:G142D
USA/NJ-CDC-LC1126030/2024,S:G339H
USA/NJ-CDC-LC1126030/2024,S:G446S
USA/NJ-CDC-LC1126030/2024,S:H245N
USA/NJ-CDC-LC1126030/2024,S:H655Y
USA/NJ-CDC-LC1126030/2024,S:H69-
USA/NJ-CDC-LC1126030/2024,S:I332V
USA/NJ-CDC-LC1126030/2024,S:K356T
USA/NJ-CDC-LC1126030/2024,S:K417N
USA/NJ-CDC-LC1126030/2024,S:L212I
USA/NJ-CDC-LC1126030/2024,S:L216F
USA/NJ-CDC-LC1126030/2024,S:L24-
USA/NJ-CDC-LC1126030/2024,S:L452W
USA/NJ-CDC-LC1126030/2024,S:L455S
USA/NJ-CDC-LC1126030/2024,S:N211-
USA/NJ-CDC-LC1126030/2024,S:N440K
USA/NJ-CDC-LC1126030/2024,S:N450D
USA/NJ-CDC-LC1126030/2024,S:N460K
USA/NJ-CDC-LC1126030/2024,S:N481K
USA/NJ-CDC-LC1126030/2024,S:N50L
USA/NJ-CDC-LC1126030/2024,S:N679K
USA/NJ-CDC-LC1126030/2024,S:N764K
USA/NJ-CDC-LC1126030/2024,S:N969K
USA/NJ-CDC-LC1126030/2024,S:P1143L
USA/NJ-CDC-LC1126030/2024,S:P25-
USA/NJ-CDC-LC1126030/2024,S:P26-
USA/NJ-CDC-LC1126030/2024,S:P621S
USA/NJ-CDC-LC1126030/2024,S:P681R
USA/NJ-CDC-LC1126030/2024,S:Q493E
USA/NJ-CDC-LC1126030/2024,S:Q498R
USA/NJ-CDC-LC1126030/2024,S:R158G
USA/NJ-CDC-LC1126030/2024,S:R403K
USA/NJ-CDC-LC1126030/2024,S:R408S
USA/NJ-CDC-LC1126030/2024,S:S371F
USA/NJ-CDC-LC1126030/2024,S:S373P
USA/NJ-CDC-LC1126030/2024,S:S375F
USA/NJ-CDC-LC1126030/2024,S:S477N
USA/NJ-CDC-LC1126030/2024,S:S939F
USA/NJ-CDC-LC1126030/2024,S:T19I
USA/NJ-CDC-LC1126030/2024,S:T22N
USA/NJ-CDC-LC1126030/2024,S:T376A
USA/NJ-CDC-LC1126030/2024,S:T478K
USA/NJ-CDC-LC1126030/2024,S:V1104L
USA/NJ-CDC-LC1126030/2024,S:V127F
USA/NJ-CDC-LC1126030/2024,S:V21T
USA/NJ-CDC-LC1126030/2024,S:V445H
USA/NJ-CDC-LC1126030/2024,S:V483-
USA/NJ-CDC-LC1126030/2024,S:V70-
USA/NJ-CDC-LC1126030/2024,S:Y144-
USA/NJ-CDC-QDX32712109/2022,S:D614G
USA/NJ-CDC-QDX32712109/2022,S:D796Y
USA/NJ-CDC-QDX32712109/2022,S:E484A
USA/NJ-CDC-QDX32712109/2022,S:G142-
USA/NJ-CDC-QDX32712109/2022,S:G339D
USA/NJ-CDC-QDX32712109/2022,S:G446S
USA/NJ-CDC-QDX32712109/2022,S:G496S
USA/NJ-CDC-QDX32712109/2022,S:H655Y
USA/NJ-CDC-QDX32712109/2022,S:H69-
USA/NJ-CDC-QDX32712109/2022,S:K417N
USA/NJ-CDC-QDX32712109/2022,S:L212I
USA/NJ-CDC-QDX32712109/2022,S:L981F
USA/NJ-CDC-QDX32712109/2022,S:N211-
USA/NJ-CDC-QDX32712109/2022,S:N440K
USA/NJ-CDC-QDX32712109/2022,S:N501Y
USA/NJ-CDC-QDX32712109/2022,S:N67V
USA/NJ-CDC-QDX32712109/2022,S:N764K
USA/NJ-CDC-QDX32712109/2022,S:N856K
USA/NJ-CDC-QDX32712109/2022,S:N969K
USA/NJ-CDC-QDX32712109/2022,S:P681H
USA/NJ-CDC-QDX32712109/2022,S:Q493R
USA/NJ-CDC-QDX32712109/2022,S:Q498R
USA/NJ-CDC-QDX32712109/2022,S:Q954H
USA/NJ-CDC-QDX32712109/2022,S:R346K
USA/NJ-CDC-QDX32712109/2022,S:S371L
USA/NJ-CDC-QDX32712109/2022,S:S373P
USA/NJ-CDC-QDX32712109/2022,S:S375F
USA/NJ-CDC-QDX32712109/2022,S:S477N
USA/NJ-CDC-QDX32712109/2022,S:T478K
USA/NJ-CDC-QDX32712109/2022,S:T547K
USA/NJ-CDC-QDX32712109/2022,S:T95I
USA/NJ-CDC-QDX32712109/2022,S:V143-
USA/NJ-CDC-QDX32712109/2022,S:V70-
USA/NJ-CDC-QDX32712109/2022,S:Y144-
USA/NJ-CDC-QDX32712109/2022,S:Y145D
USA/NJ-CDC-QDX32712109/2022,S:Y505H
USA/NY-CDC-QDX86114221/2023,S:A27S
USA/NY-CDC-QDX86114221/2023,S:D405N
USA/NY-CDC-QDX86114221/2023,S:D614G
USA/NY-CDC-QDX86114221/2023,S:D796Y
USA/NY-CDC-QDX86114221/2023,S:E484A
USA/NY-CDC-QDX86114221/2023,S:F456L
USA/NY-CDC-QDX86114221/2023,S:F486P
USA/NY-CDC-QDX86114221/2023,S:F490S
USA/NY-CDC-QDX86114221/2023,S:G142D
USA/NY-CDC-QDX86114221/2023,S:G252V
USA/NY-CDC-QDX86114221/2023,S:G339H
USA/NY-CDC-QDX86114221/2023,S:G446S
USA/NY-CDC-QDX86114221/2023,S:H146Q
USA/NY-CDC-QDX86114221/2023,S:H655Y
USA/NY-CDC-QDX86114221/2023,S:K417N
USA/NY-CDC-QDX86114221/2023,S:L24-
USA/NY-CDC-QDX86114221/2023,S:L368I
USA/NY-CDC-QDX86114221/2023,S:L452Q
USA/NY-CDC-QDX86114221/2023,S:L455F
USA/NY-CDC-QDX86114221/2023,S:N440K
USA/NY-CDC-QDX86114221/2023,S:N460K
USA/NY-CDC-QDX86114221/2023,S:N501Y
USA/NY-CDC-QDX86114221/2023,S:N679K
USA/NY-CDC-QDX86114221/2023,S:N764K
USA/NY-CDC-QDX86114221/2023,S:N969K
USA/NY-CDC-QDX86114221/2023,S:P25-
USA/NY-CDC-QDX86114221/2023,S:P26-
USA/NY-CDC-QDX86114221/2023,S:P681H
USA/NY-CDC-QDX86114221/2023,S:Q183E
USA/NY-CDC-QDX86114221/2023,S:Q498R
USA/NY-CDC-QDX86114221/2023,S:Q52H
USA/NY-CDC-QDX86114221/2023,S:R346T
USA/NY-CDC-QDX86114221/2023,S:R408S
USA/NY-CDC-QDX86114221/2023,S:S371F
USA/NY-CDC-QDX86114221/2023,S:S373P
USA/NY-CDC-QDX86114221/2023,S:S375F
USA/NY-CDC-QDX86114221/2023,S:S477N
USA/NY-CDC-QDX86114221/2023,S:T19I
USA/NY-CDC-QDX86114221/2023,S:T376A
USA/NY-CDC-QDX86114221/2023,S:T478K
USA/NY-CDC-QDX86114221/2023,S:V213E
USA/NY-CDC-QDX86114221/2023,S:V445P
USA/NY-CDC-QDX86114221/2023,S:V83A
USA/NY-CDC-QDX86114221/2023,S:Y144-
USA/NY-CDC-QDX86114221/2023,S:Y505H
USA/NY-PRL-231117_82G12/2023,S:A27S
USA/NY-PRL-231117_82G12/2023,S:A522E
USA/NY-PRL-231117_82G12/2023,S:D405N
USA/NY-PRL-231117_82G12/2023,S:D614G
USA/NY-PRL-231117_82G12/2023,S:D796Y
USA/NY-PRL-231117_82G12/2023,S:E180V
USA/NY-PRL-231117_82G12/2023,S:E484A
USA/NY-PRL-231117_82G12/2023,S:F486P
USA/NY-PRL-231117_82G12/2023,S:F490S
USA/NY-PRL-231117_82G12/2023,S:G142D
USA/NY-PRL-231117_82G12/2023,S:G252V
USA/NY-PRL-231117_82G12/2023,S:G339H
USA/NY-PRL-231117_82G12/2023,S:G446S
USA/NY-PRL-231117_82G12/2023,S:H146Q
USA/NY-PRL-231117_82G12/2023,S:H655Y
USA/NY-PRL-231117_82G12/2023,S:K304Q
USA/NY-PRL-231117_82G12/2023,S:K417N
USA/NY-PRL-231117_82G12/2023,S:L24-
USA/NY-PRL-231117_82G12/2023,S:L368I
USA/NY-PRL-231117_82G12/2023,S:N440K
USA/NY-PRL-231117_82G12/2023,S:N460K
USA/NY-PRL-231117_82G12/2023,S:N501Y
USA/NY-PRL-231117_82G12/2023,S:N679K
USA/NY-PRL-231117_82G12/2023,S:N764K
USA/NY-PRL-231117_82G12/2023,S:N969K
USA/NY-PRL-231117_82G12/2023,S:P25-
USA/NY-PRL-231117_82G12/2023,S:P26-
USA/NY-PRL-231117_82G12/2023,S:P681H
USA/NY-PRL-231117_82G12/2023,S:Q183E
USA/NY-PRL-231117_82G12/2023,S:Q498R
USA/NY-PRL-231117_82G12/2023,S:R346T
USA/NY-PRL-231117_82G12/2023,S:R408S
USA/NY-PRL-231117_82G12/2023,S:S371F
USA/NY-PRL-231117_82G12/2023,S:S373P
USA/NY-PRL-231117_82G12/2023,S:S375F
USA/NY-PRL-231117_82G12/2023,S:S477N
USA/NY-PRL-231117_82G12/2023,S:T19I
USA/NY-PRL-231117_82G12/2023,S:T376A
USA/NY-PRL-231117_82G12/2023,S:T478R
USA/NY-PRL-231117_82G12/2023,S:V213E
USA/NY-PRL-231117_82G12/2023,S:V445P
USA/NY-PRL-231117_82G12/2023,S:V83A
USA/NY-PRL-231117_82G12/2023,S:Y144-
USA/NY-PRL-231117_82G12/2023,S:Y505H
USA/NY-PRL-240702_82A10/2024,S:A264D
USA/NY-PRL-240702_82A10/2024,S:A27S
USA/NY-PRL-240702_82A10/2024,S:A570V
USA/NY-PRL-240702_82A10/2024,S:D405N
USA/NY-PRL-240702_82A10/2024,S:D614G
USA/NY-PRL-240702_82A10/2024,S:D796Y
USA/NY-PRL-240702_82A10/2024,S:E484K
USA/NY-PRL-240702_82A10/2024,S:E554K
USA/NY-PRL-240702_82A10/2024,S:F157S
USA/NY-PRL-240702_82A10/2024,S:F456L
USA/NY-PRL-240702_82A10/2024,S:F486P
USA/NY-PRL-240702_82A10/2024,S:G142D
USA/NY-PRL-240702_82A10/2024,S:G339H
USA/NY-PRL-240702_82A10/2024,S:G446S
USA/NY-PRL-240702_82A10/2024,S:H245N
USA/NY-PRL-240702_82A10/2024,S:H655Y
USA/NY-PRL-240702_82A10/2024,S:H69-
USA/NY-PRL-240702_82A10/2024,S:I332V
USA/NY-PRL-240702_82A10/2024,S:K356T
USA/NY-PRL-240702_82A10/2024,S:K417N
USA/NY-PRL-240702_82A10/2024,S:L212I
USA/NY-PRL-240702_82A10/2024,S:L216F
USA/NY-PRL-240702_82A10/2024,S:L24-
USA/NY-PRL-240702_82A10/2024,S:L452W
USA/NY-PRL-240702_82A10/2024,S:L455S
USA/NY-PRL-240702_82A10/2024,S:N211-
USA/NY-PRL-240702_82A10/2024,S:N440K
USA/NY-PRL-240702_82A10/2024,S:N450D
USA/NY-PRL-240702_82A10/2024,S:N460K
USA/NY-PRL-240702_82A10/2024,S:N481K
USA/NY-PRL-240702_82A10/2024,S:N50L
USA/NY-PRL-240702_82A10/2024,S:N679K
USA/NY-PRL-240702_82A10/2024,S:N764K
USA/NY-PRL-240702_82A10/2024,S:N969K
USA/NY-PRL-240702_82A10/2024,S:P1143L
USA/NY-PRL-240702_82A10/2024,S:P25-
USA/NY-PRL-240702_82A10/2024,S:P26-
USA/NY-PRL-240702_82A10/2024,S:P621S
USA/NY-PRL-240702_82A10/2024,S:P681R
USA/NY-PRL-240702_82A10/2024,S:Q498R
USA/NY-PRL-240702_82A10/2024,S:R158G
USA/NY-PRL-240702_82A10/2024,S:R346T
USA/NY-PRL-240702_82A10/2024,S:R403K
USA/NY-PRL-240702_82A10/2024,S:R408S
USA/NY-PRL-240702_82A10/2024,S:S31-
USA/NY-PRL-240702_82A10/2024,S:S371F
USA/NY-PRL-240702_82A10/2024,S:S373P
USA/NY-PRL-240702_82A10/2024,S:S375F
USA/NY-PRL-240702_82A10/2024,S:S477N
USA/NY-PRL-240702_82A10/2024,S:S939F
USA/NY-PRL-240702_82A10/2024,S:T19I
USA/NY-PRL-240702_82A10/2024,S:T376A
USA/NY-PRL-240702_82A10/2024,S:T478K
USA/NY-PRL-240702_82A10/2024,S:V1104L
USA/NY-PRL-240702_82A10/2024,S:V127F
USA/NY-PRL-240702_82A10/2024,S:V21T
USA/NY-PRL-240702_82A10/2024,S:V445H
USA/NY-PRL-240702_82A10/2024,S:V483-
USA/NY-PRL-240702_82A10/2024,S:V70-
USA/NY-PRL-240702_82A10/2024,S:Y144-
USA/NY-PRL-250422_83A10/2025,S:A264D
USA/NY-PRL-250422_83A10/2025,S:A27S
USA/NY-PRL-250422_83A10/2025,S:A570V
USA/NY-PRL-250422_83A10/2025,S:D405N
USA/NY-PRL-250422_83A10/2025,S:D614G
USA/NY-PRL-250422_83A10/2025,S:D796Y
USA/NY-PRL-250422_83A10/2025,S:E484K
USA/NY-PRL-250422_83A10/2025,S:E554K
USA/NY-PRL-250422_83A10/2025,S:F157S
USA/NY-PRL-250422_83A10/2025,S:F186L
USA/NY-PRL-250422_83A10/2025,S:F456L
USA/NY-PRL-250422_83A10/2025,S:F486P
USA/NY-PRL-250422_83A10/2025,S:G142D
USA/NY-PRL-250422_83A10/2025,S:G339H
USA/NY-PRL-250422_83A10/2025,S:G446S
USA/NY-PRL-250422_83A10/2025,S:H245N
USA/NY-PRL-250422_83A10/2025,S:H655Y
USA/NY-PRL-250422_83A10/2025,S:H69-
USA/NY-PRL-250422_83A10/2025,S:I332V
USA/NY-PRL-250422_83A10/2025,S:K1086R
USA/NY-PRL-250422_83A10/2025,S:K356T
USA/NY-PRL-250422_83A10/2025,S:K417N
USA/NY-PRL-250422_83A10/2025,S:L212I
USA/NY-PRL-250422_83A10/2025,S:L216F
USA/NY-PRL-250422_83A10/2025,S:L24-
USA/NY-PRL-250422_83A10/2025,S:L452W
USA/NY-PRL-250422_83A10/2025,S:L455S
USA/NY-PRL-250422_83A10/2025,S:N211-
USA/NY-PRL-250422_83A10/2025,S:N440K
USA/NY-PRL-250422_83A10/2025,S:N450D
USA/NY-PRL-250422_83A10/2025,S:N460K
USA/NY-PRL-250422_83A10/2025,S:N481K
USA/NY-PRL-250422_83A10/2025,S:N50L
USA/NY-PRL-250422_83A10/2025,S:N679K
USA/NY-PRL-250422_83A10/2025,S:N764K
USA/NY-PRL-250422_83A10/2025,S:N969K
USA/NY-PRL-250422_83A10/2025,S:P1143L
USA/NY-PRL-250422_83A10/2025,S:P25-
USA/NY-PRL-250422_83A10/2025,S:P26-
USA/NY-PRL-250422_83A10/2025,S:P621S
USA/NY-PRL-250422_83A10/2025,S:P681R
USA/NY-PRL-250422_83A10/2025,S:Q493E
USA/NY-PRL-250422_83A10/2025,S:Q498R
USA/NY-PRL-250422_83A10/2025,S:R158G
USA/NY-PRL-250422_83A10/2025,S:R190S
USA/NY-PRL-250422_83A10/2025,S:R346T
USA/NY-PRL-250422_83A10/2025,S:R403K
USA/NY-PRL-250422_83A10/2025,S:R408S
USA/NY-PRL-250422_83A10/2025,S:S31-
USA/NY-PRL-250422_83A10/2025,S:S371F
USA/NY-PRL-250422_83A10/2025,S:S373P
USA/NY-PRL-250422_83A10/2025,S:S375F
USA/NY-PRL-250422_83A10/2025,S:S477N
USA/NY-PRL-250422_83A10/2025,S:S939F
USA/NY-PRL-250422_83A10/2025,S:T19I
USA/NY-PRL-250422_83A10/2025,S:T376A
USA/NY-PRL-250422_83A10/2025,S:T478K
USA/NY-PRL-250422_83A10/2025,S:V1104L
USA/NY-PRL-250422_83A10/2025,S:V127F
USA/NY-PRL-250422_83A10/2025,S:V21T
USA/NY-PRL-250422_83A10/2025,S:V445R
USA/NY-PRL-250422_83A10/2025,S:V483-
USA/NY-PRL-250422_83A10/2025,S:V70-
USA/NY-PRL-250422_83A10/2025,S:Y144-
USA/RISHL26COV016/2025,S:A264D
USA/RISHL26COV016/2025,S:A27S
USA/RISHL26COV016/2025,S:A570V
USA/RISHL26COV016/2025,S:D405N
USA/RISHL26COV016/2025,S:D614G
USA/RISHL26COV016/2025,S:D796Y
USA/RISHL26COV016/2025,S:E484K
USA/RISHL26COV016/2025,S:E554K
USA/RISHL26COV016/2025,S:F157S
USA/RISHL26COV016/2025,S:F456L
USA/RISHL26COV016/2025,S:F486P
USA/RISHL26COV016/2025,S:G142D
USA/RISHL26COV016/2025,S:G339H
USA/RISHL26COV016/2025,S:G446S
USA/RISHL26COV016/2025,S:H245N
USA/RISHL26COV016/2025,S:H655Y
USA/RISHL26COV016/2025,S:H69-
USA/RISHL26COV016/2025,S:I332V
USA/RISHL26COV016/2025,S:K182R
USA/RISHL26COV016/2025,S:K356T
USA/RISHL26COV016/2025,S:K417N
USA/RISHL26COV016/2025,S:K444R
USA/RISHL26COV016/2025,S:L212I
USA/RISHL26COV016/2025,S:L216F
USA/RISHL26COV016/2025,S:L24-
USA/RISHL26COV016/2025,S:L452W
USA/RISHL26COV016/2025,S:L455S
USA/RISHL26COV016/2025,S:N211-
USA/RISHL26COV016/2025,S:N440K
USA/RISHL26COV016/2025,S:N450D
USA/RISHL26COV016/2025,S:N460K
USA/RISHL26COV016/2025,S:N481K
USA/RISHL26COV016/2025,S:N487D
USA/RISHL26COV016/2025,S:N50L
USA/RISHL26COV016/2025,S:N679K
USA/RISHL26COV016/2025,S:N764K
USA/RISHL26COV016/2025,S:N969K
USA/RISHL26COV016/2025,S:P1143L
USA/RISHL26COV016/2025,S:P25-
USA/RISHL26COV016/2025,S:P26-
USA/RISHL26COV016/2025,S:P621S
USA/RISHL26COV016/2025,S:P681R
USA/RISHL26COV016/2025,S:Q493E
USA/RISHL26COV016/2025,S:Q498R
USA/RISHL26COV016/2025,S:R158G
USA/RISHL26COV016/2025,S:R190S
USA/RISHL26COV016/2025,S:R346T
USA/RISHL26COV016/2025,S:R403K
USA/RISHL26COV016/2025,S:R408S
USA/RISHL26COV016/2025,S:S31P
USA/RISHL26COV016/2025,S:S371F
USA/RISHL26COV016/2025,S:S373P
USA/RISHL26COV016/2025,S:S375F
USA/RISHL26COV016/2025,S:S477N
USA/RISHL26COV016/2025,S:S680F
USA/RISHL26COV016/2025,S:S939F
USA/RISHL26COV016/2025,S:T19I
USA/RISHL26COV016/2025,S:T22N
USA/RISHL26COV016/2025,S:T376A
USA/RISHL26COV016/2025,S:T478K
USA/RISHL26COV016/2025,S:T572I
USA/RISHL26COV016/2025,S:V127F
USA/RISHL26COV016/2025,S:V21T
USA/RISHL26COV016/2025,S:V445R
USA/RISHL26COV016/2025,S:V483-
USA/RISHL26COV016/2025,S:V70-
USA/RISHL26COV016/2025,S:Y144-
USA/RISHL26COV041/2025,S:A263S
USA/RISHL26COV041/2025,S:A264D
USA/RISHL26COV041/2025,S:A27S
USA/RISHL26COV041/2025,S:A570V
USA/RISHL26COV041/2025,S:A958S
USA/RISHL26COV041/2025,S:D405N
USA/RISHL26COV041/2025,S:D614G
USA/RISHL26COV041/2025,S:D796Y
USA/RISHL26COV041/2025,S:E484K
USA/RISHL26COV041/2025,S:E554K
USA/RISHL26COV041/2025,S:F157S
USA/RISHL26COV041/2025,S:F456L
USA/RISHL26COV041/2025,S:F486P
USA/RISHL26COV041/2025,S:G142D
USA/RISHL26COV041/2025,S:G339H
USA/RISHL26COV041/2025,S:G446S
USA/RISHL26COV041/2025,S:H245N
USA/RISHL26COV041/2025,S:H655Y
USA/RISHL26COV041/2025,S:H69-
USA/RISHL26COV041/2025,S:I332V
USA/RISHL26COV041/2025,S:K182R
USA/RISHL26COV041/2025,S:K356T
USA/RISHL26COV041/2025,S:K417N
USA/RISHL26COV041/2025,S:K444R
USA/RISHL26COV041/2025,S:L212I
USA/RISHL26COV041/2025,S:L216F
USA/RISHL26COV041/2025,S:L24-
USA/RISHL26COV041/2025,S:L452W
USA/RISHL26COV041/2025,S:L455S
USA/RISHL26COV041/2025,S:N211-
USA/RISHL26COV041/2025,S:N440K
USA/RISHL26COV041/2025,S:N450D
USA/RISHL26COV041/2025,S:N460K
USA/RISHL26COV041/2025,S:N481K
USA/RISHL26COV041/2025,S:N487D
USA/RISHL26COV041/2025,S:N50L
USA/RISHL26COV041/2025,S:N679K
USA/RISHL26COV041/2025,S:N764K
USA/RISHL26COV041/2025,S:N969K
USA/RISHL26COV041/2025,S:P1143L
USA/RISHL26COV041/2025,S:P25-
USA/RISHL26COV041/2025,S:P26-
USA/RISHL26COV041/2025,S:P621S
USA/RISHL26COV041/2025,S:P681R
USA/RISHL26COV041/2025,S:Q493E
USA/RISHL26COV041/2025,S:Q498R
USA/RISHL26COV041/2025,S:R158G
USA/RISHL26COV041/2025,S:R190S
USA/RISHL26COV041/2025,S:R346T
USA/RISHL26COV041/2025,S:R403K
USA/RISHL26COV041/2025,S:R408S
USA/RISHL26COV041/2025,S:S31P
USA/RISHL26COV041/2025,S:S371F
USA/RISHL26COV041/2025,S:S373P
USA/RISHL26COV041/2025,S:S375F
USA/RISHL26COV041/2025,S:S477N
USA/RISHL26COV041/2025,S:S939F
USA/RISHL26COV041/2025,S:T19I
USA/RISHL26COV041/2025,S:T22N
USA/RISHL26COV041/2025,S:T376A
USA/RISHL26COV041/2025,S:T478K
USA/RISHL26COV041/2025,S:T572I
USA/RISHL26COV041/2025,S:V127F
USA/RISHL26COV041/2025,S:V21T
USA/RISHL26COV041/2025,S:V445R
USA/RISHL26COV041/2025,S:V483-
USA/RISHL26COV041/2025,S:V70-
USA/RISHL26COV041/2025,S:Y144-
USA/TX-CDC-STM-EAPMXBQBN/2022,S:A27S
USA/TX-CDC-STM-EAPMXBQBN/2022,S:D405N
USA/TX-CDC-STM-EAPMXBQBN/2022,S:D614G
USA/TX-CDC-STM-EAPMXBQBN/2022,S:D796Y
USA/TX-CDC-STM-EAPMXBQBN/2022,S:E484A
USA/TX-CDC-STM-EAPMXBQBN/2022,S:F486V
USA/TX-CDC-STM-EAPMXBQBN/2022,S:G142D
USA/TX-CDC-STM-EAPMXBQBN/2022,S:G339D
USA/TX-CDC-STM-EAPMXBQBN/2022,S:H655Y
USA/TX-CDC-STM-EAPMXBQBN/2022,S:H69-
USA/TX-CDC-STM-EAPMXBQBN/2022,S:K417N
USA/TX-CDC-STM-EAPMXBQBN/2022,S:K97T
USA/TX-CDC-STM-EAPMXBQBN/2022,S:L24-
USA/TX-CDC-STM-EAPMXBQBN/2022,S:L452R
USA/TX-CDC-STM-EAPMXBQBN/2022,S:N440K
USA/TX-CDC-STM-EAPMXBQBN/2022,S:N501Y
USA/TX-CDC-STM-EAPMXBQBN/2022,S:N679K
USA/TX-CDC-STM-EAPMXBQBN/2022,S:N764K
USA/TX-CDC-STM-EAPMXBQBN/2022,S:N969K
USA/TX-CDC-STM-EAPMXBQBN/2022,S:P25-
USA/TX-CDC-STM-EAPMXBQBN/2022,S:P26-
USA/TX-CDC-STM-EAPMXBQBN/2022,S:P681H
USA/TX-CDC-STM-EAPMXBQBN/2022,S:Q498R
USA/TX-CDC-STM-EAPMXBQBN/2022,S:R408S
USA/TX-CDC-STM-EAPMXBQBN/2022,S:S371F
USA/TX-CDC-STM-EAPMXBQBN/2022,S:S373P
USA/TX-CDC-STM-EAPMXBQBN/2022,S:S375F
USA/TX-CDC-STM-EAPMXBQBN/2022,S:S477N
USA/TX-CDC-STM-EAPMXBQBN/2022,S:T19I
USA/TX-CDC-STM-EAPMXBQBN/2022,S:T376A
USA/TX-CDC-STM-EAPMXBQBN/2022,S:T478K
USA/TX-CDC-STM-EAPMXBQBN/2022,S:V213G
USA/TX-CDC-STM-EAPMXBQBN/2022,S:V70-
USA/TX-CDC-STM-EAPMXBQBN/2022,S:Y505H
USA/TX-DSHS-1576/2020,S:D614G
USA/UT-UPHL-260130083630/2026,S:A264D
USA/UT-UPHL-260130083630/2026,S:A27S
USA/UT-UPHL-260130083630/2026,S:A570V
USA/UT-UPHL-260130083630/2026,S:D405N
USA/UT-UPHL-260130083630/2026,S:D614G
USA/UT-UPHL-260130083630/2026,S:D796Y
USA/UT-UPHL-260130083630/2026,S:E484K
USA/UT-UPHL-260130083630/2026,S:E554K
USA/UT-UPHL-260130083630/2026,S:F157S
USA/UT-UPHL-260130083630/2026,S:F456L
USA/UT-UPHL-260130083630/2026,S:F486P
USA/UT-UPHL-260130083630/2026,S:G142D
USA/UT-UPHL-260130083630/2026,S:G339H
USA/UT-UPHL-260130083630/2026,S:G446S
USA/UT-UPHL-260130083630/2026,S:H245N
USA/UT-UPHL-260130083630/2026,S:H655Y
USA/UT-UPHL-260130083630/2026,S:H69-
USA/UT-UPHL-260130083630/2026,S:I101T
USA/UT-UPHL-260130083630/2026,S:I332V
USA/UT-UPHL-260130083630/2026,S:K356T
USA/UT-UPHL-260130083630/2026,S:K417N
USA/UT-UPHL-260130083630/2026,S:L212I
USA/UT-UPHL-260130083630/2026,S:L216F
USA/UT-UPHL-260130083630/2026,S:L24-
USA/UT-UPHL-260130083630/2026,S:L452W
USA/UT-UPHL-260130083630/2026,S:L455S
USA/UT-UPHL-260130083630/2026,S:N211-
USA/UT-UPHL-260130083630/2026,S:N440K
USA/UT-UPHL-260130083630/2026,S:N450D
USA/UT-UPHL-260130083630/2026,S:N460K
USA/UT-UPHL-260130083630/2026,S:N481K
USA/UT-UPHL-260130083630/2026,S:N50L
USA/UT-UPHL-260130083630/2026,S:N679R
USA/UT-UPHL-260130083630/2026,S:N764K
USA/UT-UPHL-260130083630/2026,S:N969K
USA/UT-UPHL-260130083630/2026,S:P1143L
USA/UT-UPHL-260130083630/2026,S:P25-
USA/UT-UPHL-260130083630/2026,S:P26-
USA/UT-UPHL-260130083630/2026,S:P621S
USA/UT-UPHL-260130083630/2026,S:P681R
USA/UT-UPHL-260130083630/2026,S:Q493E
USA/UT-UPHL-260130083630/2026,S:Q498R
USA/UT-UPHL-260130083630/2026,S:R158G
USA/UT-UPHL-260130083630/2026,S:R403K
USA/UT-UPHL-260130083630/2026,S:R408S
USA/UT-UPHL-260130083630/2026,S:S31-
USA/UT-UPHL-260130083630/2026,S:S371F
USA/UT-UPHL-260130083630/2026,S:S373P
USA/UT-UPHL-260130083630/2026,S:S375F
USA/UT-UPHL-260130083630/2026,S:S477N
USA/UT-UPHL-260130083630/2026,S:S673T
USA/UT-UPHL-260130083630/2026,S:S939F
USA/UT-UPHL-260130083630/2026,S:T19I
USA/UT-UPHL-260130083630/2026,S:T376N
USA/UT-UPHL-260130083630/2026,S:T478K
USA/UT-UPHL-260130083630/2026,S:V1104L
USA/UT-UPHL-260130083630/2026,S:V127F
USA/UT-UPHL-260130083630/2026,S:V21T
USA/UT-UPHL-260130083630/2026,S:V445P
USA/UT-UPHL-260130083630/2026,S:V483-
USA/UT-UPHL-260130083630/2026,S:V70-
USA/UT-UPHL-260130083630/2026,S:Y144-
USA/UT-UPHL-260417872183/2026,S:A264D
USA/UT-UPHL-260417872183/2026,S:A27S
USA/UT-UPHL-260417872183/2026,S:A570V
USA/UT-UPHL-260417872183/2026,S:D405N
USA/UT-UPHL-260417872183/2026,S:D614G
USA/UT-UPHL-260417872183/2026,S:D796Y
USA/UT-UPHL-260417872183/2026,S:E484K
USA/UT-UPHL-260417872183/2026,S:E554K
USA/UT-UPHL-260417872183/2026,S:F157S
USA/UT-UPHL-260417872183/2026,S:F456L
USA/UT-UPHL-260417872183/2026,S:F486P
USA/UT-UPHL-260417872183/2026,S:G142D
USA/UT-UPHL-260417872183/2026,S:G339H
USA/UT-UPHL-260417872183/2026,S:G446S
USA/UT-UPHL-260417872183/2026,S:H245N
USA/UT-UPHL-260417872183/2026,S:H655Y
USA/UT-UPHL-260417872183/2026,S:H69-
USA/UT-UPHL-260417872183/2026,S:I101T
USA/UT-UPHL-260417872183/2026,S:I332V
USA/UT-UPHL-260417872183/2026,S:K356T
USA/UT-UPHL-260417872183/2026,S:K417N
USA/UT-UPHL-260417872183/2026,S:L212I
USA/UT-UPHL-260417872183/2026,S:L216F
USA/UT-UPHL-260417872183/2026,S:L24-
USA/UT-UPHL-260417872183/2026,S:L452W
USA/UT-UPHL-260417872183/2026,S:L455S
USA/UT-UPHL-260417872183/2026,S:N211-
USA/UT-UPHL-260417872183/2026,S:N440K
USA/UT-UPHL-260417872183/2026,S:N450D
USA/UT-UPHL-260417872183/2026,S:N460K
USA/UT-UPHL-260417872183/2026,S:N481K
USA/UT-UPHL-260417872183/2026,S:N50L
USA/UT-UPHL-260417872183/2026,S:N679R
USA/UT-UPHL-260417872183/2026,S:N764K
USA/UT-UPHL-260417872183/2026,S:N969K
USA/UT-UPHL-260417872183/2026,S:P1143L
USA/UT-UPHL-260417872183/2026,S:P25-
USA/UT-UPHL-260417872183/2026,S:P26-
USA/UT-UPHL-260417872183/2026,S:P621S
USA/UT-UPHL-260417872183/2026,S:P681R
USA/UT-UPHL-260417872183/2026,S:Q493E
USA/UT-UPHL-260417872183/2026,S:Q498R
USA/UT-UPHL-260417872183/2026,S:R158G
USA/UT-UPHL-260417872183/2026,S:R403K
USA/UT-UPHL-260417872183/2026,S:R408S
USA/UT-UPHL-260417872183/2026,S:S31-
USA/UT-UPHL-260417872183/2026,S:S371F
USA/UT-UPHL-260417872183/2026,S:S373P
USA/UT-UPHL-260417872183/2026,S:S375F
USA/UT-UPHL-260417872183/2026,S:S477N
USA/UT-UPHL-260417872183/2026,S:S673T
USA/UT-UPHL-260417872183/2026,S:S939F
USA/UT-UPHL-260417872183/2026,S:T19I
USA/UT-UPHL-260417872183/2026,S:T376N
USA/UT-UPHL-260417872183/2026,S:T478K
USA/UT-UPHL-260417872183/2026,S:V1104L
USA/UT-UPHL-260417872183/2026,S:V127F
USA/UT-UPHL-260417872183/2026,S:V21T
USA/UT-UPHL-260417872183/2026,S:V445P
USA/UT-UPHL-260417872183/2026,S:V483-
USA/UT-UPHL-260417872183/2026,S:V70-
USA/UT-UPHL-260417872183/2026,S:Y144-
UZB/UZB-1465/2022,S:D614G
UZB/UZB-1465/2022,S:D796Y
UZB/UZB-1465/2022,S:E484A
UZB/UZB-1465/2022,S:G142-
UZB/UZB-1465/2022,S:G339D
UZB/UZB-1465/2022,S:G446S
UZB/UZB-1465/2022,S:G496S
UZB/UZB-1465/2022,S:H655Y
UZB/UZB-1465/2022,S:H69-
UZB/UZB-1465/2022,S:K417N
UZB/UZB-1465/2022,S:L212I
UZB/UZB-1465/2022,S:L455S
UZB/UZB-1465/2022,S:L981F
UZB/UZB-1465/2022,S:N211-
UZB/UZB-1465/2022,S:N440K
UZB/UZB-1465/2022,S:N501Y
UZB/UZB-1465/2022,S:N67V
UZB/UZB-1465/2022,S:N764K
UZB/UZB-1465/2022,S:N856K
UZB/UZB-1465/2022,S:N969K
UZB/UZB-1465/2022,S:P681H
UZB/UZB-1465/2022,S:Q493R
UZB/UZB-1465/2022,S:Q498R
UZB/UZB-1465/2022,S:Q954H
UZB/UZB-1465/2022,S:R346K
UZB/UZB-1465/2022,S:S151I
UZB/UZB-1465/2022,S:S371L
UZB/UZB-1465/2022,S:S373P
UZB/UZB-1465/2022,S:S375F
UZB/UZB-1465/2022,S:S477N
UZB/UZB-1465/2022,S:T478K
UZB/UZB-1465/2022,S:T547K
UZB/UZB-1465/2022,S:T95I
UZB/UZB-1465/2022,S:V143-
UZB/UZB-1465/2022,S:V70-
UZB/UZB-1465/2022,S:Y144-
UZB/UZB-1465/2022,S:Y145D
UZB/UZB-1465/2022,S:Y505H
UZB/hCoV-19-Uzb-CGB-25/2020,S:D839G
UZB/hCoV-19-Uzb-CGB-25/2020,S:D950H
UZB/hCoV-19-Uzb-CGB-25/2020,S:E96D
UZB/hCoV-19-Uzb-CGB-25/2020,S:W258L
VEN/Bol4720/2021,S:D138Y
VEN/Bol4720/2021,S:D614G
VEN/Bol4720/2021,S:E484K
VEN/Bol4720/2021,S:H655Y
VEN/Bol4720/2021,S:K417T
VEN/Bol4720/2021,S:L18F
VEN/Bol4720/2021,S:N501Y
VEN/Bol4720/2021,S:P26S
VEN/Bol4720/2021,S:Q675H
VEN/Bol4720/2021,S:R190S
VEN/Bol4720/2021,S:T1027I
VEN/Bol4720/2021,S:T20N
VEN/Bol4720/2021,S:V1176F
VEN/Dtt17/2021,S:D138Y
VEN/Dtt17/2021,S:D614G
VEN/Dtt17/2021,S:E484K
VEN/Dtt17/2021,S:H655Y
VEN/Dtt17/2021,S:K417T
VEN/Dtt17/2021,S:L18F
VEN/Dtt17/2021,S:N501Y
VEN/Dtt17/2021,S:P26S
VEN/Dtt17/2021,S:R190S
VEN/Dtt17/2021,S:T1027I
VEN/Dtt17/2021,S:T20N
VEN/Dtt17/2021,S:V1176F
VEN/Dtt24/2021,S:D138Y
VEN/Dtt24/2021,S:D614G
VEN/Dtt24/2021,S:E484K
VEN/Dtt24/2021,S:H655Y
VEN/Dtt24/2021,S:K417T
VEN/Dtt24/2021,S:L18F
VEN/Dtt24/2021,S:N501Y
VEN/Dtt24/2021,S:P26S
VEN/Dtt24/2021,S:R190S
VEN/Dtt24/2021,S:T1027I
VEN/Dtt24/2021,S:T20N
VEN/Dtt24/2021,S:V1176F
VEN/Mir17/2021,S:D138Y
VEN/Mir17/2021,S:D614G
VEN/Mir17/2021,S:E484K
VEN/Mir17/2021,S:H655Y
VEN/Mir17/2021,S:K417T
VEN/Mir17/2021,S:L18F
VEN/Mir17/2021,S:N501Y
VEN/Mir17/2021,S:P26S
VEN/Mir17/2021,S:R190S
VEN/Mir17/2021,S:T1027I
VEN/Mir17/2021,S:T20N
VEN/Mir17/2021,S:V1176F
VEN/Mir17/2021,S:V120L
VNM/HCMC_497/2021,S:A222V
VNM/HCMC_497/2021,S:D614G
VNM/HCMC_497/2021,S:D950N
VNM/HCMC_497/2021,S:E156-
VNM/HCMC_497/2021,S:F157-
VNM/HCMC_497/2021,S:G142D
VNM/HCMC_497/2021,S:L452R
VNM/HCMC_497/2021,S:P681R
VNM/HCMC_497/2021,S:R158G
VNM/HCMC_497/2021,S:T19R
VNM/HCMC_497/2021,S:T478K
VNM/NHTD-OUCRU4126/2023,S:A27S
VNM/NHTD-OUCRU4126/2023,S:D405N
VNM/NHTD-OUCRU4126/2023,S:D614G
VNM/NHTD-OUCRU4126/2023,S:D796Y
VNM/NHTD-OUCRU4126/2023,S:E281D
VNM/NHTD-OUCRU4126/2023,S:E484A
VNM/NHTD-OUCRU4126/2023,S:F486P
VNM/NHTD-OUCRU4126/2023,S:F490S
VNM/NHTD-OUCRU4126/2023,S:G142D
VNM/NHTD-OUCRU4126/2023,S:G252V
VNM/NHTD-OUCRU4126/2023,S:G339H
VNM/NHTD-OUCRU4126/2023,S:G446S
VNM/NHTD-OUCRU4126/2023,S:H146Q
VNM/NHTD-OUCRU4126/2023,S:H655Y
VNM/NHTD-OUCRU4126/2023,S:K417N
VNM/NHTD-OUCRU4126/2023,S:L24-
VNM/NHTD-OUCRU4126/2023,S:L368I
VNM/NHTD-OUCRU4126/2023,S:N440K
VNM/NHTD-OUCRU4126/2023,S:N460K
VNM/NHTD-OUCRU4126/2023,S:N501Y
VNM/NHTD-OUCRU4126/2023,S:N679K
VNM/NHTD-OUCRU4126/2023,S:N764K
VNM/NHTD-OUCRU4126/2023,S:N969K
VNM/NHTD-OUCRU4126/2023,S:P25-
VNM/NHTD-OUCRU4126/2023,S:P26-
VNM/NHTD-OUCRU4126/2023,S:P681H
VNM/NHTD-OUCRU4126/2023,S:Q183E
VNM/NHTD-OUCRU4126/2023,S:Q498R
VNM/NHTD-OUCRU4126/2023,S:R346T
VNM/NHTD-OUCRU4126/2023,S:R408S
VNM/NHTD-OUCRU4126/2023,S:S371F
VNM/NHTD-OUCRU4126/2023,S:S373P
VNM/NHTD-OUCRU4126/2023,S:S375F
VNM/NHTD-OUCRU4126/2023,S:S477N
VNM/NHTD-OUCRU4126/2023,S:T19I
VNM/NHTD-OUCRU4126/2023,S:T376A
VNM/NHTD-OUCRU4126/2023,S:T478K
VNM/NHTD-OUCRU4126/2023,S:V213E
VNM/NHTD-OUCRU4126/2023,S:V445S
VNM/NHTD-OUCRU4126/2023,S:V83A
VNM/NHTD-OUCRU4126/2023,S:Y144-
VNM/NHTD-OUCRU4126/2023,S:Y505H
VNM/OUCRU-NHTD3110/2022,S:A27S
VNM/OUCRU-NHTD3110/2022,S:D405N
VNM/OUCRU-NHTD3110/2022,S:D614G
VNM/OUCRU-NHTD3110/2022,S:D796Y
VNM/OUCRU-NHTD3110/2022,S:E484A
VNM/OUCRU-NHTD3110/2022,S:G142D
VNM/OUCRU-NHTD3110/2022,S:G339D
VNM/OUCRU-NHTD3110/2022,S:H655Y
VNM/OUCRU-NHTD3110/2022,S:K417N
VNM/OUCRU-NHTD3110/2022,S:L24-
VNM/OUCRU-NHTD3110/2022,S:N440K
VNM/OUCRU-NHTD3110/2022,S:N501Y
VNM/OUCRU-NHTD3110/2022,S:N679K
VNM/OUCRU-NHTD3110/2022,S:N764K
VNM/OUCRU-NHTD3110/2022,S:N969K
VNM/OUCRU-NHTD3110/2022,S:P25-
VNM/OUCRU-NHTD3110/2022,S:P26-
VNM/OUCRU-NHTD3110/2022,S:P681H
VNM/OUCRU-NHTD3110/2022,S:Q493R
VNM/OUCRU-NHTD3110/2022,S:Q498R
VNM/OUCRU-NHTD3110/2022,S:R408S
VNM/OUCRU-NHTD3110/2022,S:S371F
VNM/OUCRU-NHTD3110/2022,S:S373P
VNM/OUCRU-NHTD3110/2022,S:S375F
VNM/OUCRU-NHTD3110/2022,S:S477N
VNM/OUCRU-NHTD3110/2022,S:T19I
VNM/OUCRU-NHTD3110/2022,S:T376A
VNM/OUCRU-NHTD3110/2022,S:T478K
VNM/OUCRU-NHTD3110/2022,S:V213G
VNM/OUCRU-NHTD3110/2022,S:Y505H
VNM/OUCRU-NHTD538/2022,S:A222V
VNM/OUCRU-NHTD538/2022,S:D614G
VNM/OUCRU-NHTD538/2022,S:D950N
VNM/OUCRU-NHTD538/2022,S:E156-
VNM/OUCRU-NHTD538/2022,S:F157-
VNM/OUCRU-NHTD538/2022,S:G142D
VNM/OUCRU-NHTD538/2022,S:L452R
VNM/OUCRU-NHTD538/2022,S:P681R
VNM/OUCRU-NHTD538/2022,S:R158G
VNM/OUCRU-NHTD538/2022,S:T19R
VNM/OUCRU-NHTD538/2022,S:T478K
ZAF/97-Day1/2023,S:A27S
ZAF/97-Day1/2023,S:D405N
ZAF/97-Day1/2023,S:D614G
ZAF/97-Day1/2023,S:D796Y
ZAF/97-Day1/2023,S:E484A
ZAF/97-Day1/2023,S:F486P
ZAF/97-Day1/2023,S:F490S
ZAF/97-Day1/2023,S:G142D
ZAF/97-Day1/2023,S:G252V
ZAF/97-Day1/2023,S:G339H
ZAF/97-Day1/2023,S:G446S
ZAF/97-Day1/2023,S:H146Q
ZAF/97-Day1/2023,S:H655Y
ZAF/97-Day1/2023,S:K417N
ZAF/97-Day1/2023,S:L24-
ZAF/97-Day1/2023,S:L368I
ZAF/97-Day1/2023,S:N440K
ZAF/97-Day1/2023,S:N460K
ZAF/97-Day1/2023,S:N5F
ZAF/97-Day1/2023,S:N679K
ZAF/97-Day1/2023,S:N764K
ZAF/97-Day1/2023,S:N969K
ZAF/97-Day1/2023,S:P25-
ZAF/97-Day1/2023,S:P26-
ZAF/97-Day1/2023,S:P681H
ZAF/97-Day1/2023,S:Q183E
ZAF/97-Day1/2023,S:Q498R
ZAF/97-Day1/2023,S:R346T
ZAF/97-Day1/2023,S:R408S
ZAF/97-Day1/2023,S:S371F
ZAF/97-Day1/2023,S:S373P
ZAF/97-Day1/2023,S:S375F
ZAF/97-Day1/2023,S:S477N
ZAF/97-Day1/2023,S:T19I
ZAF/97-Day1/2023,S:T376A
ZAF/97-Day1/2023,S:T478R
ZAF/97-Day1/2023,S:V213E
ZAF/97-Day1/2023,S:V445P
ZAF/97-Day1/2023,S:V83A
ZAF/97-Day1/2023,S:Y144-
